{
  "database": "pgvector",
  "index_type": "hnsw",
  "timestamp": "20260105_132301",
  "n_runs": 3,
  "results_by_corpus": {
    "baseline": {
      "n_runs": 3,
      "aggregated_metrics": {
        "embedding_time": {
          "mean": 0.31395260492960614,
          "std": 0.021688069335228096,
          "min": 0.2968940734863281,
          "max": 0.3445570468902588,
          "cv": 6.908071152998064
        },
        "p50_latency_ms": {
          "mean": 10.953028996785482,
          "std": 1.1897748078523338,
          "min": 9.285926818847656,
          "max": 11.983871459960938,
          "cv": 10.862518561774204
        },
        "queries_per_second": {
          "mean": 92.95736066774184,
          "std": 14.317032691132312,
          "min": 82.20273244499147,
          "max": 113.19131021454595,
          "cv": 15.401720303038491
        },
        "avg_similarity": {
          "mean": 0.6881673020859459,
          "std": 1.1102230246251565e-16,
          "min": 0.6881673020859458,
          "max": 0.6881673020859458,
          "cv": 1.6133039469615774e-14
        },
        "num_chunks": {
          "mean": 175.0,
          "std": 0.0,
          "min": 175.0,
          "max": 175.0,
          "cv": 0.0
        },
        "avg_latency_ms": {
          "mean": 10.992948214213053,
          "std": 1.528067103906701,
          "min": 8.834600448608398,
          "max": 12.165045738220215,
          "cv": 13.900430295223492
        },
        "ingestion_time": {
          "mean": 0.5060036977132162,
          "std": 0.00046565463177905016,
          "min": 0.5054521560668945,
          "max": 0.5065910816192627,
          "cv": 0.09202593456994175
        },
        "p95_latency_ms": {
          "mean": 14.999945958455404,
          "std": 1.5632238494555168,
          "min": 13.036012649536133,
          "max": 16.8609619140625,
          "cv": 10.421529876074882
        },
        "cpu_avg": {
          "mean": 12.466666666666667,
          "std": 9.106896043963363,
          "min": 0.0,
          "max": 21.5,
          "cv": 73.0499682670858
        },
        "memory_avg_mb": {
          "mean": 11059.802083333334,
          "std": 283.2118785524573,
          "min": 10677.0,
          "max": 11353.234375,
          "cv": 2.56073188668761
        },
        "insertion_time": {
          "mean": 0.12324166297912598,
          "std": 0.005173475683244519,
          "min": 0.11592602729797363,
          "max": 0.12699103355407715,
          "cv": 4.197830147846005
        },
        "avg_top1_similarity": {
          "mean": 0.7316954973735107,
          "std": 0.0,
          "min": 0.7316954973735107,
          "max": 0.7316954973735107,
          "cv": 0.0
        }
      },
      "raw_runs": [
        {
          "ingestion_time": 0.5065910816192627,
          "num_chunks": 175,
          "embedding_time": 0.3445570468902588,
          "insertion_time": 0.11592602729797363,
          "avg_latency_ms": 12.165045738220215,
          "p50_latency_ms": 11.983871459960938,
          "p95_latency_ms": 15.102863311767578,
          "queries_per_second": 82.20273244499147,
          "avg_similarity": 0.6881673020859458,
          "avg_top1_similarity": 0.7316954973735107,
          "cpu_avg": 15.9,
          "memory_avg_mb": 10677.0
        },
        {
          "ingestion_time": 0.5054521560668945,
          "num_chunks": 175,
          "embedding_time": 0.30040669441223145,
          "insertion_time": 0.12699103355407715,
          "avg_latency_ms": 11.979198455810547,
          "p50_latency_ms": 11.589288711547852,
          "p95_latency_ms": 16.8609619140625,
          "queries_per_second": 83.47803934368805,
          "avg_similarity": 0.6881673020859458,
          "avg_top1_similarity": 0.7316954973735107,
          "cpu_avg": 0.0,
          "memory_avg_mb": 11149.171875
        },
        {
          "ingestion_time": 0.5059678554534912,
          "num_chunks": 175,
          "embedding_time": 0.2968940734863281,
          "insertion_time": 0.12680792808532715,
          "avg_latency_ms": 8.834600448608398,
          "p50_latency_ms": 9.285926818847656,
          "p95_latency_ms": 13.036012649536133,
          "queries_per_second": 113.19131021454595,
          "avg_similarity": 0.6881673020859458,
          "avg_top1_similarity": 0.7316954973735107,
          "cpu_avg": 21.5,
          "memory_avg_mb": 11353.234375
        }
      ]
    },
    "1k": {
      "n_runs": 3,
      "aggregated_metrics": {
        "embedding_time": {
          "mean": 14.143298705418905,
          "std": 0.5030290308859238,
          "min": 13.630304098129272,
          "max": 14.826627016067505,
          "cv": 3.5566598808606917
        },
        "p50_latency_ms": {
          "mean": 11.165857315063477,
          "std": 1.0825958928842903,
          "min": 9.698867797851562,
          "max": 12.27879524230957,
          "cv": 9.695591322162045
        },
        "queries_per_second": {
          "mean": 78.31875439381416,
          "std": 14.857587077511223,
          "min": 59.03155299154562,
          "max": 95.18210143398213,
          "cv": 18.970663147682437
        },
        "avg_similarity": {
          "mean": 0.5003335539457303,
          "std": 0.0,
          "min": 0.5003335539457303,
          "max": 0.5003335539457303,
          "cv": 0.0
        },
        "num_chunks": {
          "mean": 5562.0,
          "std": 0.0,
          "min": 5562.0,
          "max": 5562.0,
          "cv": 0.0
        },
        "avg_latency_ms": {
          "mean": 13.277101516723633,
          "std": 2.7013153165786385,
          "min": 10.506176948547363,
          "max": 16.94009304046631,
          "cv": 20.34567042495008
        },
        "ingestion_time": {
          "mean": 17.87341610590617,
          "std": 0.6336959449028733,
          "min": 17.189048051834106,
          "max": 18.7166850566864,
          "cv": 3.5454663011704404
        },
        "p95_latency_ms": {
          "mean": 23.760318756103516,
          "std": 10.540965079124797,
          "min": 15.278816223144531,
          "max": 38.617849349975586,
          "cv": 44.36373597225858
        },
        "cpu_avg": {
          "mean": 10.133333333333333,
          "std": 7.165348716023682,
          "min": 0.0,
          "max": 15.2,
          "cv": 70.71067811865476
        },
        "memory_avg_mb": {
          "mean": 10227.53125,
          "std": 186.7547485347037,
          "min": 10053.734375,
          "max": 10486.65625,
          "cv": 1.8260002728879825
        },
        "insertion_time": {
          "mean": 3.3416717847188315,
          "std": 0.07562648430473119,
          "min": 3.2764930725097656,
          "max": 3.447697162628174,
          "cv": 2.2631332212386743
        },
        "avg_top1_similarity": {
          "mean": 0.528162035344304,
          "std": 0.0,
          "min": 0.528162035344304,
          "max": 0.528162035344304,
          "cv": 0.0
        }
      },
      "raw_runs": [
        {
          "ingestion_time": 18.7166850566864,
          "num_chunks": 5562,
          "embedding_time": 14.826627016067505,
          "insertion_time": 3.447697162628174,
          "avg_latency_ms": 10.506176948547363,
          "p50_latency_ms": 9.698867797851562,
          "p95_latency_ms": 15.278816223144531,
          "queries_per_second": 95.18210143398213,
          "avg_similarity": 0.5003335539457303,
          "avg_top1_similarity": 0.528162035344304,
          "cpu_avg": 0.0,
          "memory_avg_mb": 10142.203125
        },
        {
          "ingestion_time": 17.714515209197998,
          "num_chunks": 5562,
          "embedding_time": 13.972965002059937,
          "insertion_time": 3.3008251190185547,
          "avg_latency_ms": 12.385034561157227,
          "p50_latency_ms": 12.27879524230957,
          "p95_latency_ms": 17.38429069519043,
          "queries_per_second": 80.74260875591473,
          "avg_similarity": 0.5003335539457303,