{
  "database": "chroma",
  "config": {
    "corpus_path": "Data/test_corpus/corpus_sizes/corpus_1k",
    "test_cases_path": "Data/test_corpus/test_cases.json",
    "output_dir": "results/chroma_scaling_n3/corpus_1k/run_2",
    "chroma_config": {
      "persist_directory": "./vector_stores/chroma_db",
      "collection_name": "benchmark_test"
    },
    "embedding_model": "sentence-transformers/all-MiniLM-L6-v2",
    "embedding_type": "sentence-transformers",
    "chunk_size": 512,
    "chunk_overlap": 50,
    "chunk_strategy": "fixed",
    "top_k_values": [
      1,
      3,
      5,
      10,
      20
    ],
    "batch_size": 100
  },
  "timestamp": "2025-12-22 17:29:46",
  "ingestion": {
    "total_time_sec": 46.50247073173523,
    "num_documents": 1,
    "num_chunks": 5562,
    "parsing_time_sec": 0.007174015045166016,
    "embedding_time_sec": 37.130489110946655,
    "insertion_time_sec": 8.926163911819458
  },
  "query_results": [
    {
      "top_k": 1,
      "num_queries": 10,
      "avg_latency_ms": 62.33475208282471,
      "p50_latency_ms": 57.412147521972656,
      "p95_latency_ms": 118.81303787231445,
      "p99_latency_ms": 118.81303787231445,
      "min_latency_ms": 27.983903884887695,
      "max_latency_ms": 118.81303787231445,
      "queries_per_second": 16.042415612262186,
      "avg_similarity": 0.528162032365799,
      "avg_top1_similarity": 0.528162032365799,
      "min_similarity": 0.528162032365799,
      "recall_at_1": 0.0,
      "precision_at_1": 0.0,
      "mrr": 0.0,
      "resource_metrics": {
        "duration": 0.5043790340423584,
        "cpu": {
          "avg": 6.95,
          "max": 13.9,
          "min": 0.0
        },
        "memory": {
          "avg_mb": 16488.3125,
          "max_mb": 16763.0625,
          "min_mb": 16213.5625
        },
        "disk": {
          "read_total_mb": 15.453125,
          "write_total_mb": 1.109375
        },
        "network": {
          "sent_total_mb": 0.0009765625,
          "recv_total_mb": 0.001953125
        }
      }
    },
    {
      "top_k": 3,
      "num_queries": 10,
      "avg_latency_ms": 41.867899894714355,
      "p50_latency_ms": 43.52998733520508,
      "p95_latency_ms": 73.81510734558105,
      "p99_latency_ms": 73.81510734558105,
      "min_latency_ms": 25.376081466674805,
      "max_latency_ms": 73.81510734558105,
      "queries_per_second": 23.884646770311157,
      "avg_similarity": 0.5003336071968079,
      "avg_top1_similarity": 0.528162032365799,
      "min_similarity": 0.47697556018829346,
      "recall_at_3": 0.0,
      "precision_at_3": 0.0,
      "mrr": 0.0,
      "resource_metrics": {
        "duration": 0.0,
        "cpu": {
          "avg": 10.9,
          "max": 10.9,
          "min": 10.9
        },
        "memory": {
          "avg_mb": 16765.15625,
          "max_mb": 16765.15625,
          "min_mb": 16765.15625
        },
        "disk": {
          "read_total_mb": 0.0,
          "write_total_mb": 0.0
        },
        "network": {
          "sent_total_mb": 0.0,
          "recv_total_mb": 0.0
        }
      }
    },
    {
      "top_k": 5,
      "num_queries": 10,
      "avg_latency_ms": 39.933133125305176,
      "p50_latency_ms": 36.13400459289551,
      "p95_latency_ms": 57.267189025878906,
      "p99_latency_ms": 57.267189025878906,
      "min_latency_ms": 26.970863342285156,
      "max_latency_ms": 57.267189025878906,
      "queries_per_second": 25.04186177583725,
      "avg_similarity": 0.4829401016235352,
      "avg_top1_similarity": 0.528162032365799,
      "min_similarity": 0.45248005390167234,
      "recall_at_5": 0.0,
      "precision_at_5": 0.0,
      "mrr": 0.0,
      "resource_metrics": {
        "duration": 0.0,
        "cpu": {
          "avg": 13.5,
          "max": 13.5,
          "min": 13.5
        },
        "memory": {
          "avg_mb": 16769.765625,
          "max_mb": 16769.765625,
          "min_mb": 16769.765625
        },
        "disk": {
          "read_total_mb": 0.0,
          "write_total_mb": 0.0
        },
        "network": {
          "sent_total_mb": 0.0,
          "recv_total_mb": 0.0
        }
      }
    },
    {
      "top_k": 10,
      "num_queries": 10,
      "avg_latency_ms": 33.0219030380249,
      "p50_latency_ms": 37.15372085571289,
      "p95_latency_ms": 49.820899963378906,
      "p99_latency_ms": 49.820899963378906,
      "min_latency_ms": 16.440153121948242,
      "max_latency_ms": 49.820899963378906,
      "queries_per_second": 30.28293066115828,
      "avg_similarity": 0.45815172731876375,
      "avg_top1_similarity": 0.528162032365799,
      "min_similarity": 0.42196527123451233,
      "recall_at_10": 0.0,
      "precision_at_10": 0.0,
      "mrr": 0.0,
      "resource_metrics": {
        "duration": 0.0,
        "cpu": {
          "avg": 15.0,
          "max": 15.0,
          "min": 15.0
        },
        "memory": {
          "avg_mb": 16787.796875,
          "max_mb": 16787.796875,
          "min_mb": 16787.796875
        },
        "disk": {
          "read_total_mb": 0.0625,
          "write_total_mb": 0.0
        },
        "network": {
          "sent_total_mb": 0.0,
          "recv_total_mb": 0.0
        }
      }
    },
    {
      "top_k": 20,
      "num_queries": 10,
      "avg_latency_ms": 43.82643699645996,
      "p50_latency_ms": 47.42312431335449,
      "p95_latency_ms": 68.37892532348633,
      "p99_latency_ms": 68.37892532348633,
      "min_latency_ms": 14.110088348388672,
      "max_latency_ms": 68.37892532348633,
      "queries_per_second": 22.817278075349225,
      "avg_similarity": 0.42762157887220387,
      "avg_top1_similarity": 0.528162032365799,
      "min_similarity": 0.3825069725513458,
      "recall_at_20": 0.0,
      "precision_at_20": 0.0,
      "mrr": 0.0,
      "resource_metrics": {
        "duration": 0.0,
        "cpu": {
          "avg": 12.0,
          "max": 12.0,
          "min": 12.0
        },
        "memory": {
          "avg_mb": 16784.609375,
          "max_mb": 16784.609375,
          "min_mb": 16784.609375
        },
        "disk": {
          "read_total_mb": 0.0,
          "write_total_mb": 0.0
        },
        "network": {
          "sent_total_mb": 0.0,
          "recv_total_mb": 0.0
        }
      }
    }
  ]
}