{
  "database": "opensearch",
  "config": {
    "corpus_path": "Data/test_corpus/corpus_sizes/corpus_10k",
    "test_cases_path": "Data/test_corpus/test_cases.json",
    "output_dir": "results/opensearch_scaling_n10/corpus_10k/run_4",
    "opensearch_config": {
      "host": "localhost",
      "port": 9200,
      "index_name": "benchmark_test"
    },
    "embedding_model": "sentence-transformers/all-MiniLM-L6-v2",
    "embedding_type": "sentence-transformers",
    "chunk_size": 512,
    "chunk_overlap": 50,
    "chunk_strategy": "fixed",
    "top_k_values": [
      1,
      3,
      5,
      10,
      20
    ],
    "batch_size": 100
  },
  "timestamp": "2026-01-10 07:32:40",
  "ingestion": {
    "total_time_sec": 248.86978697776794,
    "num_documents": 1,
    "num_chunks": 69903,
    "parsing_time_sec": 0.16980910301208496,
    "embedding_time_sec": 169.43676209449768,
    "insertion_time_sec": 78.39687585830688
  },
  "query_results": [
    {
      "top_k": 1,
      "num_queries": 10,
      "avg_latency_ms": 60.863614082336426,
      "p50_latency_ms": 40.863990783691406,
      "p95_latency_ms": 302.80184745788574,
      "p99_latency_ms": 302.80184745788574,
      "min_latency_ms": 15.014171600341797,
      "max_latency_ms": 302.80184745788574,
      "queries_per_second": 16.430177784828846,
      "avg_similarity": 0.5972839416807366,
      "avg_top1_similarity": 0.5972839416807366,
      "min_similarity": 0.5972839416807366,
      "recall_at_1": 0.0,
      "precision_at_1": 0.0,
      "mrr": 0.0,
      "resource_metrics": {
        "duration": 0.5020339488983154,
        "cpu": {
          "avg": 10.2,
          "max": 20.4,
          "min": 0.0
        },
        "memory": {
          "avg_mb": 8787.7890625,
          "max_mb": 9421.3125,
          "min_mb": 8154.265625
        },
        "disk": {
          "read_total_mb": 6.58984375,
          "write_total_mb": 0.0
        },
        "network": {
          "sent_total_mb": 0.0556640625,
          "recv_total_mb": 0.056640625
        }
      }
    },
    {
      "top_k": 3,
      "num_queries": 10,
      "avg_latency_ms": 15.081143379211426,
      "p50_latency_ms": 14.095783233642578,
      "p95_latency_ms": 21.478891372680664,
      "p99_latency_ms": 21.478891372680664,
      "min_latency_ms": 12.241840362548828,
      "max_latency_ms": 21.478891372680664,
      "queries_per_second": 66.30796981735803,
      "avg_similarity": 0.5706728865666808,
      "avg_top1_similarity": 0.5972839416807366,
      "min_similarity": 0.5505419497576528,
      "recall_at_3": 0.0,
      "precision_at_3": 0.0,
      "mrr": 0.0,
      "resource_metrics": {
        "duration": 0.0,
        "cpu": {
          "avg": 12.1,
          "max": 12.1,
          "min": 12.1
        },
        "memory": {
          "avg_mb": 9529.296875,
          "max_mb": 9529.296875,
          "min_mb": 9529.296875
        },
        "disk": {
          "read_total_mb": 0.0,
          "write_total_mb": 0.0
        },
        "network": {
          "sent_total_mb": 0.0,
          "recv_total_mb": 0.0
        }
      }
    },
    {
      "top_k": 5,
      "num_queries": 10,
      "avg_latency_ms": 16.274619102478027,
      "p50_latency_ms": 16.910791397094727,
      "p95_latency_ms": 23.848295211791992,
      "p99_latency_ms": 23.848295211791992,
      "min_latency_ms": 12.84480094909668,
      "max_latency_ms": 23.848295211791992,
      "queries_per_second": 61.44537046939161,
      "avg_similarity": 0.5560519406742831,
      "avg_top1_similarity": 0.5972839416807366,
      "min_similarity": 0.5299822483351335,
      "recall_at_5": 0.0,
      "precision_at_5": 0.0,
      "mrr": 0.0,
      "resource_metrics": {
        "duration": 0.0,
        "cpu": {
          "avg": 14.1,
          "max": 14.1,
          "min": 14.1
        },
        "memory": {
          "avg_mb": 9564.921875,
          "max_mb": 9564.921875,
          "min_mb": 9564.921875
        },
        "disk": {
          "read_total_mb": 0.0,
          "write_total_mb": 0.0
        },
        "network": {
          "sent_total_mb": 0.0,
          "recv_total_mb": 0.0
        }
      }
    },
    {
      "top_k": 10,
      "num_queries": 10,
      "avg_latency_ms": 17.02277660369873,
      "p50_latency_ms": 16.441822052001953,
      "p95_latency_ms": 24.138927459716797,
      "p99_latency_ms": 24.138927459716797,
      "min_latency_ms": 14.806985855102539,
      "max_latency_ms": 24.138927459716797,
      "queries_per_second": 58.744823085014154,
      "avg_similarity": 0.53193146756994,
      "avg_top1_similarity": 0.5972839416807366,
      "min_similarity": 0.495618100346762,
      "recall_at_10": 0.0,
      "precision_at_10": 0.0,
      "mrr": 0.0,
      "resource_metrics": {
        "duration": 0.0,
        "cpu": {
          "avg": 15.1,
          "max": 15.1,
          "min": 15.1
        },
        "memory": {
          "avg_mb": 9471.265625,
          "max_mb": 9471.265625,
          "min_mb": 9471.265625
        },
        "disk": {
          "read_total_mb": 0.0,
          "write_total_mb": 0.0
        },
        "network": {
          "sent_total_mb": 0.0,
          "recv_total_mb": 0.0
        }
      }
    },
    {
      "top_k": 20,
      "num_queries": 10,
      "avg_latency_ms": 21.683502197265625,
      "p50_latency_ms": 20.797014236450195,
      "p95_latency_ms": 32.71889686584473,
      "p99_latency_ms": 32.71889686584473,
      "min_latency_ms": 18.774032592773438,
      "max_latency_ms": 32.71889686584473,
      "queries_per_second": 46.118011329650614,
      "avg_similarity": 0.5037875649668875,
      "avg_top1_similarity": 0.5972839416807366,
      "min_similarity": 0.4634092017181498,
      "recall_at_20": 0.0,
      "precision_at_20": 0.0,
      "mrr": 0.0,
      "resource_metrics": {
        "duration": 0.0,
        "cpu": {
          "avg": 14.9,
          "max": 14.9,
          "min": 14.9
        },
        "memory": {
          "avg_mb": 9490.265625,
          "max_mb": 9490.265625,
          "min_mb": 9490.265625
        },
        "disk": {
          "read_total_mb": 0.0,
          "write_total_mb": 0.0
        },
        "network": {
          "sent_total_mb": 0.0,
          "recv_total_mb": 0.0
        }
      }
    }
  ]
}