{
  "database": "pgvector",
  "config": {
    "corpus_path": "Data/test_corpus/corpus_sizes/corpus_50k",
    "test_cases_path": "Data/test_corpus/test_cases.json",
    "output_dir": "results/pgvector_scaling_n10/corpus_50k/run_10",
    "pgvector_config": {
      "host": "localhost",
      "port": 5433,
      "database": "vectordb",
      "user": "postgres",
      "password": "postgres",
      "table_name": "benchmark_test",
      "index_type": "ivfflat"
    },
    "embedding_model": "sentence-transformers/all-MiniLM-L6-v2",
    "embedding_type": "sentence-transformers",
    "chunk_size": 512,
    "chunk_overlap": 50,
    "chunk_strategy": "fixed",
    "top_k_values": [
      1,
      3,
      5,
      10,
      20
    ],
    "batch_size": 100
  },
  "timestamp": "2026-01-10 10:26:14",
  "ingestion": {
    "total_time_sec": 986.5126979351044,
    "num_documents": 1,
    "num_chunks": 345046,
    "parsing_time_sec": 0.6126408576965332,
    "embedding_time_sec": 809.2377419471741,
    "insertion_time_sec": 172.54439091682434
  },
  "query_results": [
    {
      "top_k": 1,
      "num_queries": 10,
      "avg_latency_ms": 84.40697193145752,
      "p50_latency_ms": 49.4542121887207,
      "p95_latency_ms": 440.9341812133789,
      "p99_latency_ms": 440.9341812133789,
      "min_latency_ms": 21.685361862182617,
      "max_latency_ms": 440.9341812133789,
      "queries_per_second": 11.84736257109244,
      "avg_similarity": 0.6593860990646386,
      "avg_top1_similarity": 0.6593860990646386,
      "min_similarity": 0.6593860990646386,
      "recall_at_1": 0.0,
      "precision_at_1": 0.0,
      "mrr": 0.0,
      "resource_metrics": {
        "duration": 0.5029377937316895,
        "cpu": {
          "avg": 14.55,
          "max": 16.3,
          "min": 12.8
        },
        "memory": {
          "avg_mb": 9487.046875,
          "max_mb": 10101.421875,
          "min_mb": 8872.671875
        },
        "disk": {
          "read_total_mb": 211.26171875,
          "write_total_mb": 134.98828125
        },
        "network": {
          "sent_total_mb": 0.01953125,
          "recv_total_mb": 0.021484375
        }
      }
    },
    {
      "top_k": 3,
      "num_queries": 10,
      "avg_latency_ms": 24.752497673034668,
      "p50_latency_ms": 24.765968322753906,
      "p95_latency_ms": 29.38699722290039,
      "p99_latency_ms": 29.38699722290039,
      "min_latency_ms": 20.528316497802734,
      "max_latency_ms": 29.38699722290039,
      "queries_per_second": 40.3999633980129,
      "avg_similarity": 0.6349812019794667,
      "avg_top1_similarity": 0.6593860990646386,
      "min_similarity": 0.6146751942639985,
      "recall_at_3": 0.0,
      "precision_at_3": 0.0,
      "mrr": 0.0,
      "resource_metrics": {
        "duration": 0.0,
        "cpu": {
          "avg": 16.5,
          "max": 16.5,
          "min": 16.5
        },
        "memory": {
          "avg_mb": 10220.1875,
          "max_mb": 10220.1875,
          "min_mb": 10220.1875
        },
        "disk": {
          "read_total_mb": 0.0,
          "write_total_mb": 0.0
        },
        "network": {
          "sent_total_mb": 0.0,
          "recv_total_mb": 0.0
        }
      }
    },
    {
      "top_k": 5,
      "num_queries": 10,
      "avg_latency_ms": 25.399422645568848,
      "p50_latency_ms": 26.427030563354492,
      "p95_latency_ms": 33.34188461303711,
      "p99_latency_ms": 33.34188461303711,
      "min_latency_ms": 18.95308494567871,
      "max_latency_ms": 33.34188461303711,
      "queries_per_second": 39.37097366165757,
      "avg_similarity": 0.6200276200788112,
      "avg_top1_similarity": 0.6593860990646386,
      "min_similarity": 0.5949796390636034,
      "recall_at_5": 0.0,
      "precision_at_5": 0.0,
      "mrr": 0.0,
      "resource_metrics": {
        "duration": 0.0,
        "cpu": {
          "avg": 12.3,
          "max": 12.3,
          "min": 12.3
        },
        "memory": {
          "avg_mb": 10242.5625,
          "max_mb": 10242.5625,
          "min_mb": 10242.5625
        },
        "disk": {
          "read_total_mb": 0.0,
          "write_total_mb": 0.0
        },
        "network": {
          "sent_total_mb": 0.0,
          "recv_total_mb": 0.0
        }
      }
    },
    {
      "top_k": 10,
      "num_queries": 10,
      "avg_latency_ms": 26.704955101013184,
      "p50_latency_ms": 26.309967041015625,
      "p95_latency_ms": 31.72135353088379,
      "p99_latency_ms": 31.72135353088379,
      "min_latency_ms": 22.233963012695312,
      "max_latency_ms": 31.72135353088379,
      "queries_per_second": 37.446234087173586,
      "avg_similarity": 0.597649512581519,
      "avg_top1_similarity": 0.6593860990646386,
      "min_similarity": 0.5652007396538729,
      "recall_at_10": 0.0,
      "precision_at_10": 0.0,
      "mrr": 0.0,
      "resource_metrics": {
        "duration": 0.0,
        "cpu": {
          "avg": 14.7,
          "max": 14.7,
          "min": 14.7
        },
        "memory": {
          "avg_mb": 10270.203125,
          "max_mb": 10270.203125,
          "min_mb": 10270.203125
        },
        "disk": {
          "read_total_mb": 0.0,
          "write_total_mb": 0.0
        },
        "network": {
          "sent_total_mb": 0.0,
          "recv_total_mb": 0.0
        }
      }
    },
    {
      "top_k": 20,
      "num_queries": 10,
      "avg_latency_ms": 26.197028160095215,
      "p50_latency_ms": 25.503158569335938,
      "p95_latency_ms": 33.8282585144043,
      "p99_latency_ms": 33.8282585144043,
      "min_latency_ms": 22.639036178588867,
      "max_latency_ms": 33.8282585144043,
      "queries_per_second": 38.172268773725115,
      "avg_similarity": 0.5687540144325389,
      "avg_top1_similarity": 0.6593860990646386,
      "min_similarity": 0.5250346661580025,
      "recall_at_20": 0.0,
      "precision_at_20": 0.0,
      "mrr": 0.0,
      "resource_metrics": {
        "duration": 0.0,
        "cpu": {
          "avg": 14.2,
          "max": 14.2,
          "min": 14.2
        },
        "memory": {
          "avg_mb": 10211.0625,
          "max_mb": 10211.0625,
          "min_mb": 10211.0625
        },
        "disk": {
          "read_total_mb": 0.0,
          "write_total_mb": 0.0
        },
        "network": {
          "sent_total_mb": 0.0,
          "recv_total_mb": 0.0
        }
      }
    }
  ]
}