{
  "database": "faiss",
  "config": {
    "corpus_path": "Data/test_corpus/corpus_sizes/corpus_full",
    "test_cases_path": "Data/test_corpus/test_cases.json",
    "output_dir": "results/faiss_scaling_n3/corpus_full/run_3",
    "faiss_config": {
      "index_path": "./vector_stores/faiss_index.index",
      "index_type": "Flat"
    },
    "embedding_model": "sentence-transformers/all-MiniLM-L6-v2",
    "embedding_type": "sentence-transformers",
    "chunk_size": 512,
    "chunk_overlap": 50,
    "chunk_strategy": "fixed",
    "top_k_values": [
      1,
      3,
      5,
      10,
      20
    ],
    "batch_size": 100
  },
  "timestamp": "2025-12-23 01:18:46",
  "ingestion": {
    "total_time_sec": 5131.297163009644,
    "num_documents": 1,
    "num_chunks": 2249072,
    "parsing_time_sec": 3.119720935821533,
    "embedding_time_sec": 5113.598545074463,
    "insertion_time_sec": 4.765710115432739
  },
  "query_results": [
    {
      "top_k": 1,
      "num_queries": 10,
      "avg_latency_ms": 318.5742378234863,
      "p50_latency_ms": 77.6059627532959,
      "p95_latency_ms": 2522.916316986084,
      "p99_latency_ms": 2522.916316986084,
      "min_latency_ms": 57.01804161071777,
      "max_latency_ms": 2522.916316986084,
      "queries_per_second": 3.1389857724593346,
      "avg_similarity": 0.6081104759530154,
      "avg_top1_similarity": 0.6081104759530154,
      "min_similarity": 0.6081104759530154,
      "recall_at_1": 0.0,
      "precision_at_1": 0.0,
      "mrr": 0.0,
      "resource_metrics": {
        "duration": 3.0392260551452637,
        "cpu": {
          "avg": 9.342857142857143,
          "max": 16.6,
          "min": 0.0
        },
        "memory": {
          "avg_mb": 9117.08705357143,
          "max_mb": 10439.953125,
          "min_mb": 7974.53125
        },
        "disk": {
          "read_total_mb": 728.6640625,
          "write_total_mb": 5.02734375
        },
        "network": {
          "sent_total_mb": 0.015625,
          "recv_total_mb": 0.015625
        }
      }
    },
    {
      "top_k": 3,
      "num_queries": 10,
      "avg_latency_ms": 59.36012268066406,
      "p50_latency_ms": 56.89287185668945,
      "p95_latency_ms": 76.49898529052734,
      "p99_latency_ms": 76.49898529052734,
      "min_latency_ms": 55.750131607055664,
      "max_latency_ms": 76.49898529052734,
      "queries_per_second": 16.846326369297405,
      "avg_similarity": 0.5970919434566881,
      "avg_top1_similarity": 0.6081104759530154,
      "min_similarity": 0.5869038129129002,
      "recall_at_3": 0.0,
      "precision_at_3": 0.0,
      "mrr": 0.0,
      "resource_metrics": {
        "duration": 0.510385274887085,
        "cpu": {
          "avg": 11.6,
          "max": 13.7,
          "min": 9.5
        },
        "memory": {
          "avg_mb": 10435.1328125,
          "max_mb": 10439.546875,
          "min_mb": 10430.71875
        },
        "disk": {
          "read_total_mb": 3.26171875,
          "write_total_mb": 0.453125
        },
        "network": {
          "sent_total_mb": 0.0,
          "recv_total_mb": 0.0
        }
      }
    },
    {
      "top_k": 5,
      "num_queries": 10,
      "avg_latency_ms": 57.56340026855469,
      "p50_latency_ms": 56.715965270996094,
      "p95_latency_ms": 66.75529479980469,
      "p99_latency_ms": 66.75529479980469,
      "min_latency_ms": 55.56201934814453,
      "max_latency_ms": 66.75529479980469,
      "queries_per_second": 17.372149583496245,
      "avg_similarity": 0.589569724902797,
      "avg_top1_similarity": 0.6081104759530154,
      "min_similarity": 0.5767552424979981,
      "recall_at_5": 0.0,
      "precision_at_5": 0.0,
      "mrr": 0.0,
      "resource_metrics": {
        "duration": 0.5107431411743164,
        "cpu": {
          "avg": 10.0,
          "max": 12.9,
          "min": 7.1
        },
        "memory": {
          "avg_mb": 10423.9375,
          "max_mb": 10424.015625,
          "min_mb": 10423.859375
        },
        "disk": {
          "read_total_mb": 3.3515625,
          "write_total_mb": 0.0
        },
        "network": {
          "sent_total_mb": 0.0,
          "recv_total_mb": 0.0
        }
      }
    },
    {
      "top_k": 10,
      "num_queries": 10,
      "avg_latency_ms": 58.109140396118164,
      "p50_latency_ms": 56.35380744934082,
      "p95_latency_ms": 75.42181015014648,
      "p99_latency_ms": 75.42181015014648,
      "min_latency_ms": 55.639028549194336,
      "max_latency_ms": 75.42181015014648,
      "queries_per_second": 17.20899660850606,
      "avg_similarity": 0.5771787789131821,
      "avg_top1_similarity": 0.6081104759530154,
      "min_similarity": 0.5588513399533241,
      "recall_at_10": 0.0,
      "precision_at_10": 0.0,
      "mrr": 0.0,
      "resource_metrics": {
        "duration": 0.5107319355010986,
        "cpu": {
          "avg": 8.15,
          "max": 11.9,
          "min": 4.4
        },
        "memory": {
          "avg_mb": 10421.1171875,
          "max_mb": 10426.484375,
          "min_mb": 10415.75
        },
        "disk": {
          "read_total_mb": 2.4375,
          "write_total_mb": 0.015625
        },
        "network": {
          "sent_total_mb": 0.0009765625,
          "recv_total_mb": 0.0
        }
      }
    },
    {
      "top_k": 20,
      "num_queries": 10,
      "avg_latency_ms": 58.25166702270508,
      "p50_latency_ms": 56.85877799987793,
      "p95_latency_ms": 71.85602188110352,
      "p99_latency_ms": 71.85602188110352,
      "min_latency_ms": 56.1518669128418,
      "max_latency_ms": 71.85602188110352,
      "queries_per_second": 17.16689068503781,
      "avg_similarity": 0.5616581162708834,
      "avg_top1_similarity": 0.6081104759530154,
      "min_similarity": 0.5375578751597476,
      "recall_at_20": 0.0,
      "precision_at_20": 0.0,
      "mrr": 0.0,
      "resource_metrics": {
        "duration": 0.510775089263916,
        "cpu": {
          "avg": 9.399999999999999,
          "max": 14.2,
          "min": 4.6
        },
        "memory": {
          "avg_mb": 10405.0859375,
          "max_mb": 10408.34375,
          "min_mb": 10401.828125
        },
        "disk": {
          "read_total_mb": 10.6875,
          "write_total_mb": 0.06640625
        },
        "network": {
          "sent_total_mb": 0.0,
          "recv_total_mb": 0.0
        }
      }
    }
  ]
}