{
  "database": "faiss",
  "config": {
    "corpus_path": "Data/test_corpus/corpus_sizes/corpus_50k",
    "test_cases_path": "Data/test_corpus/test_cases.json",
    "output_dir": "results/faiss_scaling_experiment/corpus_50k",
    "faiss_config": {
      "index_path": "./vector_stores/faiss_index.index",
      "index_type": "Flat"
    },
    "embedding_model": "sentence-transformers/all-MiniLM-L6-v2",
    "embedding_type": "sentence-transformers",
    "chunk_size": 512,
    "chunk_overlap": 50,
    "chunk_strategy": "fixed",
    "top_k_values": [
      1,
      3,
      5,
      10,
      20
    ],
    "batch_size": 100
  },
  "timestamp": "2025-12-16 09:18:29",
  "ingestion": {
    "total_time_sec": 882.601010799408,
    "num_documents": 1,
    "num_chunks": 345046,
    "parsing_time_sec": 0.6447243690490723,
    "embedding_time_sec": 881.3727679252625,
    "insertion_time_sec": 0.2993950843811035
  },
  "query_results": [
    {
      "top_k": 1,
      "num_queries": 10,
      "avg_latency_ms": 38.87026309967041,
      "p50_latency_ms": 35.17794609069824,
      "p95_latency_ms": 126.76882743835449,
      "p99_latency_ms": 126.76882743835449,
      "min_latency_ms": 15.669822692871094,
      "max_latency_ms": 126.76882743835449,
      "queries_per_second": 25.72660744373709,
      "avg_similarity": 0.5984924522751894,
      "avg_top1_similarity": 0.5984924522751894,
      "min_similarity": 0.5984924522751894,
      "recall_at_1": 0.0,
      "precision_at_1": 0.0,
      "mrr": 0.0,
      "resource_metrics": {
        "duration": 0.0,
        "cpu": {
          "avg": 0.0,
          "max": 0.0,
          "min": 0.0
        },
        "memory": {
          "avg_mb": 9823.671875,
          "max_mb": 9823.671875,
          "min_mb": 9823.671875
        },
        "disk": {
          "read_total_mb": 0.0,
          "write_total_mb": 0.0
        },
        "network": {
          "sent_total_mb": 0.0,
          "recv_total_mb": 0.0
        }
      }
    },
    {
      "top_k": 3,
      "num_queries": 10,
      "avg_latency_ms": 17.943859100341797,
      "p50_latency_ms": 17.910003662109375,
      "p95_latency_ms": 21.285057067871094,
      "p99_latency_ms": 21.285057067871094,
      "min_latency_ms": 15.369892120361328,
      "max_latency_ms": 21.285057067871094,
      "queries_per_second": 55.72937206026946,
      "avg_similarity": 0.5826153732997978,
      "avg_top1_similarity": 0.5984924522751894,
      "min_similarity": 0.5683679396628638,
      "recall_at_3": 0.0,
      "precision_at_3": 0.0,
      "mrr": 0.0,
      "resource_metrics": {
        "duration": 0.0,
        "cpu": {
          "avg": 22.0,
          "max": 22.0,
          "min": 22.0
        },
        "memory": {
          "avg_mb": 10459.28125,
          "max_mb": 10459.28125,
          "min_mb": 10459.28125
        },
        "disk": {
          "read_total_mb": 0.0,
          "write_total_mb": 0.0
        },
        "network": {
          "sent_total_mb": 0.0,
          "recv_total_mb": 0.0
        }
      }
    },
    {
      "top_k": 5,
      "num_queries": 10,
      "avg_latency_ms": 18.635892868041992,
      "p50_latency_ms": 18.629074096679688,
      "p95_latency_ms": 26.388883590698242,
      "p99_latency_ms": 26.388883590698242,
      "min_latency_ms": 15.510082244873047,
      "max_latency_ms": 26.388883590698242,
      "queries_per_second": 53.65989207390558,
      "avg_similarity": 0.5723111263747227,
      "avg_top1_similarity": 0.5984924522751894,
      "min_similarity": 0.5546112070249468,
      "recall_at_5": 0.0,
      "precision_at_5": 0.0,
      "mrr": 0.0,
      "resource_metrics": {
        "duration": 0.0,
        "cpu": {
          "avg": 19.6,
          "max": 19.6,
          "min": 19.6
        },
        "memory": {
          "avg_mb": 10526.421875,
          "max_mb": 10526.421875,
          "min_mb": 10526.421875
        },
        "disk": {
          "read_total_mb": 0.0,
          "write_total_mb": 0.0
        },
        "network": {
          "sent_total_mb": 0.0,
          "recv_total_mb": 0.0009765625
        }
      }
    },
    {
      "top_k": 10,
      "num_queries": 10,
      "avg_latency_ms": 19.21248435974121,
      "p50_latency_ms": 14.416933059692383,
      "p95_latency_ms": 58.34388732910156,
      "p99_latency_ms": 58.34388732910156,
      "min_latency_ms": 13.318061828613281,
      "max_latency_ms": 58.34388732910156,
      "queries_per_second": 52.0494893463882,
      "avg_similarity": 0.5574337662703974,
      "avg_top1_similarity": 0.5984924522751894,
      "min_similarity": 0.5363287070380626,
      "recall_at_10": 0.0,
      "precision_at_10": 0.0,
      "mrr": 0.0,
      "resource_metrics": {
        "duration": 0.0,
        "cpu": {
          "avg": 20.6,
          "max": 20.6,
          "min": 20.6
        },
        "memory": {
          "avg_mb": 10244.296875,
          "max_mb": 10244.296875,
          "min_mb": 10244.296875
        },
        "disk": {
          "read_total_mb": 0.0,
          "write_total_mb": 0.0
        },
        "network": {
          "sent_total_mb": 0.0,
          "recv_total_mb": 0.0
        }
      }
    },
    {
      "top_k": 20,
      "num_queries": 10,
      "avg_latency_ms": 18.389129638671875,
      "p50_latency_ms": 16.548871994018555,
      "p95_latency_ms": 28.537273406982422,
      "p99_latency_ms": 28.537273406982422,
      "min_latency_ms": 15.001773834228516,
      "max_latency_ms": 28.537273406982422,
      "queries_per_second": 54.37995270298303,
      "avg_similarity": 0.5397185943310087,
      "avg_top1_similarity": 0.5984924522751894,
      "min_similarity": 0.5143914249250633,
      "recall_at_20": 0.0,
      "precision_at_20": 0.0,
      "mrr": 0.0,
      "resource_metrics": {
        "duration": 0.0,
        "cpu": {
          "avg": 20.4,
          "max": 20.4,
          "min": 20.4
        },
        "memory": {
          "avg_mb": 10315.59375,
          "max_mb": 10315.59375,
          "min_mb": 10315.59375
        },
        "disk": {
          "read_total_mb": 0.0,
          "write_total_mb": 0.0
        },
        "network": {
          "sent_total_mb": 0.0,
          "recv_total_mb": 0.0
        }
      }
    }
  ]
}