{
  "database": "faiss",
  "config": {
    "corpus_path": "Data/test_corpus/corpus_sizes/corpus_1k",
    "test_cases_path": "Data/test_corpus/test_cases.json",
    "output_dir": "results/faiss_scaling_test/corpus_1k",
    "faiss_config": {
      "index_path": "./vector_stores/faiss_index.index",
      "index_type": "Flat"
    },
    "embedding_model": "sentence-transformers/all-MiniLM-L6-v2",
    "embedding_type": "sentence-transformers",
    "chunk_size": 512,
    "chunk_overlap": 50,
    "chunk_strategy": "fixed",
    "top_k_values": [
      1,
      3,
      5,
      10,
      20
    ],
    "batch_size": 100
  },
  "timestamp": "2025-12-15 17:45:03",
  "ingestion": {
    "total_time_sec": 15.153387069702148,
    "num_documents": 1,
    "num_chunks": 5562,
    "parsing_time_sec": 0.006867885589599609,
    "embedding_time_sec": 14.98804497718811,
    "insertion_time_sec": 0.002396106719970703
  },
  "query_results": [
    {
      "top_k": 1,
      "num_queries": 10,
      "avg_latency_ms": 19.62277889251709,
      "p50_latency_ms": 20.454883575439453,
      "p95_latency_ms": 58.42781066894531,
      "p99_latency_ms": 58.42781066894531,
      "min_latency_ms": 3.9031505584716797,
      "max_latency_ms": 58.42781066894531,
      "queries_per_second": 50.961181669398414,
      "avg_similarity": 0.5210750799192773,
      "avg_top1_similarity": 0.5210750799192773,
      "min_similarity": 0.5210750799192773,
      "recall_at_1": 0.0,
      "precision_at_1": 0.0,
      "mrr": 0.0,
      "resource_metrics": {
        "duration": 0.0,
        "cpu": {
          "avg": 0.0,
          "max": 0.0,
          "min": 0.0
        },
        "memory": {
          "avg_mb": 10331.53125,
          "max_mb": 10331.53125,
          "min_mb": 10331.53125
        },
        "disk": {
          "read_total_mb": 0.0,
          "write_total_mb": 0.0
        },
        "network": {
          "sent_total_mb": 0.0,
          "recv_total_mb": 0.0
        }
      }
    },
    {
      "top_k": 3,
      "num_queries": 10,
      "avg_latency_ms": 8.5798978805542,
      "p50_latency_ms": 8.029937744140625,
      "p95_latency_ms": 13.387918472290039,
      "p99_latency_ms": 13.387918472290039,
      "min_latency_ms": 6.98089599609375,
      "max_latency_ms": 13.387918472290039,
      "queries_per_second": 116.55150374999653,
      "avg_similarity": 0.5059781398986011,
      "avg_top1_similarity": 0.5210750799192773,
      "min_similarity": 0.493759919746614,
      "recall_at_3": 0.0,
      "precision_at_3": 0.0,
      "mrr": 0.0,
      "resource_metrics": {
        "duration": 0.0,
        "cpu": {
          "avg": 11.0,
          "max": 11.0,
          "min": 11.0
        },
        "memory": {
          "avg_mb": 10532.953125,
          "max_mb": 10532.953125,
          "min_mb": 10532.953125
        },
        "disk": {
          "read_total_mb": 0.0,
          "write_total_mb": 0.0
        },
        "network": {
          "sent_total_mb": 0.0,
          "recv_total_mb": 0.0
        }
      }
    },
    {
      "top_k": 5,
      "num_queries": 10,
      "avg_latency_ms": 9.30628776550293,
      "p50_latency_ms": 8.85772705078125,
      "p95_latency_ms": 13.595819473266602,
      "p99_latency_ms": 13.595819473266602,
      "min_latency_ms": 7.170915603637695,
      "max_latency_ms": 13.595819473266602,
      "queries_per_second": 107.45423150430145,
      "avg_similarity": 0.49715507483102944,
      "avg_top1_similarity": 0.5210750799192773,
      "min_similarity": 0.4819666974851036,
      "recall_at_5": 0.0,
      "precision_at_5": 0.0,
      "mrr": 0.0,
      "resource_metrics": {
        "duration": 0.0,
        "cpu": {
          "avg": 8.7,
          "max": 8.7,
          "min": 8.7
        },
        "memory": {
          "avg_mb": 10233.140625,
          "max_mb": 10233.140625,
          "min_mb": 10233.140625
        },
        "disk": {
          "read_total_mb": 0.0,
          "write_total_mb": 0.0
        },
        "network": {
          "sent_total_mb": 0.0,
          "recv_total_mb": 0.0
        }
      }
    },
    {
      "top_k": 10,
      "num_queries": 10,
      "avg_latency_ms": 8.389711380004883,
      "p50_latency_ms": 7.463932037353516,
      "p95_latency_ms": 14.522790908813477,
      "p99_latency_ms": 14.522790908813477,
      "min_latency_ms": 6.699085235595703,
      "max_latency_ms": 14.522790908813477,
      "queries_per_second": 119.19361164000114,
      "avg_similarity": 0.4847373656715314,
      "avg_top1_similarity": 0.5210750799192773,
      "min_similarity": 0.46673530390332774,
      "recall_at_10": 0.0,
      "precision_at_10": 0.0,
      "mrr": 0.0,
      "resource_metrics": {
        "duration": 0.0,
        "cpu": {
          "avg": 11.8,
          "max": 11.8,
          "min": 11.8
        },
        "memory": {
          "avg_mb": 10152.21875,
          "max_mb": 10152.21875,
          "min_mb": 10152.21875
        },
        "disk": {
          "read_total_mb": 0.0,
          "write_total_mb": 0.0
        },
        "network": {
          "sent_total_mb": 0.0,
          "recv_total_mb": 0.0
        }
      }
    },
    {
      "top_k": 20,
      "num_queries": 10,
      "avg_latency_ms": 8.913207054138184,
      "p50_latency_ms": 8.314847946166992,
      "p95_latency_ms": 13.707637786865234,
      "p99_latency_ms": 13.707637786865234,
      "min_latency_ms": 7.271766662597656,
      "max_latency_ms": 13.707637786865234,
      "queries_per_second": 112.19306293751187,
      "avg_similarity": 0.4701479685882138,
      "avg_top1_similarity": 0.5210750799192773,
      "min_similarity": 0.44928775157628353,
      "recall_at_20": 0.0,
      "precision_at_20": 0.0,
      "mrr": 0.0,
      "resource_metrics": {
        "duration": 0.0,
        "cpu": {
          "avg": 10.3,
          "max": 10.3,
          "min": 10.3
        },
        "memory": {
          "avg_mb": 10016.3125,
          "max_mb": 10016.3125,
          "min_mb": 10016.3125
        },
        "disk": {
          "read_total_mb": 0.0,
          "write_total_mb": 0.0
        },
        "network": {
          "sent_total_mb": 0.0,
          "recv_total_mb": 0.0
        }
      }
    }
  ]
}