{
  "database": "weaviate",
  "config": {
    "corpus_path": "Data/test_corpus/corpus_sizes/corpus_1k",
    "test_cases_path": "Data/test_corpus/test_cases.json",
    "output_dir": "results/weaviate_scaling_n10/corpus_1k/run_6",
    "weaviate_config": {
      "host": "localhost",
      "port": 8082,
      "class_name": "BenchmarkTest"
    },
    "embedding_model": "sentence-transformers/all-MiniLM-L6-v2",
    "embedding_type": "sentence-transformers",
    "chunk_size": 512,
    "chunk_overlap": 50,
    "chunk_strategy": "fixed",
    "top_k_values": [
      1,
      3,
      5,
      10,
      20
    ],
    "batch_size": 100
  },
  "timestamp": "2026-01-10 03:27:25",
  "ingestion": {
    "total_time_sec": 16.26668095588684,
    "num_documents": 1,
    "num_chunks": 5562,
    "parsing_time_sec": 0.09659218788146973,
    "embedding_time_sec": 13.673436880111694,
    "insertion_time_sec": 2.2896568775177
  },
  "query_results": [
    {
      "top_k": 1,
      "num_queries": 10,
      "avg_latency_ms": 25.8805513381958,
      "p50_latency_ms": 27.357816696166992,
      "p95_latency_ms": 60.87327003479004,
      "p99_latency_ms": 60.87327003479004,
      "min_latency_ms": 9.743690490722656,
      "max_latency_ms": 60.87327003479004,
      "queries_per_second": 38.63905319992741,
      "avg_similarity": 0.5281620919704437,
      "avg_top1_similarity": 0.5281620919704437,
      "min_similarity": 0.5281620919704437,
      "recall_at_1": 0.0,
      "precision_at_1": 0.0,
      "mrr": 0.0,
      "resource_metrics": {
        "duration": 0.0,
        "cpu": {
          "avg": 0.0,
          "max": 0.0,
          "min": 0.0
        },
        "memory": {
          "avg_mb": 11927.828125,
          "max_mb": 11927.828125,
          "min_mb": 11927.828125
        },
        "disk": {
          "read_total_mb": 0.0,
          "write_total_mb": 0.0
        },
        "network": {
          "sent_total_mb": 0.0,
          "recv_total_mb": 0.0
        }
      }
    },
    {
      "top_k": 3,
      "num_queries": 10,
      "avg_latency_ms": 11.007046699523926,
      "p50_latency_ms": 10.544776916503906,
      "p95_latency_ms": 14.119148254394531,
      "p99_latency_ms": 14.119148254394531,
      "min_latency_ms": 9.835004806518555,
      "max_latency_ms": 14.119148254394531,
      "queries_per_second": 90.85089100632705,
      "avg_similarity": 0.500333595275879,
      "avg_top1_similarity": 0.5281620919704437,
      "min_similarity": 0.4769755721092224,
      "recall_at_3": 0.0,
      "precision_at_3": 0.0,
      "mrr": 0.0,
      "resource_metrics": {
        "duration": 0.0,
        "cpu": {
          "avg": 13.8,
          "max": 13.8,
          "min": 13.8
        },
        "memory": {
          "avg_mb": 11755.46875,
          "max_mb": 11755.46875,
          "min_mb": 11755.46875
        },
        "disk": {
          "read_total_mb": 0.0,
          "write_total_mb": 0.0
        },
        "network": {
          "sent_total_mb": 0.0,
          "recv_total_mb": 0.0
        }
      }
    },
    {
      "top_k": 5,
      "num_queries": 10,
      "avg_latency_ms": 11.002016067504883,
      "p50_latency_ms": 10.918855667114258,
      "p95_latency_ms": 15.055179595947266,
      "p99_latency_ms": 15.055179595947266,
      "min_latency_ms": 8.935928344726562,
      "max_latency_ms": 15.055179595947266,
      "queries_per_second": 90.89243224735512,
      "avg_similarity": 0.48294008612632755,
      "avg_top1_similarity": 0.5281620919704437,
      "min_similarity": 0.45248001217842104,
      "recall_at_5": 0.0,
      "precision_at_5": 0.0,
      "mrr": 0.0,
      "resource_metrics": {
        "duration": 0.0,
        "cpu": {
          "avg": 0.0,
          "max": 0.0,
          "min": 0.0
        },
        "memory": {
          "avg_mb": 11775.453125,
          "max_mb": 11775.453125,
          "min_mb": 11775.453125
        },
        "disk": {
          "read_total_mb": 0.0,
          "write_total_mb": 0.0
        },
        "network": {
          "sent_total_mb": 0.0,
          "recv_total_mb": 0.0
        }
      }
    },
    {
      "top_k": 10,
      "num_queries": 10,
      "avg_latency_ms": 11.953258514404297,
      "p50_latency_ms": 11.091232299804688,
      "p95_latency_ms": 16.264915466308594,
      "p99_latency_ms": 16.264915466308594,
      "min_latency_ms": 9.749174118041992,
      "max_latency_ms": 16.264915466308594,
      "queries_per_second": 83.65919625974358,
      "avg_similarity": 0.45815171718597414,
      "avg_top1_similarity": 0.5281620919704437,
      "min_similarity": 0.42196529507637026,
      "recall_at_10": 0.0,
      "precision_at_10": 0.0,
      "mrr": 0.0,
      "resource_metrics": {
        "duration": 0.0,
        "cpu": {
          "avg": 13.1,
          "max": 13.1,
          "min": 13.1
        },
        "memory": {
          "avg_mb": 11842.515625,
          "max_mb": 11842.515625,
          "min_mb": 11842.515625
        },
        "disk": {
          "read_total_mb": 0.0,
          "write_total_mb": 0.0
        },
        "network": {
          "sent_total_mb": 0.0,
          "recv_total_mb": 0.0
        }
      }
    },
    {
      "top_k": 20,
      "num_queries": 10,
      "avg_latency_ms": 11.903023719787598,
      "p50_latency_ms": 11.526823043823242,
      "p95_latency_ms": 15.470743179321289,
      "p99_latency_ms": 15.470743179321289,
      "min_latency_ms": 9.359121322631836,
      "max_latency_ms": 15.470743179321289,
      "queries_per_second": 84.0122664241691,
      "avg_similarity": 0.42762157768011094,
      "avg_top1_similarity": 0.5281620919704437,
      "min_similarity": 0.3825070321559906,
      "recall_at_20": 0.0,
      "precision_at_20": 0.0,
      "mrr": 0.0,
      "resource_metrics": {
        "duration": 0.0,
        "cpu": {
          "avg": 12.7,
          "max": 12.7,
          "min": 12.7
        },
        "memory": {
          "avg_mb": 11845.40625,
          "max_mb": 11845.40625,
          "min_mb": 11845.40625
        },
        "disk": {
          "read_total_mb": 0.0,
          "write_total_mb": 0.0
        },
        "network": {
          "sent_total_mb": 0.0,
          "recv_total_mb": 0.0
        }
      }
    }
  ]
}