{
  "database": "chroma",
  "config": {
    "corpus_path": "Data/test_corpus/corpus_sizes/corpus_50k",
    "test_cases_path": "Data/test_corpus/test_cases.json",
    "output_dir": "results/chroma_scaling_n3/corpus_50k/run_2",
    "chroma_config": {
      "persist_directory": "./vector_stores/chroma_db",
      "collection_name": "benchmark_test"
    },
    "embedding_model": "sentence-transformers/all-MiniLM-L6-v2",
    "embedding_type": "sentence-transformers",
    "chunk_size": 512,
    "chunk_overlap": 50,
    "chunk_strategy": "fixed",
    "top_k_values": [
      1,
      3,
      5,
      10,
      20
    ],
    "batch_size": 100
  },
  "timestamp": "2025-12-22 18:05:12",
  "ingestion": {
    "total_time_sec": 2063.805275917053,
    "num_documents": 1,
    "num_chunks": 345046,
    "parsing_time_sec": 0.8369898796081543,
    "embedding_time_sec": 1639.4152147769928,
    "insertion_time_sec": 421.9022557735443
  },
  "query_results": [
    {
      "top_k": 1,
      "num_queries": 10,
      "avg_latency_ms": 48.171210289001465,
      "p50_latency_ms": 28.626203536987305,
      "p95_latency_ms": 280.5807590484619,
      "p99_latency_ms": 280.5807590484619,
      "min_latency_ms": 7.347822189331055,
      "max_latency_ms": 280.5807590484619,
      "queries_per_second": 20.759287425010406,
      "avg_similarity": 0.6609139502048492,
      "avg_top1_similarity": 0.6609139502048492,
      "min_similarity": 0.6609139502048492,
      "recall_at_1": 0.0,
      "precision_at_1": 0.0,
      "mrr": 0.0,
      "resource_metrics": {
        "duration": 0.0,
        "cpu": {
          "avg": 11.3,
          "max": 11.3,
          "min": 11.3
        },
        "memory": {
          "avg_mb": 7028.59375,
          "max_mb": 7028.59375,
          "min_mb": 7028.59375
        },
        "disk": {
          "read_total_mb": 0.0,
          "write_total_mb": 0.0
        },
        "network": {
          "sent_total_mb": 0.0,
          "recv_total_mb": 0.0
        }
      }
    },
    {
      "top_k": 3,
      "num_queries": 10,
      "avg_latency_ms": 8.113694190979004,
      "p50_latency_ms": 8.189916610717773,
      "p95_latency_ms": 10.486125946044922,
      "p99_latency_ms": 10.486125946044922,
      "min_latency_ms": 6.329059600830078,
      "max_latency_ms": 10.486125946044922,
      "queries_per_second": 123.24842130626806,
      "avg_similarity": 0.6381454547246297,
      "avg_top1_similarity": 0.6609139502048492,
      "min_similarity": 0.6174292147159577,
      "recall_at_3": 0.0,
      "precision_at_3": 0.0,
      "mrr": 0.0,
      "resource_metrics": {
        "duration": 0.0,
        "cpu": {
          "avg": 15.7,
          "max": 15.7,
          "min": 15.7
        },
        "memory": {
          "avg_mb": 7988.875,
          "max_mb": 7988.875,
          "min_mb": 7988.875
        },
        "disk": {
          "read_total_mb": 0.0,
          "write_total_mb": 0.0
        },
        "network": {
          "sent_total_mb": 0.0,
          "recv_total_mb": 0.0
        }
      }
    },
    {
      "top_k": 5,
      "num_queries": 10,
      "avg_latency_ms": 10.960984230041504,
      "p50_latency_ms": 10.426998138427734,
      "p95_latency_ms": 15.099287033081055,
      "p99_latency_ms": 15.099287033081055,
      "min_latency_ms": 9.390115737915039,
      "max_latency_ms": 15.099287033081055,
      "queries_per_second": 91.23268303399553,
      "avg_similarity": 0.6227201354503633,
      "avg_top1_similarity": 0.6609139502048492,
      "min_similarity": 0.5959627687931061,
      "recall_at_5": 0.0,
      "precision_at_5": 0.0,
      "mrr": 0.0,
      "resource_metrics": {
        "duration": 0.0,
        "cpu": {
          "avg": 9.9,
          "max": 9.9,
          "min": 9.9
        },
        "memory": {
          "avg_mb": 7988.0,
          "max_mb": 7988.0,
          "min_mb": 7988.0
        },
        "disk": {
          "read_total_mb": 0.0,
          "write_total_mb": 0.0
        },
        "network": {
          "sent_total_mb": 0.0,
          "recv_total_mb": 0.0
        }
      }
    },
    {
      "top_k": 10,
      "num_queries": 10,
      "avg_latency_ms": 11.207890510559082,
      "p50_latency_ms": 11.41500473022461,
      "p95_latency_ms": 13.225078582763672,
      "p99_latency_ms": 13.225078582763672,
      "min_latency_ms": 9.238958358764648,
      "max_latency_ms": 13.225078582763672,
      "queries_per_second": 89.2228559029809,
      "avg_similarity": 0.599599557518959,
      "avg_top1_similarity": 0.6609139502048492,
      "min_similarity": 0.5663065969944,
      "recall_at_10": 0.0,
      "precision_at_10": 0.0,
      "mrr": 0.0,
      "resource_metrics": {
        "duration": 0.0,
        "cpu": {
          "avg": 7.0,
          "max": 7.0,
          "min": 7.0
        },
        "memory": {
          "avg_mb": 7993.5,
          "max_mb": 7993.5,
          "min_mb": 7993.5
        },
        "disk": {
          "read_total_mb": 0.0,
          "write_total_mb": 0.0
        },
        "network": {
          "sent_total_mb": 0.0,
          "recv_total_mb": 0.0
        }
      }
    },
    {
      "top_k": 20,
      "num_queries": 10,
      "avg_latency_ms": 11.3631010055542,
      "p50_latency_ms": 10.883808135986328,
      "p95_latency_ms": 13.794183731079102,
      "p99_latency_ms": 13.794183731079102,
      "min_latency_ms": 8.891105651855469,
      "max_latency_ms": 13.794183731079102,
      "queries_per_second": 88.004146008313,
      "avg_similarity": 0.5703944563865662,
      "avg_top1_similarity": 0.6609139502048492,
      "min_similarity": 0.52732612490654,
      "recall_at_20": 0.0,
      "precision_at_20": 0.0,
      "mrr": 0.0,
      "resource_metrics": {
        "duration": 0.0,
        "cpu": {
          "avg": 7.6,
          "max": 7.6,
          "min": 7.6
        },
        "memory": {
          "avg_mb": 8000.203125,
          "max_mb": 8000.203125,
          "min_mb": 8000.203125
        },
        "disk": {
          "read_total_mb": 0.0,
          "write_total_mb": 0.0
        },
        "network": {
          "sent_total_mb": 0.0,
          "recv_total_mb": 0.0
        }
      }
    }
  ]
}