{
  "database": "pgvector",
  "config": {
    "corpus_path": "Data/test_corpus/corpus_sizes/corpus_1k",
    "test_cases_path": "Data/test_corpus/test_cases.json",
    "output_dir": "results/pgvector_scaling_n10/corpus_1k/run_9",
    "pgvector_config": {
      "host": "localhost",
      "port": 5433,
      "database": "vectordb",
      "user": "postgres",
      "password": "postgres",
      "table_name": "benchmark_test",
      "index_type": "ivfflat"
    },
    "embedding_model": "sentence-transformers/all-MiniLM-L6-v2",
    "embedding_type": "sentence-transformers",
    "chunk_size": 512,
    "chunk_overlap": 50,
    "chunk_strategy": "fixed",
    "top_k_values": [
      1,
      3,
      5,
      10,
      20
    ],
    "batch_size": 100
  },
  "timestamp": "2026-01-10 08:29:39",
  "ingestion": {
    "total_time_sec": 16.779973030090332,
    "num_documents": 1,
    "num_chunks": 5562,
    "parsing_time_sec": 0.0062520503997802734,
    "embedding_time_sec": 13.559692144393921,
    "insertion_time_sec": 2.8150269985198975
  },
  "query_results": [
    {
      "top_k": 1,
      "num_queries": 10,
      "avg_latency_ms": 26.032042503356934,
      "p50_latency_ms": 27.766942977905273,
      "p95_latency_ms": 61.30385398864746,
      "p99_latency_ms": 61.30385398864746,
      "min_latency_ms": 9.64212417602539,
      "max_latency_ms": 61.30385398864746,
      "queries_per_second": 38.41419665287678,
      "avg_similarity": 0.528162035344304,
      "avg_top1_similarity": 0.528162035344304,
      "min_similarity": 0.528162035344304,
      "recall_at_1": 0.0,
      "precision_at_1": 0.0,
      "mrr": 0.0,
      "resource_metrics": {
        "duration": 0.0,
        "cpu": {
          "avg": 0.0,
          "max": 0.0,
          "min": 0.0
        },
        "memory": {
          "avg_mb": 10244.75,
          "max_mb": 10244.75,
          "min_mb": 10244.75
        },
        "disk": {
          "read_total_mb": 0.0,
          "write_total_mb": 0.0
        },
        "network": {
          "sent_total_mb": 0.0,
          "recv_total_mb": 0.0
        }
      }
    },
    {
      "top_k": 3,
      "num_queries": 10,
      "avg_latency_ms": 12.006115913391113,
      "p50_latency_ms": 11.976957321166992,
      "p95_latency_ms": 16.099214553833008,
      "p99_latency_ms": 16.099214553833008,
      "min_latency_ms": 9.453058242797852,
      "max_latency_ms": 16.099214553833008,
      "queries_per_second": 83.29088334759807,
      "avg_similarity": 0.5003335539457303,
      "avg_top1_similarity": 0.528162035344304,
      "min_similarity": 0.4769755557293287,
      "recall_at_3": 0.0,
      "precision_at_3": 0.0,
      "mrr": 0.0,
      "resource_metrics": {
        "duration": 0.0,
        "cpu": {
          "avg": 13.8,
          "max": 13.8,
          "min": 13.8
        },
        "memory": {
          "avg_mb": 10816.859375,
          "max_mb": 10816.859375,
          "min_mb": 10816.859375
        },
        "disk": {
          "read_total_mb": 0.0,
          "write_total_mb": 0.0
        },
        "network": {
          "sent_total_mb": 0.0,
          "recv_total_mb": 0.0
        }
      }
    },
    {
      "top_k": 5,
      "num_queries": 10,
      "avg_latency_ms": 11.141538619995117,
      "p50_latency_ms": 10.77723503112793,
      "p95_latency_ms": 14.081001281738281,
      "p99_latency_ms": 14.081001281738281,
      "min_latency_ms": 9.584903717041016,
      "max_latency_ms": 14.081001281738281,
      "queries_per_second": 89.7542102672744,
      "avg_similarity": 0.4829400376937939,
      "avg_top1_similarity": 0.528162035344304,
      "min_similarity": 0.4524799354312535,
      "recall_at_5": 0.0,
      "precision_at_5": 0.0,
      "mrr": 0.0,
      "resource_metrics": {
        "duration": 0.0,
        "cpu": {
          "avg": 11.3,
          "max": 11.3,
          "min": 11.3
        },
        "memory": {
          "avg_mb": 10895.4375,
          "max_mb": 10895.4375,
          "min_mb": 10895.4375
        },
        "disk": {
          "read_total_mb": 0.0,
          "write_total_mb": 0.0
        },
        "network": {
          "sent_total_mb": 0.0,
          "recv_total_mb": 0.0
        }
      }
    },
    {
      "top_k": 10,
      "num_queries": 10,
      "avg_latency_ms": 10.817456245422363,
      "p50_latency_ms": 10.636091232299805,
      "p95_latency_ms": 12.376070022583008,
      "p99_latency_ms": 12.376070022583008,
      "min_latency_ms": 9.8419189453125,
      "max_latency_ms": 12.376070022583008,
      "queries_per_second": 92.44317493062856,
      "avg_similarity": 0.45815166591339657,
      "avg_top1_similarity": 0.528162035344304,
      "min_similarity": 0.4219652749823714,
      "recall_at_10": 0.0,
      "precision_at_10": 0.0,
      "mrr": 0.0,
      "resource_metrics": {
        "duration": 0.0,
        "cpu": {
          "avg": 11.9,
          "max": 11.9,
          "min": 11.9
        },
        "memory": {
          "avg_mb": 10916.890625,
          "max_mb": 10916.890625,
          "min_mb": 10916.890625
        },
        "disk": {
          "read_total_mb": 0.0,
          "write_total_mb": 0.0
        },
        "network": {
          "sent_total_mb": 0.0,
          "recv_total_mb": 0.0
        }
      }
    },
    {
      "top_k": 20,
      "num_queries": 10,
      "avg_latency_ms": 11.275768280029297,
      "p50_latency_ms": 11.113882064819336,
      "p95_latency_ms": 15.956878662109375,
      "p99_latency_ms": 15.956878662109375,
      "min_latency_ms": 8.925914764404297,
      "max_latency_ms": 15.956878662109375,
      "queries_per_second": 88.6857529496342,
      "avg_similarity": 0.4275226563098478,
      "avg_top1_similarity": 0.528162035344304,
      "min_similarity": 0.3824353720807235,
      "recall_at_20": 0.0,
      "precision_at_20": 0.0,
      "mrr": 0.0,
      "resource_metrics": {
        "duration": 0.0,
        "cpu": {
          "avg": 10.9,
          "max": 10.9,
          "min": 10.9
        },
        "memory": {
          "avg_mb": 10325.53125,
          "max_mb": 10325.53125,
          "min_mb": 10325.53125
        },
        "disk": {
          "read_total_mb": 0.0625,
          "write_total_mb": 0.0
        },
        "network": {
          "sent_total_mb": 0.0,
          "recv_total_mb": 0.0
        }
      }
    }
  ]
}