{
  "database": "faiss",
  "config": {
    "corpus_path": "Data/test_corpus/corpus_sizes/corpus_1k",
    "test_cases_path": "Data/test_corpus/test_cases.json",
    "output_dir": "results/faiss_scaling_n10/corpus_1k/run_5",
    "faiss_config": {
      "index_path": "./vector_stores/faiss_index.index",
      "index_type": "Flat"
    },
    "embedding_model": "sentence-transformers/all-MiniLM-L6-v2",
    "embedding_type": "sentence-transformers",
    "chunk_size": 512,
    "chunk_overlap": 50,
    "chunk_strategy": "fixed",
    "top_k_values": [
      1,
      3,
      5,
      10,
      20
    ],
    "batch_size": 100
  },
  "timestamp": "2026-01-07 21:24:43",
  "ingestion": {
    "total_time_sec": 13.259313106536865,
    "num_documents": 1,
    "num_chunks": 5562,
    "parsing_time_sec": 0.006491899490356445,
    "embedding_time_sec": 13.030893087387085,
    "insertion_time_sec": 0.001703023910522461
  },
  "query_results": [
    {
      "top_k": 1,
      "num_queries": 10,
      "avg_latency_ms": 20.314550399780273,
      "p50_latency_ms": 20.895957946777344,
      "p95_latency_ms": 55.22274971008301,
      "p99_latency_ms": 55.22274971008301,
      "min_latency_ms": 4.955053329467773,
      "max_latency_ms": 55.22274971008301,
      "queries_per_second": 49.22580024270762,
      "avg_similarity": 0.5210750799192773,
      "avg_top1_similarity": 0.5210750799192773,
      "min_similarity": 0.5210750799192773,
      "recall_at_1": 0.0,
      "precision_at_1": 0.0,
      "mrr": 0.0,
      "resource_metrics": {
        "duration": 0.0,
        "cpu": {
          "avg": 0.0,
          "max": 0.0,
          "min": 0.0
        },
        "memory": {
          "avg_mb": 12429.671875,
          "max_mb": 12429.671875,
          "min_mb": 12429.671875
        },
        "disk": {
          "read_total_mb": 0.046875,
          "write_total_mb": 0.0
        },
        "network": {
          "sent_total_mb": 0.0,
          "recv_total_mb": 0.0
        }
      }
    },
    {
      "top_k": 3,
      "num_queries": 10,
      "avg_latency_ms": 9.26351547241211,
      "p50_latency_ms": 9.253978729248047,
      "p95_latency_ms": 13.361930847167969,
      "p99_latency_ms": 13.361930847167969,
      "min_latency_ms": 6.773948669433594,
      "max_latency_ms": 13.361930847167969,
      "queries_per_second": 107.95037833942452,
      "avg_similarity": 0.5059781398986011,
      "avg_top1_similarity": 0.5210750799192773,
      "min_similarity": 0.493759919746614,
      "recall_at_3": 0.0,
      "precision_at_3": 0.0,
      "mrr": 0.0,
      "resource_metrics": {
        "duration": 0.0,
        "cpu": {
          "avg": 9.3,
          "max": 9.3,
          "min": 9.3
        },
        "memory": {
          "avg_mb": 12470.125,
          "max_mb": 12470.125,
          "min_mb": 12470.125
        },
        "disk": {
          "read_total_mb": 0.06640625,
          "write_total_mb": 0.0
        },
        "network": {
          "sent_total_mb": 0.0,
          "recv_total_mb": 0.0
        }
      }
    },
    {
      "top_k": 5,
      "num_queries": 10,
      "avg_latency_ms": 10.0510835647583,
      "p50_latency_ms": 9.431838989257812,
      "p95_latency_ms": 15.140771865844727,
      "p99_latency_ms": 15.140771865844727,
      "min_latency_ms": 7.047891616821289,
      "max_latency_ms": 15.140771865844727,
      "queries_per_second": 99.49176062034333,
      "avg_similarity": 0.49715507483102944,
      "avg_top1_similarity": 0.5210750799192773,
      "min_similarity": 0.4819666974851036,
      "recall_at_5": 0.0,
      "precision_at_5": 0.0,
      "mrr": 0.0,
      "resource_metrics": {
        "duration": 0.0,
        "cpu": {
          "avg": 8.3,
          "max": 8.3,
          "min": 8.3
        },
        "memory": {
          "avg_mb": 11622.359375,
          "max_mb": 11622.359375,
          "min_mb": 11622.359375
        },
        "disk": {
          "read_total_mb": 0.078125,
          "write_total_mb": 0.0
        },
        "network": {
          "sent_total_mb": 0.0,
          "recv_total_mb": 0.0
        }
      }
    },
    {
      "top_k": 10,
      "num_queries": 10,
      "avg_latency_ms": 9.870433807373047,
      "p50_latency_ms": 9.347915649414062,
      "p95_latency_ms": 14.490842819213867,
      "p99_latency_ms": 14.490842819213867,
      "min_latency_ms": 7.7037811279296875,
      "max_latency_ms": 14.490842819213867,
      "queries_per_second": 101.31266968762984,
      "avg_similarity": 0.4847373656715314,
      "avg_top1_similarity": 0.5210750799192773,
      "min_similarity": 0.46673530390332774,
      "recall_at_10": 0.0,
      "precision_at_10": 0.0,
      "mrr": 0.0,
      "resource_metrics": {
        "duration": 0.0,
        "cpu": {
          "avg": 8.1,
          "max": 8.1,
          "min": 8.1
        },
        "memory": {
          "avg_mb": 11656.125,
          "max_mb": 11656.125,
          "min_mb": 11656.125
        },
        "disk": {
          "read_total_mb": 0.05859375,
          "write_total_mb": 0.0
        },
        "network": {
          "sent_total_mb": 0.0,
          "recv_total_mb": 0.0
        }
      }
    },
    {
      "top_k": 20,
      "num_queries": 10,
      "avg_latency_ms": 7.924795150756836,
      "p50_latency_ms": 7.7457427978515625,
      "p95_latency_ms": 12.518882751464844,
      "p99_latency_ms": 12.518882751464844,
      "min_latency_ms": 6.587028503417969,
      "max_latency_ms": 12.518882751464844,
      "queries_per_second": 126.1862270224736,
      "avg_similarity": 0.4701479685882138,
      "avg_top1_similarity": 0.5210750799192773,
      "min_similarity": 0.44928775157628353,
      "recall_at_20": 0.0,
      "precision_at_20": 0.0,
      "mrr": 0.0,
      "resource_metrics": {
        "duration": 0.0,
        "cpu": {
          "avg": 14.5,
          "max": 14.5,
          "min": 14.5
        },
        "memory": {
          "avg_mb": 11641.6875,
          "max_mb": 11641.6875,
          "min_mb": 11641.6875
        },
        "disk": {
          "read_total_mb": 0.05078125,
          "write_total_mb": 0.0
        },
        "network": {
          "sent_total_mb": 0.0,
          "recv_total_mb": 0.0
        }
      }
    }
  ]
}