{
  "database": "faiss",
  "config": {
    "corpus_path": "Data/test_corpus/corpus_sizes/corpus_100k",
    "test_cases_path": "Data/test_corpus/test_cases.json",
    "output_dir": "results/faiss_scaling_n10/corpus_100k/run_4",
    "faiss_config": {
      "index_path": "./vector_stores/faiss_index.index",
      "index_type": "Flat"
    },
    "embedding_model": "sentence-transformers/all-MiniLM-L6-v2",
    "embedding_type": "sentence-transformers",
    "chunk_size": 512,
    "chunk_overlap": 50,
    "chunk_strategy": "fixed",
    "top_k_values": [
      1,
      3,
      5,
      10,
      20
    ],
    "batch_size": 100
  },
  "timestamp": "2026-01-07 18:25:14",
  "ingestion": {
    "total_time_sec": 1614.8669409751892,
    "num_documents": 1,
    "num_chunks": 690385,
    "parsing_time_sec": 1.4250597953796387,
    "embedding_time_sec": 1609.9738228321075,
    "insertion_time_sec": 1.292443037033081
  },
  "query_results": [
    {
      "top_k": 1,
      "num_queries": 10,
      "avg_latency_ms": 65.0998592376709,
      "p50_latency_ms": 40.60220718383789,
      "p95_latency_ms": 334.2289924621582,
      "p99_latency_ms": 334.2289924621582,
      "min_latency_ms": 22.158145904541016,
      "max_latency_ms": 334.2289924621582,
      "queries_per_second": 15.361016317241692,
      "avg_similarity": 0.6014592966477768,
      "avg_top1_similarity": 0.6014592966477768,
      "min_similarity": 0.6014592966477768,
      "recall_at_1": 0.0,
      "precision_at_1": 0.0,
      "mrr": 0.0,
      "resource_metrics": {
        "duration": 0.5106689929962158,
        "cpu": {
          "avg": 6.25,
          "max": 12.5,
          "min": 0.0
        },
        "memory": {
          "avg_mb": 8312.4453125,
          "max_mb": 8924.171875,
          "min_mb": 7700.71875
        },
        "disk": {
          "read_total_mb": 22.52734375,
          "write_total_mb": 0.76953125
        },
        "network": {
          "sent_total_mb": 0.0009765625,
          "recv_total_mb": 0.0009765625
        }
      }
    },
    {
      "top_k": 3,
      "num_queries": 10,
      "avg_latency_ms": 25.215744972229004,
      "p50_latency_ms": 23.359060287475586,
      "p95_latency_ms": 40.493011474609375,
      "p99_latency_ms": 40.493011474609375,
      "min_latency_ms": 22.027015686035156,
      "max_latency_ms": 40.493011474609375,
      "queries_per_second": 39.65776149391325,
      "avg_similarity": 0.5880839677092842,
      "avg_top1_similarity": 0.6014592966477768,
      "min_similarity": 0.5763999587497126,
      "recall_at_3": 0.0,
      "precision_at_3": 0.0,
      "mrr": 0.0,
      "resource_metrics": {
        "duration": 0.0,
        "cpu": {
          "avg": 8.2,
          "max": 8.2,
          "min": 8.2
        },
        "memory": {
          "avg_mb": 8950.265625,
          "max_mb": 8950.265625,
          "min_mb": 8950.265625
        },
        "disk": {
          "read_total_mb": 0.0,
          "write_total_mb": 0.0
        },
        "network": {
          "sent_total_mb": 0.0,
          "recv_total_mb": 0.0
        }
      }
    },
    {
      "top_k": 5,
      "num_queries": 10,
      "avg_latency_ms": 24.732017517089844,
      "p50_latency_ms": 22.72820472717285,
      "p95_latency_ms": 38.77139091491699,
      "p99_latency_ms": 38.77139091491699,
      "min_latency_ms": 21.561861038208008,
      "max_latency_ms": 38.77139091491699,
      "queries_per_second": 40.43341790895139,
      "avg_similarity": 0.5786316529354079,
      "avg_top1_similarity": 0.6014592966477768,
      "min_similarity": 0.5616536535003755,
      "recall_at_5": 0.0,
      "precision_at_5": 0.0,
      "mrr": 0.0,
      "resource_metrics": {
        "duration": 0.0,
        "cpu": {
          "avg": 12.2,
          "max": 12.2,
          "min": 12.2
        },
        "memory": {
          "avg_mb": 9083.484375,
          "max_mb": 9083.484375,
          "min_mb": 9083.484375
        },
        "disk": {
          "read_total_mb": 0.0,
          "write_total_mb": 0.0
        },
        "network": {
          "sent_total_mb": 0.0,
          "recv_total_mb": 0.0
        }
      }
    },
    {
      "top_k": 10,
      "num_queries": 10,
      "avg_latency_ms": 25.13117790222168,
      "p50_latency_ms": 23.06985855102539,
      "p95_latency_ms": 39.853811264038086,
      "p99_latency_ms": 39.853811264038086,
      "min_latency_ms": 22.202730178833008,
      "max_latency_ms": 39.853811264038086,
      "queries_per_second": 39.79121089710629,
      "avg_similarity": 0.5642000179488362,
      "avg_top1_similarity": 0.6014592966477768,
      "min_similarity": 0.5432653825490932,
      "recall_at_10": 0.0,
      "precision_at_10": 0.0,
      "mrr": 0.0,
      "resource_metrics": {
        "duration": 0.0,
        "cpu": {
          "avg": 8.1,
          "max": 8.1,
          "min": 8.1
        },
        "memory": {
          "avg_mb": 9096.3125,
          "max_mb": 9096.3125,
          "min_mb": 9096.3125
        },
        "disk": {
          "read_total_mb": 0.0,
          "write_total_mb": 0.0
        },
        "network": {
          "sent_total_mb": 0.0,
          "recv_total_mb": 0.0
        }
      }
    },
    {
      "top_k": 20,
      "num_queries": 10,
      "avg_latency_ms": 25.023174285888672,
      "p50_latency_ms": 23.067951202392578,
      "p95_latency_ms": 39.73817825317383,
      "p99_latency_ms": 39.73817825317383,
      "min_latency_ms": 21.998167037963867,
      "max_latency_ms": 39.73817825317383,
      "queries_per_second": 39.96295548178835,
      "avg_similarity": 0.5481090643900877,
      "avg_top1_similarity": 0.6014592966477768,
      "min_similarity": 0.5244727539443104,
      "recall_at_20": 0.0,
      "precision_at_20": 0.0,
      "mrr": 0.0,
      "resource_metrics": {
        "duration": 0.0,
        "cpu": {
          "avg": 7.4,
          "max": 7.4,
          "min": 7.4
        },
        "memory": {
          "avg_mb": 9113.015625,
          "max_mb": 9113.015625,
          "min_mb": 9113.015625
        },
        "disk": {
          "read_total_mb": 0.0,
          "write_total_mb": 0.0
        },
        "network": {
          "sent_total_mb": 0.0,
          "recv_total_mb": 0.0
        }
      }
    }
  ]
}