{
  "database": "faiss",
  "config": {
    "corpus_path": "Data/test_corpus/corpus_sizes/corpus_250k",
    "test_cases_path": "Data/test_corpus/test_cases.json",
    "output_dir": "results/faiss_scaling_n10/corpus_250k/run_6",
    "faiss_config": {
      "index_path": "./vector_stores/faiss_index.index",
      "index_type": "Flat"
    },
    "embedding_model": "sentence-transformers/all-MiniLM-L6-v2",
    "embedding_type": "sentence-transformers",
    "chunk_size": 512,
    "chunk_overlap": 50,
    "chunk_strategy": "fixed",
    "top_k_values": [
      1,
      3,
      5,
      10,
      20
    ],
    "batch_size": 100
  },
  "timestamp": "2026-01-08 11:01:32",
  "ingestion": {
    "total_time_sec": 4145.010830163956,
    "num_documents": 1,
    "num_chunks": 1775361,
    "parsing_time_sec": 2.5129590034484863,
    "embedding_time_sec": 4130.0862510204315,
    "insertion_time_sec": 4.721581220626831
  },
  "query_results": [
    {
      "top_k": 1,
      "num_queries": 10,
      "avg_latency_ms": 168.04757118225098,
      "p50_latency_ms": 70.5721378326416,
      "p95_latency_ms": 1078.1030654907227,
      "p99_latency_ms": 1078.1030654907227,
      "min_latency_ms": 47.15394973754883,
      "max_latency_ms": 1078.1030654907227,
      "queries_per_second": 5.950695942611868,
      "avg_similarity": 0.6081104737846019,
      "avg_top1_similarity": 0.6081104737846019,
      "min_similarity": 0.6081104737846019,
      "recall_at_1": 0.0,
      "precision_at_1": 0.0,
      "mrr": 0.0,
      "resource_metrics": {
        "duration": 1.5133390426635742,
        "cpu": {
          "avg": 12.3,
          "max": 31.7,
          "min": 0.0
        },
        "memory": {
          "avg_mb": 10029.859375,
          "max_mb": 10954.03125,
          "min_mb": 8782.40625
        },
        "disk": {
          "read_total_mb": 155.07421875,
          "write_total_mb": 1.5234375
        },
        "network": {
          "sent_total_mb": 0.01171875,
          "recv_total_mb": 0.013671875
        }
      }
    },
    {
      "top_k": 3,
      "num_queries": 10,
      "avg_latency_ms": 49.27206039428711,
      "p50_latency_ms": 47.4698543548584,
      "p95_latency_ms": 69.63109970092773,
      "p99_latency_ms": 69.63109970092773,
      "min_latency_ms": 45.725107192993164,
      "max_latency_ms": 69.63109970092773,
      "queries_per_second": 20.295477639817673,
      "avg_similarity": 0.5952397436535154,
      "avg_top1_similarity": 0.6081104737846019,
      "min_similarity": 0.5847209357153125,
      "recall_at_3": 0.0,
      "precision_at_3": 0.0,
      "mrr": 0.0,
      "resource_metrics": {
        "duration": 0.0,
        "cpu": {
          "avg": 18.0,
          "max": 18.0,
          "min": 18.0
        },
        "memory": {
          "avg_mb": 10929.078125,
          "max_mb": 10929.078125,
          "min_mb": 10929.078125
        },
        "disk": {
          "read_total_mb": 0.0,
          "write_total_mb": 0.0
        },
        "network": {
          "sent_total_mb": 0.0,
          "recv_total_mb": 0.0
        }
      }
    },
    {
      "top_k": 5,
      "num_queries": 10,
      "avg_latency_ms": 47.07231521606445,
      "p50_latency_ms": 47.209978103637695,
      "p95_latency_ms": 48.294782638549805,
      "p99_latency_ms": 48.294782638549805,
      "min_latency_ms": 45.7000732421875,
      "max_latency_ms": 48.294782638549805,
      "queries_per_second": 21.243909406408974,
      "avg_similarity": 0.5875998204291968,
      "avg_top1_similarity": 0.6081104737846019,
      "min_similarity": 0.5742864525719634,
      "recall_at_5": 0.0,
      "precision_at_5": 0.0,
      "mrr": 0.0,
      "resource_metrics": {
        "duration": 0.0,
        "cpu": {
          "avg": 16.7,
          "max": 16.7,
          "min": 16.7
        },
        "memory": {
          "avg_mb": 10964.859375,
          "max_mb": 10964.859375,
          "min_mb": 10964.859375
        },
        "disk": {
          "read_total_mb": 0.0,
          "write_total_mb": 0.0
        },
        "network": {
          "sent_total_mb": 0.0,
          "recv_total_mb": 0.0
        }
      }
    },
    {
      "top_k": 10,
      "num_queries": 10,
      "avg_latency_ms": 48.28958511352539,
      "p50_latency_ms": 48.04372787475586,
      "p95_latency_ms": 53.6808967590332,
      "p99_latency_ms": 53.6808967590332,
      "min_latency_ms": 46.20695114135742,
      "max_latency_ms": 53.6808967590332,
      "queries_per_second": 20.708399081273342,
      "avg_similarity": 0.574710645832064,
      "avg_top1_similarity": 0.6081104737846019,
      "min_similarity": 0.5554166887164811,
      "recall_at_10": 0.0,
      "precision_at_10": 0.0,
      "mrr": 0.0,
      "resource_metrics": {
        "duration": 0.0,
        "cpu": {
          "avg": 14.8,
          "max": 14.8,
          "min": 14.8
        },
        "memory": {
          "avg_mb": 10914.359375,
          "max_mb": 10914.359375,
          "min_mb": 10914.359375
        },
        "disk": {
          "read_total_mb": 0.0,
          "write_total_mb": 0.0
        },
        "network": {
          "sent_total_mb": 0.0,
          "recv_total_mb": 0.0
        }
      }
    },
    {
      "top_k": 20,
      "num_queries": 10,
      "avg_latency_ms": 46.70062065124512,
      "p50_latency_ms": 46.79083824157715,
      "p95_latency_ms": 48.999786376953125,
      "p99_latency_ms": 48.999786376953125,
      "min_latency_ms": 45.63188552856445,
      "max_latency_ms": 48.999786376953125,
      "queries_per_second": 21.4129916488238,
      "avg_similarity": 0.5591137853012855,
      "avg_top1_similarity": 0.6081104737846019,
      "min_similarity": 0.5355763691815586,
      "recall_at_20": 0.0,
      "precision_at_20": 0.0,
      "mrr": 0.0,
      "resource_metrics": {
        "duration": 0.0,
        "cpu": {
          "avg": 23.1,
          "max": 23.1,
          "min": 23.1
        },
        "memory": {
          "avg_mb": 10861.125,
          "max_mb": 10861.125,
          "min_mb": 10861.125
        },
        "disk": {
          "read_total_mb": 0.125,
          "write_total_mb": 0.0
        },
        "network": {
          "sent_total_mb": 0.0,
          "recv_total_mb": 0.0
        }
      }
    }
  ]
}