{
  "database": "pgvector",
  "config": {
    "corpus_path": "Data/test_corpus/corpus_sizes/corpus_50k",
    "test_cases_path": "Data/test_corpus/test_cases.json",
    "output_dir": "results/pgvector_scaling_n10/corpus_50k/run_9",
    "pgvector_config": {
      "host": "localhost",
      "port": 5433,
      "database": "vectordb",
      "user": "postgres",
      "password": "postgres",
      "table_name": "benchmark_test",
      "index_type": "ivfflat"
    },
    "embedding_model": "sentence-transformers/all-MiniLM-L6-v2",
    "embedding_type": "sentence-transformers",
    "chunk_size": 512,
    "chunk_overlap": 50,
    "chunk_strategy": "fixed",
    "top_k_values": [
      1,
      3,
      5,
      10,
      20
    ],
    "batch_size": 100
  },
  "timestamp": "2026-01-10 10:09:37",
  "ingestion": {
    "total_time_sec": 983.4055643081665,
    "num_documents": 1,
    "num_chunks": 345046,
    "parsing_time_sec": 0.6276528835296631,
    "embedding_time_sec": 805.9977829456329,
    "insertion_time_sec": 172.22921681404114
  },
  "query_results": [
    {
      "top_k": 1,
      "num_queries": 10,
      "avg_latency_ms": 67.60516166687012,
      "p50_latency_ms": 47.21212387084961,
      "p95_latency_ms": 317.5210952758789,
      "p99_latency_ms": 317.5210952758789,
      "min_latency_ms": 19.17576789855957,
      "max_latency_ms": 317.5210952758789,
      "queries_per_second": 14.791769967618459,
      "avg_similarity": 0.66091389531386,
      "avg_top1_similarity": 0.66091389531386,
      "min_similarity": 0.66091389531386,
      "recall_at_1": 0.0,
      "precision_at_1": 0.0,
      "mrr": 0.0,
      "resource_metrics": {
        "duration": 0.5080831050872803,
        "cpu": {
          "avg": 14.45,
          "max": 17.0,
          "min": 11.9
        },
        "memory": {
          "avg_mb": 9716.65625,
          "max_mb": 10284.375,
          "min_mb": 9148.9375
        },
        "disk": {
          "read_total_mb": 40.98046875,
          "write_total_mb": 0.15625
        },
        "network": {
          "sent_total_mb": 0.046875,
          "recv_total_mb": 0.046875
        }
      }
    },
    {
      "top_k": 3,
      "num_queries": 10,
      "avg_latency_ms": 28.049182891845703,
      "p50_latency_ms": 27.861833572387695,
      "p95_latency_ms": 33.972978591918945,
      "p99_latency_ms": 33.972978591918945,
      "min_latency_ms": 23.607969284057617,
      "max_latency_ms": 33.972978591918945,
      "queries_per_second": 35.65166243365736,
      "avg_similarity": 0.6381453653753935,
      "avg_top1_similarity": 0.66091389531386,
      "min_similarity": 0.617429116898659,
      "recall_at_3": 0.0,
      "precision_at_3": 0.0,
      "mrr": 0.0,
      "resource_metrics": {
        "duration": 0.0,
        "cpu": {
          "avg": 11.9,
          "max": 11.9,
          "min": 11.9
        },
        "memory": {
          "avg_mb": 10263.203125,
          "max_mb": 10263.203125,
          "min_mb": 10263.203125
        },
        "disk": {
          "read_total_mb": 0.0,
          "write_total_mb": 0.0
        },
        "network": {
          "sent_total_mb": 0.0,
          "recv_total_mb": 0.0
        }
      }
    },
    {
      "top_k": 5,
      "num_queries": 10,
      "avg_latency_ms": 27.477002143859863,
      "p50_latency_ms": 28.164148330688477,
      "p95_latency_ms": 29.921770095825195,
      "p99_latency_ms": 29.921770095825195,
      "min_latency_ms": 23.247957229614258,
      "max_latency_ms": 29.921770095825195,
      "queries_per_second": 36.39407220497905,
      "avg_similarity": 0.6227200671583266,
      "avg_top1_similarity": 0.66091389531386,
      "min_similarity": 0.5959627332723414,
      "recall_at_5": 0.0,
      "precision_at_5": 0.0,
      "mrr": 0.0,
      "resource_metrics": {
        "duration": 0.0,
        "cpu": {
          "avg": 13.9,
          "max": 13.9,
          "min": 13.9
        },
        "memory": {
          "avg_mb": 10347.953125,
          "max_mb": 10347.953125,
          "min_mb": 10347.953125
        },
        "disk": {
          "read_total_mb": 0.0,
          "write_total_mb": 0.0
        },
        "network": {
          "sent_total_mb": 0.0,
          "recv_total_mb": 0.0
        }
      }
    },
    {
      "top_k": 10,
      "num_queries": 10,
      "avg_latency_ms": 26.3364315032959,
      "p50_latency_ms": 25.54798126220703,
      "p95_latency_ms": 35.99381446838379,
      "p99_latency_ms": 35.99381446838379,
      "min_latency_ms": 22.114992141723633,
      "max_latency_ms": 35.99381446838379,
      "queries_per_second": 37.97021627151173,
      "avg_similarity": 0.5995994767417046,
      "avg_top1_similarity": 0.66091389531386,
      "min_similarity": 0.5663065761647823,
      "recall_at_10": 0.0,
      "precision_at_10": 0.0,
      "mrr": 0.0,
      "resource_metrics": {
        "duration": 0.0,
        "cpu": {
          "avg": 12.9,
          "max": 12.9,
          "min": 12.9
        },
        "memory": {
          "avg_mb": 10366.484375,
          "max_mb": 10366.484375,
          "min_mb": 10366.484375
        },
        "disk": {
          "read_total_mb": 0.0,
          "write_total_mb": 0.0
        },
        "network": {
          "sent_total_mb": 0.0,
          "recv_total_mb": 0.0
        }
      }
    },
    {
      "top_k": 20,
      "num_queries": 10,
      "avg_latency_ms": 28.249239921569824,
      "p50_latency_ms": 28.792142868041992,
      "p95_latency_ms": 31.929969787597656,
      "p99_latency_ms": 31.929969787597656,
      "min_latency_ms": 23.826122283935547,
      "max_latency_ms": 31.929969787597656,
      "queries_per_second": 35.39918251876384,
      "avg_similarity": 0.5701684951428663,
      "avg_top1_similarity": 0.66091389531386,
      "min_similarity": 0.5266134024711008,
      "recall_at_20": 0.0,
      "precision_at_20": 0.0,
      "mrr": 0.0,
      "resource_metrics": {
        "duration": 0.0,
        "cpu": {
          "avg": 13.0,
          "max": 13.0,
          "min": 13.0
        },
        "memory": {
          "avg_mb": 10324.25,
          "max_mb": 10324.25,
          "min_mb": 10324.25
        },
        "disk": {
          "read_total_mb": 0.0,
          "write_total_mb": 0.0
        },
        "network": {
          "sent_total_mb": 0.0,
          "recv_total_mb": 0.0
        }
      }
    }
  ]
}