{
  "database": "qdrant",
  "config": {
    "corpus_path": "Data/test_corpus/corpus_sizes/corpus_50k",
    "test_cases_path": "Data/test_corpus/test_cases.json",
    "output_dir": "results/qdrant_scaling_experiment/corpus_50k",
    "qdrant_config": {
      "host": "localhost",
      "port": 6333,
      "collection_name": "benchmark_test"
    },
    "embedding_model": "sentence-transformers/all-MiniLM-L6-v2",
    "embedding_type": "sentence-transformers",
    "chunk_size": 512,
    "chunk_overlap": 50,
    "chunk_strategy": "fixed",
    "top_k_values": [
      1,
      3,
      5,
      10,
      20
    ],
    "batch_size": 100
  },
  "timestamp": "2025-12-16 22:01:47",
  "ingestion": {
    "total_time_sec": 2570.3013689517975,
    "num_documents": 1,
    "num_chunks": 345046,
    "parsing_time_sec": 1.2469007968902588,
    "embedding_time_sec": 2249.8610899448395,
    "insertion_time_sec": 274.3284480571747
  },
  "query_results": [
    {
      "top_k": 1,
      "num_queries": 10,
      "avg_latency_ms": 1341.0013675689697,
      "p50_latency_ms": 254.15396690368652,
      "p95_latency_ms": 9631.563663482666,
      "p99_latency_ms": 9631.563663482666,
      "min_latency_ms": 102.51092910766602,
      "max_latency_ms": 9631.563663482666,
      "queries_per_second": 0.7457113946221002,
      "avg_similarity": 0.660913883,
      "avg_top1_similarity": 0.660913883,
      "min_similarity": 0.660913883,
      "recall_at_1": 0.0,
      "precision_at_1": 0.0,
      "mrr": 0.0,
      "resource_metrics": {
        "duration": 13.304388999938965,
        "cpu": {
          "avg": 25.430769230769233,
          "max": 46.1,
          "min": 0.0
        },
        "memory": {
          "avg_mb": 17304.360576923078,
          "max_mb": 20021.53125,
          "min_mb": 14714.34375
        },
        "disk": {
          "read_total_mb": 4696.94189453125,
          "write_total_mb": 3147.0234375
        },
        "network": {
          "sent_total_mb": 0.138671875,
          "recv_total_mb": 0.11328125
        }
      }
    },
    {
      "top_k": 3,
      "num_queries": 10,
      "avg_latency_ms": 43.0591344833374,
      "p50_latency_ms": 38.2840633392334,
      "p95_latency_ms": 94.33913230895996,
      "p99_latency_ms": 94.33913230895996,
      "min_latency_ms": 19.29187774658203,
      "max_latency_ms": 94.33913230895996,
      "queries_per_second": 23.223876002128424,
      "avg_similarity": 0.6381453456666666,
      "avg_top1_similarity": 0.660913883,
      "min_similarity": 0.617429094,
      "recall_at_3": 0.0,
      "precision_at_3": 0.0,
      "mrr": 0.0,
      "resource_metrics": {
        "duration": 0.0,
        "cpu": {
          "avg": 0.0,
          "max": 0.0,
          "min": 0.0
        },
        "memory": {
          "avg_mb": 15045.109375,
          "max_mb": 15045.109375,
          "min_mb": 15045.109375
        },
        "disk": {
          "read_total_mb": 0.4375,
          "write_total_mb": 0.25
        },
        "network": {
          "sent_total_mb": 0.0,
          "recv_total_mb": 0.0
        }
      }
    },
    {
      "top_k": 5,
      "num_queries": 10,
      "avg_latency_ms": 47.45213985443115,
      "p50_latency_ms": 54.527997970581055,
      "p95_latency_ms": 80.15894889831543,
      "p99_latency_ms": 80.15894889831543,
      "min_latency_ms": 16.39389991760254,
      "max_latency_ms": 80.15894889831543,
      "queries_per_second": 21.073865226472364,
      "avg_similarity": 0.6227200552000001,
      "avg_top1_similarity": 0.660913883,
      "min_similarity": 0.595962745,
      "recall_at_5": 0.0,
      "precision_at_5": 0.0,
      "mrr": 0.0,
      "resource_metrics": {
        "duration": 0.0,
        "cpu": {
          "avg": 30.2,
          "max": 30.2,
          "min": 30.2
        },
        "memory": {
          "avg_mb": 14377.5,
          "max_mb": 14377.5,
          "min_mb": 14377.5
        },
        "disk": {
          "read_total_mb": 0.4375,
          "write_total_mb": 0.25
        },
        "network": {
          "sent_total_mb": 0.0,
          "recv_total_mb": 0.0
        }
      }
    },
    {
      "top_k": 10,
      "num_queries": 10,
      "avg_latency_ms": 67.31064319610596,
      "p50_latency_ms": 66.55716896057129,
      "p95_latency_ms": 182.53779411315918,
      "p99_latency_ms": 182.53779411315918,
      "min_latency_ms": 22.228002548217773,
      "max_latency_ms": 182.53779411315918,
      "queries_per_second": 14.856491522247879,
      "avg_similarity": 0.5995994688,
      "avg_top1_similarity": 0.660913883,
      "min_similarity": 0.5663065460000001,
      "recall_at_10": 0.0,
      "precision_at_10": 0.0,
      "mrr": 0.0,
      "resource_metrics": {
        "duration": 0.50118088722229,
        "cpu": {
          "avg": 25.85,
          "max": 27.9,
          "min": 23.8
        },
        "memory": {
          "avg_mb": 15460.8828125,
          "max_mb": 15729.53125,
          "min_mb": 15192.234375
        },
        "disk": {
          "read_total_mb": 128.54296875,
          "write_total_mb": 308.109375
        },
        "network": {
          "sent_total_mb": 0.0751953125,
          "recv_total_mb": 0.0751953125
        }
      }
    },
    {
      "top_k": 20,
      "num_queries": 10,
      "avg_latency_ms": 81.18736743927002,
      "p50_latency_ms": 75.15215873718262,
      "p95_latency_ms": 181.12802505493164,
      "p99_latency_ms": 181.12802505493164,
      "min_latency_ms": 37.834882736206055,
      "max_latency_ms": 181.12802505493164,
      "queries_per_second": 12.317187162744531,
      "avg_similarity": 0.5704182843,
      "avg_top1_similarity": 0.660913883,
      "min_similarity": 0.527518775,
      "recall_at_20": 0.0,
      "precision_at_20": 0.0,
      "mrr": 0.0,
      "resource_metrics": {
        "duration": 0.5008711814880371,
        "cpu": {
          "avg": 25.3,
          "max": 26.6,
          "min": 24.0
        },
        "memory": {
          "avg_mb": 15660.0625,
          "max_mb": 15813.65625,
          "min_mb": 15506.46875
        },
        "disk": {
          "read_total_mb": 166.8671875,
          "write_total_mb": 94.75
        },
        "network": {
          "sent_total_mb": 0.1064453125,
          "recv_total_mb": 0.1064453125
        }
      }
    }
  ]
}