{
  "database": "faiss",
  "config": {
    "corpus_path": "Data/test_corpus/corpus_sizes/corpus_1k",
    "test_cases_path": "Data/test_corpus/test_cases.json",
    "output_dir": "results/faiss_scaling_n10/corpus_1k/run_6",
    "faiss_config": {
      "index_path": "./vector_stores/faiss_index.index",
      "index_type": "Flat"
    },
    "embedding_model": "sentence-transformers/all-MiniLM-L6-v2",
    "embedding_type": "sentence-transformers",
    "chunk_size": 512,
    "chunk_overlap": 50,
    "chunk_strategy": "fixed",
    "top_k_values": [
      1,
      3,
      5,
      10,
      20
    ],
    "batch_size": 100
  },
  "timestamp": "2026-01-07 21:25:04",
  "ingestion": {
    "total_time_sec": 13.249967098236084,
    "num_documents": 1,
    "num_chunks": 5562,
    "parsing_time_sec": 0.006154060363769531,
    "embedding_time_sec": 13.028335809707642,
    "insertion_time_sec": 0.0016770362854003906
  },
  "query_results": [
    {
      "top_k": 1,
      "num_queries": 10,
      "avg_latency_ms": 20.37482261657715,
      "p50_latency_ms": 20.74599266052246,
      "p95_latency_ms": 57.44290351867676,
      "p99_latency_ms": 57.44290351867676,
      "min_latency_ms": 3.9200782775878906,
      "max_latency_ms": 57.44290351867676,
      "queries_per_second": 49.080181890093634,
      "avg_similarity": 0.5210750799192773,
      "avg_top1_similarity": 0.5210750799192773,
      "min_similarity": 0.5210750799192773,
      "recall_at_1": 0.0,
      "precision_at_1": 0.0,
      "mrr": 0.0,
      "resource_metrics": {
        "duration": 0.0,
        "cpu": {
          "avg": 0.0,
          "max": 0.0,
          "min": 0.0
        },
        "memory": {
          "avg_mb": 12932.234375,
          "max_mb": 12932.234375,
          "min_mb": 12932.234375
        },
        "disk": {
          "read_total_mb": 0.0390625,
          "write_total_mb": 0.0
        },
        "network": {
          "sent_total_mb": 0.0,
          "recv_total_mb": 0.0
        }
      }
    },
    {
      "top_k": 3,
      "num_queries": 10,
      "avg_latency_ms": 8.983945846557617,
      "p50_latency_ms": 8.90803337097168,
      "p95_latency_ms": 13.622045516967773,
      "p99_latency_ms": 13.622045516967773,
      "min_latency_ms": 5.959987640380859,
      "max_latency_ms": 13.622045516967773,
      "queries_per_second": 111.3096647152176,
      "avg_similarity": 0.5059781398986011,
      "avg_top1_similarity": 0.5210750799192773,
      "min_similarity": 0.493759919746614,
      "recall_at_3": 0.0,
      "precision_at_3": 0.0,
      "mrr": 0.0,
      "resource_metrics": {
        "duration": 0.0,
        "cpu": {
          "avg": 11.1,
          "max": 11.1,
          "min": 11.1
        },
        "memory": {
          "avg_mb": 13026.390625,
          "max_mb": 13026.390625,
          "min_mb": 13026.390625
        },
        "disk": {
          "read_total_mb": 0.03515625,
          "write_total_mb": 0.0
        },
        "network": {
          "sent_total_mb": 0.0,
          "recv_total_mb": 0.0
        }
      }
    },
    {
      "top_k": 5,
      "num_queries": 10,
      "avg_latency_ms": 9.784531593322754,
      "p50_latency_ms": 8.81195068359375,
      "p95_latency_ms": 15.873193740844727,
      "p99_latency_ms": 15.873193740844727,
      "min_latency_ms": 7.358789443969727,
      "max_latency_ms": 15.873193740844727,
      "queries_per_second": 102.20213307731856,
      "avg_similarity": 0.49715507483102944,
      "avg_top1_similarity": 0.5210750799192773,
      "min_similarity": 0.4819666974851036,
      "recall_at_5": 0.0,
      "precision_at_5": 0.0,
      "mrr": 0.0,
      "resource_metrics": {
        "duration": 0.0,
        "cpu": {
          "avg": 10.5,
          "max": 10.5,
          "min": 10.5
        },
        "memory": {
          "avg_mb": 12144.84375,
          "max_mb": 12144.84375,
          "min_mb": 12144.84375
        },
        "disk": {
          "read_total_mb": 0.05078125,
          "write_total_mb": 0.0
        },
        "network": {
          "sent_total_mb": 0.0,
          "recv_total_mb": 0.0
        }
      }
    },
    {
      "top_k": 10,
      "num_queries": 10,
      "avg_latency_ms": 9.759831428527832,
      "p50_latency_ms": 9.071111679077148,
      "p95_latency_ms": 14.624834060668945,
      "p99_latency_ms": 14.624834060668945,
      "min_latency_ms": 7.519006729125977,
      "max_latency_ms": 14.624834060668945,
      "queries_per_second": 102.46078606204364,
      "avg_similarity": 0.4847373656715314,
      "avg_top1_similarity": 0.5210750799192773,
      "min_similarity": 0.46673530390332774,
      "recall_at_10": 0.0,
      "precision_at_10": 0.0,
      "mrr": 0.0,
      "resource_metrics": {
        "duration": 0.0,
        "cpu": {
          "avg": 12.1,
          "max": 12.1,
          "min": 12.1
        },
        "memory": {
          "avg_mb": 11617.0625,
          "max_mb": 11617.0625,
          "min_mb": 11617.0625
        },
        "disk": {
          "read_total_mb": 0.03125,
          "write_total_mb": 0.0
        },
        "network": {
          "sent_total_mb": 0.0,
          "recv_total_mb": 0.0
        }
      }
    },
    {
      "top_k": 20,
      "num_queries": 10,
      "avg_latency_ms": 9.375166893005371,
      "p50_latency_ms": 8.9569091796875,
      "p95_latency_ms": 14.472007751464844,
      "p99_latency_ms": 14.472007751464844,
      "min_latency_ms": 7.024049758911133,
      "max_latency_ms": 14.472007751464844,
      "queries_per_second": 106.66476782894185,
      "avg_similarity": 0.4701479685882138,
      "avg_top1_similarity": 0.5210750799192773,
      "min_similarity": 0.44928775157628353,
      "recall_at_20": 0.0,
      "precision_at_20": 0.0,
      "mrr": 0.0,
      "resource_metrics": {
        "duration": 0.0,
        "cpu": {
          "avg": 11.1,
          "max": 11.1,
          "min": 11.1
        },
        "memory": {
          "avg_mb": 11534.734375,
          "max_mb": 11534.734375,
          "min_mb": 11534.734375
        },
        "disk": {
          "read_total_mb": 0.04296875,
          "write_total_mb": 0.0
        },
        "network": {
          "sent_total_mb": 0.0,
          "recv_total_mb": 0.0
        }
      }
    }
  ]
}