{
  "database": "faiss",
  "config": {
    "corpus_path": "Data/test_corpus/corpus_sizes/corpus_250k",
    "test_cases_path": "Data/test_corpus/test_cases.json",
    "output_dir": "results/faiss_scaling_n10/corpus_250k/run_8",
    "faiss_config": {
      "index_path": "./vector_stores/faiss_index.index",
      "index_type": "Flat"
    },
    "embedding_model": "sentence-transformers/all-MiniLM-L6-v2",
    "embedding_type": "sentence-transformers",
    "chunk_size": 512,
    "chunk_overlap": 50,
    "chunk_strategy": "fixed",
    "top_k_values": [
      1,
      3,
      5,
      10,
      20
    ],
    "batch_size": 100
  },
  "timestamp": "2026-01-08 13:19:55",
  "ingestion": {
    "total_time_sec": 4132.130598068237,
    "num_documents": 1,
    "num_chunks": 1775361,
    "parsing_time_sec": 2.6862730979919434,
    "embedding_time_sec": 4118.103245019913,
    "insertion_time_sec": 4.107119083404541
  },
  "query_results": [
    {
      "top_k": 1,
      "num_queries": 10,
      "avg_latency_ms": 177.25627422332764,
      "p50_latency_ms": 81.93421363830566,
      "p95_latency_ms": 1144.8256969451904,
      "p99_latency_ms": 1144.8256969451904,
      "min_latency_ms": 46.0820198059082,
      "max_latency_ms": 1144.8256969451904,
      "queries_per_second": 5.641549244909019,
      "avg_similarity": 0.6081104737846019,
      "avg_top1_similarity": 0.6081104737846019,
      "min_similarity": 0.6081104737846019,
      "recall_at_1": 0.0,
      "precision_at_1": 0.0,
      "mrr": 0.0,
      "resource_metrics": {
        "duration": 1.514106273651123,
        "cpu": {
          "avg": 20.700000000000003,
          "max": 32.2,
          "min": 0.0
        },
        "memory": {
          "avg_mb": 9910.73828125,
          "max_mb": 10970.59375,
          "min_mb": 8506.453125
        },
        "disk": {
          "read_total_mb": 227.0546875,
          "write_total_mb": 0.55078125
        },
        "network": {
          "sent_total_mb": 0.01171875,
          "recv_total_mb": 0.013671875
        }
      }
    },
    {
      "top_k": 3,
      "num_queries": 10,
      "avg_latency_ms": 50.18033981323242,
      "p50_latency_ms": 47.67799377441406,
      "p95_latency_ms": 63.384056091308594,
      "p99_latency_ms": 63.384056091308594,
      "min_latency_ms": 45.86315155029297,
      "max_latency_ms": 63.384056091308594,
      "queries_per_second": 19.928123319250673,
      "avg_similarity": 0.5952397436535154,
      "avg_top1_similarity": 0.6081104737846019,
      "min_similarity": 0.5847209357153125,
      "recall_at_3": 0.0,
      "precision_at_3": 0.0,
      "mrr": 0.0,
      "resource_metrics": {
        "duration": 0.5018587112426758,
        "cpu": {
          "avg": 20.3,
          "max": 21.8,
          "min": 18.8
        },
        "memory": {
          "avg_mb": 10962.34375,
          "max_mb": 10974.859375,
          "min_mb": 10949.828125
        },
        "disk": {
          "read_total_mb": 12.65234375,
          "write_total_mb": 5.5703125
        },
        "network": {
          "sent_total_mb": 0.0009765625,
          "recv_total_mb": 0.0009765625
        }
      }
    },
    {
      "top_k": 5,
      "num_queries": 10,
      "avg_latency_ms": 48.74165058135986,
      "p50_latency_ms": 47.32322692871094,
      "p95_latency_ms": 59.024810791015625,
      "p99_latency_ms": 59.024810791015625,
      "min_latency_ms": 45.96590995788574,
      "max_latency_ms": 59.024810791015625,
      "queries_per_second": 20.516334347988355,
      "avg_similarity": 0.5875998204291968,
      "avg_top1_similarity": 0.6081104737846019,
      "min_similarity": 0.5742864525719634,
      "recall_at_5": 0.0,
      "precision_at_5": 0.0,
      "mrr": 0.0,
      "resource_metrics": {
        "duration": 0.0,
        "cpu": {
          "avg": 9.9,
          "max": 9.9,
          "min": 9.9
        },
        "memory": {
          "avg_mb": 10960.859375,
          "max_mb": 10960.859375,
          "min_mb": 10960.859375
        },
        "disk": {
          "read_total_mb": 0.0,
          "write_total_mb": 0.0
        },
        "network": {
          "sent_total_mb": 0.0,
          "recv_total_mb": 0.0
        }
      }
    },
    {
      "top_k": 10,
      "num_queries": 10,
      "avg_latency_ms": 47.00417518615723,
      "p50_latency_ms": 47.13273048400879,
      "p95_latency_ms": 48.490047454833984,
      "p99_latency_ms": 48.490047454833984,
      "min_latency_ms": 45.70913314819336,
      "max_latency_ms": 48.490047454833984,
      "queries_per_second": 21.274705832823567,
      "avg_similarity": 0.574710645832064,
      "avg_top1_similarity": 0.6081104737846019,
      "min_similarity": 0.5554166887164811,
      "recall_at_10": 0.0,
      "precision_at_10": 0.0,
      "mrr": 0.0,
      "resource_metrics": {
        "duration": 0.0,
        "cpu": {
          "avg": 19.2,
          "max": 19.2,
          "min": 19.2
        },
        "memory": {
          "avg_mb": 10948.546875,
          "max_mb": 10948.546875,
          "min_mb": 10948.546875
        },
        "disk": {
          "read_total_mb": 0.0,
          "write_total_mb": 0.0
        },
        "network": {
          "sent_total_mb": 0.0,
          "recv_total_mb": 0.0
        }
      }
    },
    {
      "top_k": 20,
      "num_queries": 10,
      "avg_latency_ms": 47.24233150482178,
      "p50_latency_ms": 46.916961669921875,
      "p95_latency_ms": 52.7491569519043,
      "p99_latency_ms": 52.7491569519043,
      "min_latency_ms": 45.58992385864258,
      "max_latency_ms": 52.7491569519043,
      "queries_per_second": 21.167456561663034,
      "avg_similarity": 0.5591137853012855,
      "avg_top1_similarity": 0.6081104737846019,
      "min_similarity": 0.5355763691815586,
      "recall_at_20": 0.0,
      "precision_at_20": 0.0,
      "mrr": 0.0,
      "resource_metrics": {
        "duration": 0.0,
        "cpu": {
          "avg": 17.7,
          "max": 17.7,
          "min": 17.7
        },
        "memory": {
          "avg_mb": 10935.875,
          "max_mb": 10935.875,
          "min_mb": 10935.875
        },
        "disk": {
          "read_total_mb": 0.0,
          "write_total_mb": 0.0
        },
        "network": {
          "sent_total_mb": 0.0,
          "recv_total_mb": 0.0
        }
      }
    }
  ]
}