{
  "database": "opensearch",
  "config": {
    "corpus_path": "Data/test_corpus/documents",
    "test_cases_path": "Data/test_corpus/test_cases.json",
    "output_dir": "results/opensearch_scaling_n10/corpus_baseline/run_7",
    "opensearch_config": {
      "host": "localhost",
      "port": 9200,
      "index_name": "benchmark_test"
    },
    "embedding_model": "sentence-transformers/all-MiniLM-L6-v2",
    "embedding_type": "sentence-transformers",
    "chunk_size": 512,
    "chunk_overlap": 50,
    "chunk_strategy": "fixed",
    "top_k_values": [
      1,
      3,
      5,
      10,
      20
    ],
    "batch_size": 100
  },
  "timestamp": "2026-01-10 08:02:07",
  "ingestion": {
    "total_time_sec": 0.502434253692627,
    "num_documents": 20,
    "num_chunks": 175,
    "parsing_time_sec": 0.00014281272888183594,
    "embedding_time_sec": 0.28920793533325195,
    "insertion_time_sec": 0.20517396926879883
  },
  "query_results": [
    {
      "top_k": 1,
      "num_queries": 10,
      "avg_latency_ms": 23.03149700164795,
      "p50_latency_ms": 26.63707733154297,
      "p95_latency_ms": 44.96908187866211,
      "p99_latency_ms": 44.96908187866211,
      "min_latency_ms": 8.144855499267578,
      "max_latency_ms": 44.96908187866211,
      "queries_per_second": 43.41880164925658,
      "avg_similarity": 0.7316955051495089,
      "avg_top1_similarity": 0.7316955051495089,
      "min_similarity": 0.7316955051495089,
      "recall_at_1": 0.0,
      "precision_at_1": 0.0,
      "mrr": 0.0,
      "resource_metrics": {
        "duration": 0.0,
        "cpu": {
          "avg": 25.9,
          "max": 25.9,
          "min": 25.9
        },
        "memory": {
          "avg_mb": 11150.46875,
          "max_mb": 11150.46875,
          "min_mb": 11150.46875
        },
        "disk": {
          "read_total_mb": 0.0,
          "write_total_mb": 0.0
        },
        "network": {
          "sent_total_mb": 0.0,
          "recv_total_mb": 0.0
        }
      }
    },
    {
      "top_k": 3,
      "num_queries": 10,
      "avg_latency_ms": 10.744357109069824,
      "p50_latency_ms": 10.761022567749023,
      "p95_latency_ms": 13.815164566040039,
      "p99_latency_ms": 13.815164566040039,
      "min_latency_ms": 9.246110916137695,
      "max_latency_ms": 13.815164566040039,
      "queries_per_second": 93.07211123463611,
      "avg_similarity": 0.6881673174571981,
      "avg_top1_similarity": 0.7316955051495089,
      "min_similarity": 0.6527654327268795,
      "recall_at_3": 0.0,
      "precision_at_3": 0.0,
      "mrr": 0.0,
      "resource_metrics": {
        "duration": 0.0,
        "cpu": {
          "avg": 22.9,
          "max": 22.9,
          "min": 22.9
        },
        "memory": {
          "avg_mb": 11096.25,
          "max_mb": 11096.25,
          "min_mb": 11096.25
        },
        "disk": {
          "read_total_mb": 0.0,
          "write_total_mb": 0.0
        },
        "network": {
          "sent_total_mb": 0.0,
          "recv_total_mb": 0.0
        }
      }
    },
    {
      "top_k": 5,
      "num_queries": 10,
      "avg_latency_ms": 15.083718299865723,
      "p50_latency_ms": 14.999151229858398,
      "p95_latency_ms": 16.848087310791016,
      "p99_latency_ms": 16.848087310791016,
      "min_latency_ms": 12.566089630126953,
      "max_latency_ms": 16.848087310791016,
      "queries_per_second": 66.2966504756922,
      "avg_similarity": 0.6663784365523261,
      "avg_top1_similarity": 0.7316955051495089,
      "min_similarity": 0.6243872257648605,
      "recall_at_5": 0.0,
      "precision_at_5": 0.0,
      "mrr": 0.0,
      "resource_metrics": {
        "duration": 0.0,
        "cpu": {
          "avg": 17.9,
          "max": 17.9,
          "min": 17.9
        },
        "memory": {
          "avg_mb": 10989.3125,
          "max_mb": 10989.3125,
          "min_mb": 10989.3125
        },
        "disk": {
          "read_total_mb": 0.0,
          "write_total_mb": 0.0
        },
        "network": {
          "sent_total_mb": 0.0,
          "recv_total_mb": 0.0
        }
      }
    },
    {
      "top_k": 10,
      "num_queries": 10,
      "avg_latency_ms": 13.168120384216309,
      "p50_latency_ms": 12.619972229003906,
      "p95_latency_ms": 20.63918113708496,
      "p99_latency_ms": 20.63918113708496,
      "min_latency_ms": 11.476993560791016,
      "max_latency_ms": 20.63918113708496,
      "queries_per_second": 75.94098252614921,
      "avg_similarity": 0.6292959425151484,
      "avg_top1_similarity": 0.7316955051495089,
      "min_similarity": 0.5739297547011815,
      "recall_at_10": 0.0,
      "precision_at_10": 0.0,
      "mrr": 0.0,
      "resource_metrics": {
        "duration": 0.0,
        "cpu": {
          "avg": 19.4,
          "max": 19.4,
          "min": 19.4
        },
        "memory": {
          "avg_mb": 11066.078125,
          "max_mb": 11066.078125,
          "min_mb": 11066.078125
        },
        "disk": {
          "read_total_mb": 0.0,
          "write_total_mb": 0.0
        },
        "network": {
          "sent_total_mb": 0.0,
          "recv_total_mb": 0.0
        }
      }
    },
    {
      "top_k": 20,
      "num_queries": 10,
      "avg_latency_ms": 16.990208625793457,
      "p50_latency_ms": 16.704082489013672,
      "p95_latency_ms": 24.003982543945312,
      "p99_latency_ms": 24.003982543945312,
      "min_latency_ms": 14.158010482788086,
      "max_latency_ms": 24.003982543945312,
      "queries_per_second": 58.857429124317136,
      "avg_similarity": 0.574023922469125,
      "avg_top1_similarity": 0.7316955051495089,
      "min_similarity": 0.4938481953127697,
      "recall_at_20": 0.0,
      "precision_at_20": 0.0,
      "mrr": 0.0,
      "resource_metrics": {
        "duration": 0.0,
        "cpu": {
          "avg": 18.7,
          "max": 18.7,
          "min": 18.7
        },
        "memory": {
          "avg_mb": 11069.4375,
          "max_mb": 11069.4375,
          "min_mb": 11069.4375
        },
        "disk": {
          "read_total_mb": 0.0,
          "write_total_mb": 0.0
        },
        "network": {
          "sent_total_mb": 0.0,
          "recv_total_mb": 0.0
        }
      }
    }
  ]
}