{
  "database": "opensearch",
  "config": {
    "corpus_path": "Data/test_corpus/corpus_sizes/corpus_10k",
    "test_cases_path": "Data/test_corpus/test_cases.json",
    "output_dir": "results/opensearch_scaling_n10/corpus_10k/run_9",
    "opensearch_config": {
      "host": "localhost",
      "port": 9200,
      "index_name": "benchmark_test"
    },
    "embedding_model": "sentence-transformers/all-MiniLM-L6-v2",
    "embedding_type": "sentence-transformers",
    "chunk_size": 512,
    "chunk_overlap": 50,
    "chunk_strategy": "fixed",
    "top_k_values": [
      1,
      3,
      5,
      10,
      20
    ],
    "batch_size": 100
  },
  "timestamp": "2026-01-10 07:54:04",
  "ingestion": {
    "total_time_sec": 246.3676519393921,
    "num_documents": 1,
    "num_chunks": 69903,
    "parsing_time_sec": 0.14412403106689453,
    "embedding_time_sec": 168.34644293785095,
    "insertion_time_sec": 77.00446081161499
  },
  "query_results": [
    {
      "top_k": 1,
      "num_queries": 10,
      "avg_latency_ms": 57.60767459869385,
      "p50_latency_ms": 39.19386863708496,
      "p95_latency_ms": 297.1770763397217,
      "p99_latency_ms": 297.1770763397217,
      "min_latency_ms": 11.369943618774414,
      "max_latency_ms": 297.1770763397217,
      "queries_per_second": 17.358798232461083,
      "avg_similarity": 0.5972839416807366,
      "avg_top1_similarity": 0.5972839416807366,
      "min_similarity": 0.5972839416807366,
      "recall_at_1": 0.0,
      "precision_at_1": 0.0,
      "mrr": 0.0,
      "resource_metrics": {
        "duration": 0.5061750411987305,
        "cpu": {
          "avg": 9.3,
          "max": 18.6,
          "min": 0.0
        },
        "memory": {
          "avg_mb": 8852.296875,
          "max_mb": 9503.875,
          "min_mb": 8200.71875
        },
        "disk": {
          "read_total_mb": 5.13671875,
          "write_total_mb": 1.7890625
        },
        "network": {
          "sent_total_mb": 0.0546875,
          "recv_total_mb": 0.0576171875
        }
      }
    },
    {
      "top_k": 3,
      "num_queries": 10,
      "avg_latency_ms": 15.213179588317871,
      "p50_latency_ms": 15.318155288696289,
      "p95_latency_ms": 19.37103271484375,
      "p99_latency_ms": 19.37103271484375,
      "min_latency_ms": 12.670040130615234,
      "max_latency_ms": 19.37103271484375,
      "queries_per_second": 65.73247848647598,
      "avg_similarity": 0.5706728865666808,
      "avg_top1_similarity": 0.5972839416807366,
      "min_similarity": 0.5505419497576528,
      "recall_at_3": 0.0,
      "precision_at_3": 0.0,
      "mrr": 0.0,
      "resource_metrics": {
        "duration": 0.0,
        "cpu": {
          "avg": 11.8,
          "max": 11.8,
          "min": 11.8
        },
        "memory": {
          "avg_mb": 9425.046875,
          "max_mb": 9425.046875,
          "min_mb": 9425.046875
        },
        "disk": {
          "read_total_mb": 0.0,
          "write_total_mb": 0.0
        },
        "network": {
          "sent_total_mb": 0.0,
          "recv_total_mb": 0.0
        }
      }
    },
    {
      "top_k": 5,
      "num_queries": 10,
      "avg_latency_ms": 15.15038013458252,
      "p50_latency_ms": 14.403104782104492,
      "p95_latency_ms": 21.10576629638672,
      "p99_latency_ms": 21.10576629638672,
      "min_latency_ms": 11.963129043579102,
      "max_latency_ms": 21.10576629638672,
      "queries_per_second": 66.00494450415688,
      "avg_similarity": 0.5560519406742831,
      "avg_top1_similarity": 0.5972839416807366,
      "min_similarity": 0.5299822483351335,
      "recall_at_5": 0.0,
      "precision_at_5": 0.0,
      "mrr": 0.0,
      "resource_metrics": {
        "duration": 0.0,
        "cpu": {
          "avg": 13.3,
          "max": 13.3,
          "min": 13.3
        },
        "memory": {
          "avg_mb": 9426.421875,
          "max_mb": 9426.421875,
          "min_mb": 9426.421875
        },
        "disk": {
          "read_total_mb": 0.0,
          "write_total_mb": 0.0
        },
        "network": {
          "sent_total_mb": 0.0,
          "recv_total_mb": 0.0
        }
      }
    },
    {
      "top_k": 10,
      "num_queries": 10,
      "avg_latency_ms": 16.785287857055664,
      "p50_latency_ms": 16.321897506713867,
      "p95_latency_ms": 26.96990966796875,
      "p99_latency_ms": 26.96990966796875,
      "min_latency_ms": 13.303041458129883,
      "max_latency_ms": 26.96990966796875,
      "queries_per_second": 59.57598156886252,
      "avg_similarity": 0.53193146756994,
      "avg_top1_similarity": 0.5972839416807366,
      "min_similarity": 0.495618100346762,
      "recall_at_10": 0.0,
      "precision_at_10": 0.0,
      "mrr": 0.0,
      "resource_metrics": {
        "duration": 0.0,
        "cpu": {
          "avg": 11.8,
          "max": 11.8,
          "min": 11.8
        },
        "memory": {
          "avg_mb": 9436.328125,
          "max_mb": 9436.328125,
          "min_mb": 9436.328125
        },
        "disk": {
          "read_total_mb": 0.0,
          "write_total_mb": 0.0
        },
        "network": {
          "sent_total_mb": 0.0,
          "recv_total_mb": 0.0
        }
      }
    },
    {
      "top_k": 20,
      "num_queries": 10,
      "avg_latency_ms": 20.290374755859375,
      "p50_latency_ms": 19.6380615234375,
      "p95_latency_ms": 30.707836151123047,
      "p99_latency_ms": 30.707836151123047,
      "min_latency_ms": 17.147064208984375,
      "max_latency_ms": 30.707836151123047,
      "queries_per_second": 49.28445196465501,
      "avg_similarity": 0.5037875649668875,
      "avg_top1_similarity": 0.5972839416807366,
      "min_similarity": 0.4634092017181498,
      "recall_at_20": 0.0,
      "precision_at_20": 0.0,
      "mrr": 0.0,
      "resource_metrics": {
        "duration": 0.0,
        "cpu": {
          "avg": 12.8,
          "max": 12.8,
          "min": 12.8
        },
        "memory": {
          "avg_mb": 9446.4375,
          "max_mb": 9446.4375,
          "min_mb": 9446.4375
        },
        "disk": {
          "read_total_mb": 0.0,
          "write_total_mb": 0.0
        },
        "network": {
          "sent_total_mb": 0.0,
          "recv_total_mb": 0.0
        }
      }
    }
  ]
}