{
  "database": "chroma",
  "config": {
    "corpus_path": "Data/test_corpus/documents",
    "test_cases_path": "Data/test_corpus/test_cases.json",
    "output_dir": "results/chroma_scaling_n3/corpus_baseline/run_3",
    "chroma_config": {
      "persist_directory": "./vector_stores/chroma_db",
      "collection_name": "benchmark_test"
    },
    "embedding_model": "sentence-transformers/all-MiniLM-L6-v2",
    "embedding_type": "sentence-transformers",
    "chunk_size": 512,
    "chunk_overlap": 50,
    "chunk_strategy": "fixed",
    "top_k_values": [
      1,
      3,
      5,
      10,
      20
    ],
    "batch_size": 100
  },
  "timestamp": "2025-12-22 18:28:06",
  "ingestion": {
    "total_time_sec": 0.5052239894866943,
    "num_documents": 20,
    "num_chunks": 175,
    "parsing_time_sec": 0.00011897087097167969,
    "embedding_time_sec": 0.29291415214538574,
    "insertion_time_sec": 0.13109970092773438
  },
  "query_results": [
    {
      "top_k": 1,
      "num_queries": 10,
      "avg_latency_ms": 17.957115173339844,
      "p50_latency_ms": 20.81012725830078,
      "p95_latency_ms": 40.09294509887695,
      "p99_latency_ms": 40.09294509887695,
      "min_latency_ms": 4.369974136352539,
      "max_latency_ms": 40.09294509887695,
      "queries_per_second": 55.68823223257247,
      "avg_similarity": 0.7316957116127014,
      "avg_top1_similarity": 0.7316957116127014,
      "min_similarity": 0.7316957116127014,
      "recall_at_1": 0.0,
      "precision_at_1": 0.0,
      "mrr": 0.0,
      "resource_metrics": {
        "duration": 0.0,
        "cpu": {
          "avg": 17.5,
          "max": 17.5,
          "min": 17.5
        },
        "memory": {
          "avg_mb": 9496.46875,
          "max_mb": 9496.46875,
          "min_mb": 9496.46875
        },
        "disk": {
          "read_total_mb": 0.0,
          "write_total_mb": 0.0
        },
        "network": {
          "sent_total_mb": 0.0,
          "recv_total_mb": 0.0
        }
      }
    },
    {
      "top_k": 3,
      "num_queries": 10,
      "avg_latency_ms": 9.440994262695312,
      "p50_latency_ms": 8.729934692382812,
      "p95_latency_ms": 14.497756958007812,
      "p99_latency_ms": 14.497756958007812,
      "min_latency_ms": 7.347822189331055,
      "max_latency_ms": 14.497756958007812,
      "queries_per_second": 105.92104731504303,
      "avg_similarity": 0.6881674289703368,
      "avg_top1_similarity": 0.7316957116127014,
      "min_similarity": 0.6527655184268951,
      "recall_at_3": 0.0,
      "precision_at_3": 0.0,
      "mrr": 0.0,
      "resource_metrics": {
        "duration": 0.0,
        "cpu": {
          "avg": 9.0,
          "max": 9.0,
          "min": 9.0
        },
        "memory": {
          "avg_mb": 9749.0625,
          "max_mb": 9749.0625,
          "min_mb": 9749.0625
        },
        "disk": {
          "read_total_mb": 0.0,
          "write_total_mb": 0.0
        },
        "network": {
          "sent_total_mb": 0.0,
          "recv_total_mb": 0.0
        }
      }
    },
    {
      "top_k": 5,
      "num_queries": 10,
      "avg_latency_ms": 10.9236478805542,
      "p50_latency_ms": 10.380983352661133,
      "p95_latency_ms": 15.78378677368164,
      "p99_latency_ms": 15.78378677368164,
      "min_latency_ms": 8.931875228881836,
      "max_latency_ms": 15.78378677368164,
      "queries_per_second": 91.54451067396234,
      "avg_similarity": 0.6663785147666931,
      "avg_top1_similarity": 0.7316957116127014,
      "min_similarity": 0.6243872523307801,
      "recall_at_5": 0.0,
      "precision_at_5": 0.0,
      "mrr": 0.0,
      "resource_metrics": {
        "duration": 0.0,
        "cpu": {
          "avg": 7.1,
          "max": 7.1,
          "min": 7.1
        },
        "memory": {
          "avg_mb": 9689.484375,
          "max_mb": 9689.484375,
          "min_mb": 9689.484375
        },
        "disk": {
          "read_total_mb": 0.0,
          "write_total_mb": 0.0
        },
        "network": {
          "sent_total_mb": 0.0,
          "recv_total_mb": 0.0
        }
      }
    },
    {
      "top_k": 10,
      "num_queries": 10,
      "avg_latency_ms": 10.243034362792969,
      "p50_latency_ms": 10.406970977783203,
      "p95_latency_ms": 12.119054794311523,
      "p99_latency_ms": 12.119054794311523,
      "min_latency_ms": 8.577823638916016,
      "max_latency_ms": 12.119054794311523,
      "queries_per_second": 97.62732063385658,
      "avg_similarity": 0.6292960041761398,
      "avg_top1_similarity": 0.7316957116127014,
      "min_similarity": 0.5739298105239868,
      "recall_at_10": 0.0,
      "precision_at_10": 0.0,
      "mrr": 0.0,
      "resource_metrics": {
        "duration": 0.0,
        "cpu": {
          "avg": 8.2,
          "max": 8.2,
          "min": 8.2
        },
        "memory": {
          "avg_mb": 9690.25,
          "max_mb": 9690.25,
          "min_mb": 9690.25
        },
        "disk": {
          "read_total_mb": 0.0,
          "write_total_mb": 0.0
        },
        "network": {
          "sent_total_mb": 0.0,
          "recv_total_mb": 0.0
        }
      }
    },
    {
      "top_k": 20,
      "num_queries": 10,
      "avg_latency_ms": 10.261678695678711,
      "p50_latency_ms": 9.724140167236328,
      "p95_latency_ms": 15.458822250366211,
      "p99_latency_ms": 15.458822250366211,
      "min_latency_ms": 7.909059524536133,
      "max_latency_ms": 15.458822250366211,
      "queries_per_second": 97.44994261232418,
      "avg_similarity": 0.5740239790081978,
      "avg_top1_similarity": 0.7316957116127014,
      "min_similarity": 0.4938482403755188,
      "recall_at_20": 0.0,
      "precision_at_20": 0.0,
      "mrr": 0.0,
      "resource_metrics": {
        "duration": 0.0,
        "cpu": {
          "avg": 6.2,
          "max": 6.2,
          "min": 6.2
        },
        "memory": {
          "avg_mb": 9690.515625,
          "max_mb": 9690.515625,
          "min_mb": 9690.515625
        },
        "disk": {
          "read_total_mb": 0.0,
          "write_total_mb": 0.0
        },
        "network": {
          "sent_total_mb": 0.0,
          "recv_total_mb": 0.0
        }
      }
    }
  ]
}