{
  "database": "milvus",
  "config": {
    "corpus_path": "Data/test_corpus/corpus_sizes/corpus_1k",
    "test_cases_path": "Data/test_corpus/test_cases.json",
    "output_dir": "results/milvus_scaling_n10/corpus_1k/run_7",
    "milvus_config": {
      "host": "localhost",
      "port": 19530,
      "collection_name": "benchmark_test"
    },
    "embedding_model": "sentence-transformers/all-MiniLM-L6-v2",
    "embedding_type": "sentence-transformers",
    "chunk_size": 512,
    "chunk_overlap": 50,
    "chunk_strategy": "fixed",
    "top_k_values": [
      1,
      3,
      5,
      10,
      20
    ],
    "batch_size": 100
  },
  "timestamp": "2026-01-10 05:45:43",
  "ingestion": {
    "total_time_sec": 20.836317777633667,
    "num_documents": 1,
    "num_chunks": 5562,
    "parsing_time_sec": 0.006928920745849609,
    "embedding_time_sec": 13.6170072555542,
    "insertion_time_sec": 6.870544672012329
  },
  "query_results": [
    {
      "top_k": 1,
      "num_queries": 10,
      "avg_latency_ms": 27.162575721740723,
      "p50_latency_ms": 28.570890426635742,
      "p95_latency_ms": 63.93718719482422,
      "p99_latency_ms": 63.93718719482422,
      "min_latency_ms": 10.49184799194336,
      "max_latency_ms": 63.93718719482422,
      "queries_per_second": 36.815359862931096,
      "avg_similarity": 0.5281620055437088,
      "avg_top1_similarity": 0.5281620055437088,
      "min_similarity": 0.5281620055437088,
      "recall_at_1": 0.0,
      "precision_at_1": 0.0,
      "mrr": 0.0,
      "resource_metrics": {
        "duration": 0.0,
        "cpu": {
          "avg": 0.0,
          "max": 0.0,
          "min": 0.0
        },
        "memory": {
          "avg_mb": 9770.78125,
          "max_mb": 9770.78125,
          "min_mb": 9770.78125
        },
        "disk": {
          "read_total_mb": 0.0,
          "write_total_mb": 0.0
        },
        "network": {
          "sent_total_mb": 0.0,
          "recv_total_mb": 0.0
        }
      }
    },
    {
      "top_k": 3,
      "num_queries": 10,
      "avg_latency_ms": 11.321377754211426,
      "p50_latency_ms": 10.654926300048828,
      "p95_latency_ms": 15.640020370483398,
      "p99_latency_ms": 15.640020370483398,
      "min_latency_ms": 8.640766143798828,
      "max_latency_ms": 15.640020370483398,
      "queries_per_second": 88.32847217981144,
      "avg_similarity": 0.5003335307041804,
      "avg_top1_similarity": 0.5281620055437088,
      "min_similarity": 0.476975554227829,
      "recall_at_3": 0.0,
      "precision_at_3": 0.0,
      "mrr": 0.0,
      "resource_metrics": {
        "duration": 0.0,
        "cpu": {
          "avg": 13.4,
          "max": 13.4,
          "min": 13.4
        },
        "memory": {
          "avg_mb": 10722.4375,
          "max_mb": 10722.4375,
          "min_mb": 10722.4375
        },
        "disk": {
          "read_total_mb": 0.0,
          "write_total_mb": 0.0
        },
        "network": {
          "sent_total_mb": 0.0,
          "recv_total_mb": 0.0
        }
      }
    },
    {
      "top_k": 5,
      "num_queries": 10,
      "avg_latency_ms": 11.132383346557617,
      "p50_latency_ms": 10.6201171875,
      "p95_latency_ms": 14.48512077331543,
      "p99_latency_ms": 14.48512077331543,
      "min_latency_ms": 9.233236312866211,
      "max_latency_ms": 14.48512077331543,
      "queries_per_second": 89.82802414087028,
      "avg_similarity": 0.4823250257968903,
      "avg_top1_similarity": 0.5281620055437088,
      "min_similarity": 0.4517365336418152,
      "recall_at_5": 0.0,
      "precision_at_5": 0.0,
      "mrr": 0.0,
      "resource_metrics": {
        "duration": 0.0,
        "cpu": {
          "avg": 12.9,
          "max": 12.9,
          "min": 12.9
        },
        "memory": {
          "avg_mb": 10793.765625,
          "max_mb": 10793.765625,
          "min_mb": 10793.765625
        },
        "disk": {
          "read_total_mb": 0.0,
          "write_total_mb": 0.0
        },
        "network": {
          "sent_total_mb": 0.0,
          "recv_total_mb": 0.0
        }
      }
    },
    {
      "top_k": 10,
      "num_queries": 10,
      "avg_latency_ms": 12.08350658416748,
      "p50_latency_ms": 11.410951614379883,
      "p95_latency_ms": 15.738964080810547,
      "p99_latency_ms": 15.738964080810547,
      "min_latency_ms": 9.980201721191406,
      "max_latency_ms": 15.738964080810547,
      "queries_per_second": 82.75743411355928,
      "avg_similarity": 0.4576154735684394,
      "avg_top1_similarity": 0.5281620055437088,
      "min_similarity": 0.42120504677295684,
      "recall_at_10": 0.0,
      "precision_at_10": 0.0,
      "mrr": 0.0,
      "resource_metrics": {
        "duration": 0.0,
        "cpu": {
          "avg": 12.2,
          "max": 12.2,
          "min": 12.2
        },
        "memory": {
          "avg_mb": 10696.21875,
          "max_mb": 10696.21875,
          "min_mb": 10696.21875
        },
        "disk": {
          "read_total_mb": 0.0,
          "write_total_mb": 0.0
        },
        "network": {
          "sent_total_mb": 0.0,
          "recv_total_mb": 0.0
        }
      }
    },
    {
      "top_k": 20,
      "num_queries": 10,
      "avg_latency_ms": 11.543941497802734,
      "p50_latency_ms": 11.132955551147461,
      "p95_latency_ms": 15.961885452270508,
      "p99_latency_ms": 15.961885452270508,
      "min_latency_ms": 9.144067764282227,
      "max_latency_ms": 15.961885452270508,
      "queries_per_second": 86.62552562227894,
      "avg_similarity": 0.4268869496881962,
      "avg_top1_similarity": 0.5281620055437088,
      "min_similarity": 0.3815583735704422,
      "recall_at_20": 0.0,
      "precision_at_20": 0.0,
      "mrr": 0.0,
      "resource_metrics": {
        "duration": 0.0,
        "cpu": {
          "avg": 12.0,
          "max": 12.0,
          "min": 12.0
        },
        "memory": {
          "avg_mb": 10665.609375,
          "max_mb": 10665.609375,
          "min_mb": 10665.609375
        },
        "disk": {
          "read_total_mb": 0.0,
          "write_total_mb": 0.0
        },
        "network": {
          "sent_total_mb": 0.0,
          "recv_total_mb": 0.0
        }
      }
    }
  ]
}