{
  "database": "weaviate",
  "config": {
    "corpus_path": "Data/test_corpus/corpus_sizes/corpus_10k",
    "test_cases_path": "Data/test_corpus/test_cases.json",
    "output_dir": "results/weaviate_scaling_n3/corpus_10k/run_3",
    "weaviate_config": {
      "host": "localhost",
      "port": 8082,
      "class_name": "BenchmarkTest"
    },
    "embedding_model": "sentence-transformers/all-MiniLM-L6-v2",
    "embedding_type": "sentence-transformers",
    "chunk_size": 512,
    "chunk_overlap": 50,
    "chunk_strategy": "fixed",
    "top_k_values": [
      1,
      3,
      5,
      10,
      20
    ],
    "batch_size": 100
  },
  "timestamp": "2025-12-22 16:26:17",
  "ingestion": {
    "total_time_sec": 1613.9158961772919,
    "num_documents": 1,
    "num_chunks": 69903,
    "parsing_time_sec": 0.12896084785461426,
    "embedding_time_sec": 1581.343286037445,
    "insertion_time_sec": 31.949436902999878
  },
  "query_results": [
    {
      "top_k": 1,
      "num_queries": 10,
      "avg_latency_ms": 90.06133079528809,
      "p50_latency_ms": 39.9627685546875,
      "p95_latency_ms": 595.2930450439453,
      "p99_latency_ms": 595.2930450439453,
      "min_latency_ms": 6.705284118652344,
      "max_latency_ms": 595.2930450439453,
      "queries_per_second": 11.103544564237318,
      "avg_similarity": 0.5972839415073394,
      "avg_top1_similarity": 0.5972839415073394,
      "min_similarity": 0.5972839415073394,
      "recall_at_1": 0.0,
      "precision_at_1": 0.0,
      "mrr": 0.0,
      "resource_metrics": {
        "duration": 0.5021851062774658,
        "cpu": {
          "avg": 20.55,
          "max": 41.1,
          "min": 0.0
        },
        "memory": {
          "avg_mb": 12001.203125,
          "max_mb": 12408.25,
          "min_mb": 11594.15625
        },
        "disk": {
          "read_total_mb": 126.83984375,
          "write_total_mb": 36.8515625
        },
        "network": {
          "sent_total_mb": 1.8740234375,
          "recv_total_mb": 1.873046875
        }
      }
    },
    {
      "top_k": 3,
      "num_queries": 10,
      "avg_latency_ms": 17.928171157836914,
      "p50_latency_ms": 10.63084602355957,
      "p95_latency_ms": 43.62297058105469,
      "p99_latency_ms": 43.62297058105469,
      "min_latency_ms": 7.545948028564453,
      "max_latency_ms": 43.62297058105469,
      "queries_per_second": 55.778137725044616,
      "avg_similarity": 0.5706729133923848,
      "avg_top1_similarity": 0.5972839415073394,
      "min_similarity": 0.5505420148372651,
      "recall_at_3": 0.0,
      "precision_at_3": 0.0,
      "mrr": 0.0,
      "resource_metrics": {
        "duration": 0.0,
        "cpu": {
          "avg": 36.4,
          "max": 36.4,
          "min": 36.4
        },
        "memory": {
          "avg_mb": 12400.28125,
          "max_mb": 12400.28125,
          "min_mb": 12400.28125
        },
        "disk": {
          "read_total_mb": 0.0625,
          "write_total_mb": 0.046875
        },
        "network": {
          "sent_total_mb": 0.0,
          "recv_total_mb": 0.0
        }
      }
    },
    {
      "top_k": 5,
      "num_queries": 10,
      "avg_latency_ms": 24.423575401306152,
      "p50_latency_ms": 26.884794235229492,
      "p95_latency_ms": 41.506052017211914,
      "p99_latency_ms": 41.506052017211914,
      "min_latency_ms": 7.074117660522461,
      "max_latency_ms": 41.506052017211914,
      "queries_per_second": 40.944046216366864,
      "avg_similarity": 0.5560519528388976,
      "avg_top1_similarity": 0.5972839415073394,
      "min_similarity": 0.5299822449684143,
      "recall_at_5": 0.0,
      "precision_at_5": 0.0,
      "mrr": 0.0,
      "resource_metrics": {
        "duration": 0.0,
        "cpu": {
          "avg": 29.5,
          "max": 29.5,
          "min": 29.5
        },
        "memory": {
          "avg_mb": 12540.859375,
          "max_mb": 12540.859375,
          "min_mb": 12540.859375
        },
        "disk": {
          "read_total_mb": 0.03125,
          "write_total_mb": 0.015625
        },
        "network": {
          "sent_total_mb": 0.0,
          "recv_total_mb": 0.0
        }
      }
    },
    {
      "top_k": 10,
      "num_queries": 10,
      "avg_latency_ms": 17.896199226379395,
      "p50_latency_ms": 15.694856643676758,
      "p95_latency_ms": 36.16499900817871,
      "p99_latency_ms": 36.16499900817871,
      "min_latency_ms": 6.599187850952148,
      "max_latency_ms": 36.16499900817871,
      "queries_per_second": 55.87778652608973,
      "avg_similarity": 0.5319314944744111,
      "avg_top1_similarity": 0.5972839415073394,
      "min_similarity": 0.4956180989742279,
      "recall_at_10": 0.0,
      "precision_at_10": 0.0,
      "mrr": 0.0,
      "resource_metrics": {
        "duration": 0.0,
        "cpu": {
          "avg": 25.1,
          "max": 25.1,
          "min": 25.1
        },
        "memory": {
          "avg_mb": 12540.859375,
          "max_mb": 12540.859375,
          "min_mb": 12540.859375
        },
        "disk": {
          "read_total_mb": 0.046875,
          "write_total_mb": 0.015625
        },
        "network": {
          "sent_total_mb": 0.0,
          "recv_total_mb": 0.0
        }
      }
    },
    {
      "top_k": 20,
      "num_queries": 10,
      "avg_latency_ms": 30.42447566986084,
      "p50_latency_ms": 35.37893295288086,
      "p95_latency_ms": 49.070119857788086,
      "p99_latency_ms": 49.070119857788086,
      "min_latency_ms": 7.610082626342773,
      "max_latency_ms": 49.070119857788086,
      "queries_per_second": 32.868273913776015,
      "avg_similarity": 0.5037875854969024,
      "avg_top1_similarity": 0.5972839415073394,
      "min_similarity": 0.4634092628955841,
      "recall_at_20": 0.0,
      "precision_at_20": 0.0,
      "mrr": 0.0,
      "resource_metrics": {
        "duration": 0.0,
        "cpu": {
          "avg": 29.1,
          "max": 29.1,
          "min": 29.1
        },
        "memory": {
          "avg_mb": 11816.109375,
          "max_mb": 11816.109375,
          "min_mb": 11816.109375
        },
        "disk": {
          "read_total_mb": 0.078125,
          "write_total_mb": 0.15625
        },
        "network": {
          "sent_total_mb": 0.0,
          "recv_total_mb": 0.0
        }
      }
    }
  ]
}