{
  "database": "weaviate",
  "config": {
    "corpus_path": "Data/test_corpus/corpus_sizes/corpus_10k",
    "test_cases_path": "Data/test_corpus/test_cases.json",
    "output_dir": "results/weaviate_scaling_n10/corpus_10k/run_7",
    "weaviate_config": {
      "host": "localhost",
      "port": 8082,
      "class_name": "BenchmarkTest"
    },
    "embedding_model": "sentence-transformers/all-MiniLM-L6-v2",
    "embedding_type": "sentence-transformers",
    "chunk_size": 512,
    "chunk_overlap": 50,
    "chunk_strategy": "fixed",
    "top_k_values": [
      1,
      3,
      5,
      10,
      20
    ],
    "batch_size": 100
  },
  "timestamp": "2026-01-10 03:16:29",
  "ingestion": {
    "total_time_sec": 183.34440326690674,
    "num_documents": 1,
    "num_chunks": 69903,
    "parsing_time_sec": 0.15684294700622559,
    "embedding_time_sec": 166.99103903770447,
    "insertion_time_sec": 15.880491971969604
  },
  "query_results": [
    {
      "top_k": 1,
      "num_queries": 10,
      "avg_latency_ms": 42.61219501495361,
      "p50_latency_ms": 29.597043991088867,
      "p95_latency_ms": 220.5069065093994,
      "p99_latency_ms": 220.5069065093994,
      "min_latency_ms": 8.002758026123047,
      "max_latency_ms": 220.5069065093994,
      "queries_per_second": 23.467460421812973,
      "avg_similarity": 0.5972839415073394,
      "avg_top1_similarity": 0.5972839415073394,
      "min_similarity": 0.5972839415073394,
      "recall_at_1": 0.0,
      "precision_at_1": 0.0,
      "mrr": 0.0,
      "resource_metrics": {
        "duration": 0.0,
        "cpu": {
          "avg": 34.9,
          "max": 34.9,
          "min": 34.9
        },
        "memory": {
          "avg_mb": 10084.65625,
          "max_mb": 10084.65625,
          "min_mb": 10084.65625
        },
        "disk": {
          "read_total_mb": 0.0,
          "write_total_mb": 0.0
        },
        "network": {
          "sent_total_mb": 0.0,
          "recv_total_mb": 0.0
        }
      }
    },
    {
      "top_k": 3,
      "num_queries": 10,
      "avg_latency_ms": 9.131526947021484,
      "p50_latency_ms": 9.536981582641602,
      "p95_latency_ms": 9.933948516845703,
      "p99_latency_ms": 9.933948516845703,
      "min_latency_ms": 7.634878158569336,
      "max_latency_ms": 9.933948516845703,
      "queries_per_second": 109.51071007091309,
      "avg_similarity": 0.5706729133923848,
      "avg_top1_similarity": 0.5972839415073394,
      "min_similarity": 0.5505420148372651,
      "recall_at_3": 0.0,
      "precision_at_3": 0.0,
      "mrr": 0.0,
      "resource_metrics": {
        "duration": 0.0,
        "cpu": {
          "avg": 32.7,
          "max": 32.7,
          "min": 32.7
        },
        "memory": {
          "avg_mb": 10341.234375,
          "max_mb": 10341.234375,
          "min_mb": 10341.234375
        },
        "disk": {
          "read_total_mb": 0.1875,
          "write_total_mb": 0.0
        },
        "network": {
          "sent_total_mb": 0.0,
          "recv_total_mb": 0.0
        }
      }
    },
    {
      "top_k": 5,
      "num_queries": 10,
      "avg_latency_ms": 12.612628936767578,
      "p50_latency_ms": 10.294198989868164,
      "p95_latency_ms": 21.456241607666016,
      "p99_latency_ms": 21.456241607666016,
      "min_latency_ms": 8.40306282043457,
      "max_latency_ms": 21.456241607666016,
      "queries_per_second": 79.28561166854438,
      "avg_similarity": 0.5560519528388976,
      "avg_top1_similarity": 0.5972839415073394,
      "min_similarity": 0.5299822449684143,
      "recall_at_5": 0.0,
      "precision_at_5": 0.0,
      "mrr": 0.0,
      "resource_metrics": {
        "duration": 0.0,
        "cpu": {
          "avg": 22.1,
          "max": 22.1,
          "min": 22.1
        },
        "memory": {
          "avg_mb": 10033.8125,
          "max_mb": 10033.8125,
          "min_mb": 10033.8125
        },
        "disk": {
          "read_total_mb": 0.0,
          "write_total_mb": 0.0
        },
        "network": {
          "sent_total_mb": 0.0,
          "recv_total_mb": 0.0
        }
      }
    },
    {
      "top_k": 10,
      "num_queries": 10,
      "avg_latency_ms": 11.76462173461914,
      "p50_latency_ms": 10.683774948120117,
      "p95_latency_ms": 17.21477508544922,
      "p99_latency_ms": 17.21477508544922,
      "min_latency_ms": 9.846210479736328,
      "max_latency_ms": 17.21477508544922,
      "queries_per_second": 85.00060797172526,
      "avg_similarity": 0.5319314944744111,
      "avg_top1_similarity": 0.5972839415073394,
      "min_similarity": 0.4956180989742279,
      "recall_at_10": 0.0,
      "precision_at_10": 0.0,
      "mrr": 0.0,
      "resource_metrics": {
        "duration": 0.0,
        "cpu": {
          "avg": 23.7,
          "max": 23.7,
          "min": 23.7
        },
        "memory": {
          "avg_mb": 10001.296875,
          "max_mb": 10001.296875,
          "min_mb": 10001.296875
        },
        "disk": {
          "read_total_mb": 0.4375,
          "write_total_mb": 0.0
        },
        "network": {
          "sent_total_mb": 0.0,
          "recv_total_mb": 0.0
        }
      }
    },
    {
      "top_k": 20,
      "num_queries": 10,
      "avg_latency_ms": 13.820362091064453,
      "p50_latency_ms": 12.911796569824219,
      "p95_latency_ms": 18.460988998413086,
      "p99_latency_ms": 18.460988998413086,
      "min_latency_ms": 10.986089706420898,
      "max_latency_ms": 18.460988998413086,
      "queries_per_second": 72.35700435421656,
      "avg_similarity": 0.5037875854969024,
      "avg_top1_similarity": 0.5972839415073394,
      "min_similarity": 0.4634092628955841,
      "recall_at_20": 0.0,
      "precision_at_20": 0.0,
      "mrr": 0.0,
      "resource_metrics": {
        "duration": 0.0,
        "cpu": {
          "avg": 13.1,
          "max": 13.1,
          "min": 13.1
        },
        "memory": {
          "avg_mb": 10142.21875,
          "max_mb": 10142.21875,
          "min_mb": 10142.21875
        },
        "disk": {
          "read_total_mb": 0.0,
          "write_total_mb": 0.0
        },
        "network": {
          "sent_total_mb": 0.0,
          "recv_total_mb": 0.0
        }
      }
    }
  ]
}