{
  "database": "faiss",
  "config": {
    "corpus_path": "Data/test_corpus/corpus_sizes/corpus_10k",
    "test_cases_path": "Data/test_corpus/test_cases.json",
    "output_dir": "results/faiss_scaling_n10/corpus_10k/run_6",
    "faiss_config": {
      "index_path": "./vector_stores/faiss_index.index",
      "index_type": "Flat"
    },
    "embedding_model": "sentence-transformers/all-MiniLM-L6-v2",
    "embedding_type": "sentence-transformers",
    "chunk_size": 512,
    "chunk_overlap": 50,
    "chunk_strategy": "fixed",
    "top_k_values": [
      1,
      3,
      5,
      10,
      20
    ],
    "batch_size": 100
  },
  "timestamp": "2026-01-07 21:12:46",
  "ingestion": {
    "total_time_sec": 160.17882704734802,
    "num_documents": 1,
    "num_chunks": 69903,
    "parsing_time_sec": 0.12586188316345215,
    "embedding_time_sec": 159.51947903633118,
    "insertion_time_sec": 0.17459511756896973
  },
  "query_results": [
    {
      "top_k": 1,
      "num_queries": 10,
      "avg_latency_ms": 22.41039276123047,
      "p50_latency_ms": 24.214982986450195,
      "p95_latency_ms": 52.145957946777344,
      "p99_latency_ms": 52.145957946777344,
      "min_latency_ms": 7.206916809082031,
      "max_latency_ms": 52.145957946777344,
      "queries_per_second": 44.622154134218476,
      "avg_similarity": 0.5581660055095653,
      "avg_top1_similarity": 0.5581660055095653,
      "min_similarity": 0.5581660055095653,
      "recall_at_1": 0.0,
      "precision_at_1": 0.0,
      "mrr": 0.0,
      "resource_metrics": {
        "duration": 0.0,
        "cpu": {
          "avg": 0.0,
          "max": 0.0,
          "min": 0.0
        },
        "memory": {
          "avg_mb": 13056.71875,
          "max_mb": 13056.71875,
          "min_mb": 13056.71875
        },
        "disk": {
          "read_total_mb": 0.0,
          "write_total_mb": 0.0
        },
        "network": {
          "sent_total_mb": 0.0,
          "recv_total_mb": 0.0
        }
      }
    },
    {
      "top_k": 3,
      "num_queries": 10,
      "avg_latency_ms": 14.235544204711914,
      "p50_latency_ms": 11.721134185791016,
      "p95_latency_ms": 41.48292541503906,
      "p99_latency_ms": 41.48292541503906,
      "min_latency_ms": 9.145975112915039,
      "max_latency_ms": 41.48292541503906,
      "queries_per_second": 70.24669978327935,
      "avg_similarity": 0.541706624168814,
      "avg_top1_similarity": 0.5581660055095653,
      "min_similarity": 0.5291392686176649,
      "recall_at_3": 0.0,
      "precision_at_3": 0.0,
      "mrr": 0.0,
      "resource_metrics": {
        "duration": 0.0,
        "cpu": {
          "avg": 11.4,
          "max": 11.4,
          "min": 11.4
        },
        "memory": {
          "avg_mb": 12596.046875,
          "max_mb": 12596.046875,
          "min_mb": 12596.046875
        },
        "disk": {
          "read_total_mb": 0.0,
          "write_total_mb": 0.0
        },
        "network": {
          "sent_total_mb": 0.0,
          "recv_total_mb": 0.0
        }
      }
    },
    {
      "top_k": 5,
      "num_queries": 10,
      "avg_latency_ms": 10.837984085083008,
      "p50_latency_ms": 10.297775268554688,
      "p95_latency_ms": 14.544963836669922,
      "p99_latency_ms": 14.544963836669922,
      "min_latency_ms": 9.19198989868164,
      "max_latency_ms": 14.544963836669922,
      "queries_per_second": 92.26808160535705,
      "avg_similarity": 0.5330032980995693,
      "avg_top1_similarity": 0.5581660055095653,
      "min_similarity": 0.5176948310628566,
      "recall_at_5": 0.0,
      "precision_at_5": 0.0,
      "mrr": 0.0,
      "resource_metrics": {
        "duration": 0.0,
        "cpu": {
          "avg": 6.5,
          "max": 6.5,
          "min": 6.5
        },
        "memory": {
          "avg_mb": 11807.859375,
          "max_mb": 11807.859375,
          "min_mb": 11807.859375
        },
        "disk": {
          "read_total_mb": 0.0,
          "write_total_mb": 0.0
        },
        "network": {
          "sent_total_mb": 0.0,
          "recv_total_mb": 0.0
        }
      }
    },
    {
      "top_k": 10,
      "num_queries": 10,
      "avg_latency_ms": 11.445426940917969,
      "p50_latency_ms": 11.219978332519531,
      "p95_latency_ms": 16.369342803955078,
      "p99_latency_ms": 16.369342803955078,
      "min_latency_ms": 9.061098098754883,
      "max_latency_ms": 16.369342803955078,
      "queries_per_second": 87.37114003366274,
      "avg_similarity": 0.5193785008576619,
      "avg_top1_similarity": 0.5581660055095653,
      "min_similarity": 0.4993554378505681,
      "recall_at_10": 0.0,
      "precision_at_10": 0.0,
      "mrr": 0.0,
      "resource_metrics": {
        "duration": 0.0,
        "cpu": {
          "avg": 7.6,
          "max": 7.6,
          "min": 7.6
        },
        "memory": {
          "avg_mb": 11239.015625,
          "max_mb": 11239.015625,
          "min_mb": 11239.015625
        },
        "disk": {
          "read_total_mb": 0.0,
          "write_total_mb": 0.0
        },
        "network": {
          "sent_total_mb": 0.0,
          "recv_total_mb": 0.0
        }
      }
    },
    {
      "top_k": 20,
      "num_queries": 10,
      "avg_latency_ms": 11.040830612182617,
      "p50_latency_ms": 10.415077209472656,
      "p95_latency_ms": 15.527963638305664,
      "p99_latency_ms": 15.527963638305664,
      "min_latency_ms": 9.135007858276367,
      "max_latency_ms": 15.527963638305664,
      "queries_per_second": 90.57289574722621,
      "avg_similarity": 0.5042849702899981,
      "avg_top1_similarity": 0.5581660055095653,
      "min_similarity": 0.48320295502314875,
      "recall_at_20": 0.0,
      "precision_at_20": 0.0,
      "mrr": 0.0,
      "resource_metrics": {
        "duration": 0.0,
        "cpu": {
          "avg": 6.7,
          "max": 6.7,
          "min": 6.7
        },
        "memory": {
          "avg_mb": 11209.515625,
          "max_mb": 11209.515625,
          "min_mb": 11209.515625
        },
        "disk": {
          "read_total_mb": 0.0,
          "write_total_mb": 0.0
        },
        "network": {
          "sent_total_mb": 0.0,
          "recv_total_mb": 0.0
        }
      }
    }
  ]
}