{
  "database": "chroma",
  "config": {
    "corpus_path": "Data/test_corpus/corpus_sizes/corpus_50k",
    "test_cases_path": "Data/test_corpus/test_cases.json",
    "output_dir": "results/chroma_scaling_n10/corpus_50k/run_6",
    "chroma_config": {
      "persist_directory": "./vector_stores/chroma_db",
      "collection_name": "benchmark_test"
    },
    "embedding_model": "sentence-transformers/all-MiniLM-L6-v2",
    "embedding_type": "sentence-transformers",
    "chunk_size": 512,
    "chunk_overlap": 50,
    "chunk_strategy": "fixed",
    "top_k_values": [
      1,
      3,
      5,
      10,
      20
    ],
    "batch_size": 100
  },
  "timestamp": "2026-01-22 13:47:51",
  "ingestion": {
    "total_time_sec": 1278.8190422058105,
    "num_documents": 1,
    "num_chunks": 345046,
    "parsing_time_sec": 0.6004159450531006,
    "embedding_time_sec": 781.8179080486298,
    "insertion_time_sec": 495.7341499328613
  },
  "query_results": [
    {
      "top_k": 1,
      "num_queries": 10,
      "avg_latency_ms": 41.503310203552246,
      "p50_latency_ms": 25.57373046875,
      "p95_latency_ms": 233.2918643951416,
      "p99_latency_ms": 233.2918643951416,
      "min_latency_ms": 7.050991058349609,
      "max_latency_ms": 233.2918643951416,
      "queries_per_second": 24.09446367278942,
      "avg_similarity": 0.6609139084815979,
      "avg_top1_similarity": 0.6609139084815979,
      "min_similarity": 0.6609139084815979,
      "recall_at_1": 0.0,
      "precision_at_1": 0.0,
      "mrr": 0.0,
      "resource_metrics": {
        "duration": 0.0,
        "cpu": {
          "avg": 21.2,
          "max": 21.2,
          "min": 21.2
        },
        "memory": {
          "avg_mb": 7288.578125,
          "max_mb": 7288.578125,
          "min_mb": 7288.578125
        },
        "disk": {
          "read_total_mb": 0.0,
          "write_total_mb": 0.0
        },
        "network": {
          "sent_total_mb": 0.0,
          "recv_total_mb": 0.0
        }
      }
    },
    {
      "top_k": 3,
      "num_queries": 10,
      "avg_latency_ms": 7.940196990966797,
      "p50_latency_ms": 7.7457427978515625,
      "p95_latency_ms": 10.280132293701172,
      "p99_latency_ms": 10.280132293701172,
      "min_latency_ms": 6.579875946044922,
      "max_latency_ms": 10.280132293701172,
      "queries_per_second": 125.94145978212566,
      "avg_similarity": 0.6381454805533091,
      "avg_top1_similarity": 0.6609139084815979,
      "min_similarity": 0.617429256439209,
      "recall_at_3": 0.0,
      "precision_at_3": 0.0,
      "mrr": 0.0,
      "resource_metrics": {
        "duration": 0.0,
        "cpu": {
          "avg": 21.5,
          "max": 21.5,
          "min": 21.5
        },
        "memory": {
          "avg_mb": 8447.75,
          "max_mb": 8447.75,
          "min_mb": 8447.75
        },
        "disk": {
          "read_total_mb": 0.0,
          "write_total_mb": 0.0
        },
        "network": {
          "sent_total_mb": 0.0,
          "recv_total_mb": 0.0
        }
      }
    },
    {
      "top_k": 5,
      "num_queries": 10,
      "avg_latency_ms": 8.477044105529785,
      "p50_latency_ms": 7.81702995300293,
      "p95_latency_ms": 14.827966690063477,
      "p99_latency_ms": 14.827966690063477,
      "min_latency_ms": 6.965875625610352,
      "max_latency_ms": 14.827966690063477,
      "queries_per_second": 117.96564787809412,
      "avg_similarity": 0.6227201652526855,
      "avg_top1_similarity": 0.6609139084815979,
      "min_similarity": 0.5959628403186799,
      "recall_at_5": 0.0,
      "precision_at_5": 0.0,
      "mrr": 0.0,
      "resource_metrics": {
        "duration": 0.0,
        "cpu": {
          "avg": 15.1,
          "max": 15.1,
          "min": 15.1
        },
        "memory": {
          "avg_mb": 8480.0,
          "max_mb": 8480.0,
          "min_mb": 8480.0
        },
        "disk": {
          "read_total_mb": 0.0,
          "write_total_mb": 0.0
        },
        "network": {
          "sent_total_mb": 0.0,
          "recv_total_mb": 0.0
        }
      }
    },
    {
      "top_k": 10,
      "num_queries": 10,
      "avg_latency_ms": 9.02705192565918,
      "p50_latency_ms": 8.281707763671875,
      "p95_latency_ms": 15.866756439208984,
      "p99_latency_ms": 15.866756439208984,
      "min_latency_ms": 6.583213806152344,
      "max_latency_ms": 15.866756439208984,
      "queries_per_second": 110.77813756200115,
      "avg_similarity": 0.599599574804306,
      "avg_top1_similarity": 0.6609139084815979,
      "min_similarity": 0.5663066267967224,
      "recall_at_10": 0.0,
      "precision_at_10": 0.0,
      "mrr": 0.0,
      "resource_metrics": {
        "duration": 0.0,
        "cpu": {
          "avg": 12.3,
          "max": 12.3,
          "min": 12.3
        },
        "memory": {
          "avg_mb": 8486.1875,
          "max_mb": 8486.1875,
          "min_mb": 8486.1875
        },
        "disk": {
          "read_total_mb": 0.0,
          "write_total_mb": 0.0
        },
        "network": {
          "sent_total_mb": 0.0,
          "recv_total_mb": 0.0
        }
      }
    },
    {
      "top_k": 20,
      "num_queries": 10,
      "avg_latency_ms": 9.029459953308105,
      "p50_latency_ms": 8.63790512084961,
      "p95_latency_ms": 14.325141906738281,
      "p99_latency_ms": 14.325141906738281,
      "min_latency_ms": 7.128000259399414,
      "max_latency_ms": 14.325141906738281,
      "queries_per_second": 110.7485946192864,
      "avg_similarity": 0.5704183888435364,
      "avg_top1_similarity": 0.6609139084815979,
      "min_similarity": 0.5275188446044922,
      "recall_at_20": 0.0,
      "precision_at_20": 0.0,
      "mrr": 0.0,
      "resource_metrics": {
        "duration": 0.0,
        "cpu": {
          "avg": 11.3,
          "max": 11.3,
          "min": 11.3
        },
        "memory": {
          "avg_mb": 8486.78125,
          "max_mb": 8486.78125,
          "min_mb": 8486.78125
        },
        "disk": {
          "read_total_mb": 0.0,
          "write_total_mb": 0.0
        },
        "network": {
          "sent_total_mb": 0.0,
          "recv_total_mb": 0.0
        }
      }
    }
  ]
}