{
  "database": "faiss",
  "config": {
    "corpus_path": "Data/test_corpus/corpus_sizes/corpus_50k",
    "test_cases_path": "Data/test_corpus/test_cases.json",
    "output_dir": "results/faiss_scaling_n10/corpus_50k/run_4",
    "faiss_config": {
      "index_path": "./vector_stores/faiss_index.index",
      "index_type": "Flat"
    },
    "embedding_model": "sentence-transformers/all-MiniLM-L6-v2",
    "embedding_type": "sentence-transformers",
    "chunk_size": 512,
    "chunk_overlap": 50,
    "chunk_strategy": "fixed",
    "top_k_values": [
      1,
      3,
      5,
      10,
      20
    ],
    "batch_size": 100
  },
  "timestamp": "2026-01-09 02:56:27",
  "ingestion": {
    "total_time_sec": 785.0009498596191,
    "num_documents": 1,
    "num_chunks": 345046,
    "parsing_time_sec": 0.5445408821105957,
    "embedding_time_sec": 783.9373269081116,
    "insertion_time_sec": 0.2834811210632324
  },
  "query_results": [
    {
      "top_k": 1,
      "num_queries": 10,
      "avg_latency_ms": 30.79695701599121,
      "p50_latency_ms": 32.07111358642578,
      "p95_latency_ms": 66.98274612426758,
      "p99_latency_ms": 66.98274612426758,
      "min_latency_ms": 14.775991439819336,
      "max_latency_ms": 66.98274612426758,
      "queries_per_second": 32.47074051766717,
      "avg_similarity": 0.5984924522751894,
      "avg_top1_similarity": 0.5984924522751894,
      "min_similarity": 0.5984924522751894,
      "recall_at_1": 0.0,
      "precision_at_1": 0.0,
      "mrr": 0.0,
      "resource_metrics": {
        "duration": 0.0,
        "cpu": {
          "avg": 0.0,
          "max": 0.0,
          "min": 0.0
        },
        "memory": {
          "avg_mb": 10089.078125,
          "max_mb": 10089.078125,
          "min_mb": 10089.078125
        },
        "disk": {
          "read_total_mb": 0.0,
          "write_total_mb": 0.0
        },
        "network": {
          "sent_total_mb": 0.0,
          "recv_total_mb": 0.0
        }
      }
    },
    {
      "top_k": 3,
      "num_queries": 10,
      "avg_latency_ms": 17.228221893310547,
      "p50_latency_ms": 15.67697525024414,
      "p95_latency_ms": 26.720046997070312,
      "p99_latency_ms": 26.720046997070312,
      "min_latency_ms": 14.343976974487305,
      "max_latency_ms": 26.720046997070312,
      "queries_per_second": 58.04429535402517,
      "avg_similarity": 0.5826153732997978,
      "avg_top1_similarity": 0.5984924522751894,
      "min_similarity": 0.5683679396628638,
      "recall_at_3": 0.0,
      "precision_at_3": 0.0,
      "mrr": 0.0,
      "resource_metrics": {
        "duration": 0.0,
        "cpu": {
          "avg": 19.4,
          "max": 19.4,
          "min": 19.4
        },
        "memory": {
          "avg_mb": 10727.453125,
          "max_mb": 10727.453125,
          "min_mb": 10727.453125
        },
        "disk": {
          "read_total_mb": 0.0,
          "write_total_mb": 0.0
        },
        "network": {
          "sent_total_mb": 0.0,
          "recv_total_mb": 0.0
        }
      }
    },
    {
      "top_k": 5,
      "num_queries": 10,
      "avg_latency_ms": 16.89927577972412,
      "p50_latency_ms": 15.609979629516602,
      "p95_latency_ms": 23.410797119140625,
      "p99_latency_ms": 23.410797119140625,
      "min_latency_ms": 14.184951782226562,
      "max_latency_ms": 23.410797119140625,
      "queries_per_second": 59.17413343829843,
      "avg_similarity": 0.5723111263747227,
      "avg_top1_similarity": 0.5984924522751894,
      "min_similarity": 0.5546112070249468,
      "recall_at_5": 0.0,
      "precision_at_5": 0.0,
      "mrr": 0.0,
      "resource_metrics": {
        "duration": 0.0,
        "cpu": {
          "avg": 17.4,
          "max": 17.4,
          "min": 17.4
        },
        "memory": {
          "avg_mb": 10771.640625,
          "max_mb": 10771.640625,
          "min_mb": 10771.640625
        },
        "disk": {
          "read_total_mb": 0.0,
          "write_total_mb": 0.0
        },
        "network": {
          "sent_total_mb": 0.0,
          "recv_total_mb": 0.0009765625
        }
      }
    },
    {
      "top_k": 10,
      "num_queries": 10,
      "avg_latency_ms": 17.96410083770752,
      "p50_latency_ms": 16.115903854370117,
      "p95_latency_ms": 28.771162033081055,
      "p99_latency_ms": 28.771162033081055,
      "min_latency_ms": 14.120101928710938,
      "max_latency_ms": 28.771162033081055,
      "queries_per_second": 55.666576859831,
      "avg_similarity": 0.5574337662703974,
      "avg_top1_similarity": 0.5984924522751894,
      "min_similarity": 0.5363287070380626,
      "recall_at_10": 0.0,
      "precision_at_10": 0.0,
      "mrr": 0.0,
      "resource_metrics": {
        "duration": 0.0,
        "cpu": {
          "avg": 18.3,
          "max": 18.3,
          "min": 18.3
        },
        "memory": {
          "avg_mb": 10904.234375,
          "max_mb": 10904.234375,
          "min_mb": 10904.234375
        },
        "disk": {
          "read_total_mb": 0.0,
          "write_total_mb": 0.0
        },
        "network": {
          "sent_total_mb": 0.0,
          "recv_total_mb": 0.0
        }
      }
    },
    {
      "top_k": 20,
      "num_queries": 10,
      "avg_latency_ms": 18.073058128356934,
      "p50_latency_ms": 16.524076461791992,
      "p95_latency_ms": 28.630971908569336,
      "p99_latency_ms": 28.630971908569336,
      "min_latency_ms": 14.287233352661133,
      "max_latency_ms": 28.630971908569336,
      "queries_per_second": 55.33097901295316,
      "avg_similarity": 0.5397185943310087,
      "avg_top1_similarity": 0.5984924522751894,
      "min_similarity": 0.5143914249250633,
      "recall_at_20": 0.0,
      "precision_at_20": 0.0,
      "mrr": 0.0,
      "resource_metrics": {
        "duration": 0.0,
        "cpu": {
          "avg": 9.6,
          "max": 9.6,
          "min": 9.6
        },
        "memory": {
          "avg_mb": 10885.265625,
          "max_mb": 10885.265625,
          "min_mb": 10885.265625
        },
        "disk": {
          "read_total_mb": 0.0,
          "write_total_mb": 0.0
        },
        "network": {
          "sent_total_mb": 0.0,
          "recv_total_mb": 0.0
        }
      }
    }
  ]
}