{
  "database": "faiss",
  "config": {
    "corpus_path": "Data/test_corpus/corpus_sizes/corpus_500k",
    "test_cases_path": "Data/test_corpus/test_cases.json",
    "output_dir": "results/faiss_scaling_n10/corpus_500k/run_6",
    "faiss_config": {
      "index_path": "./vector_stores/faiss_index.index",
      "index_type": "Flat"
    },
    "embedding_model": "sentence-transformers/all-MiniLM-L6-v2",
    "embedding_type": "sentence-transformers",
    "chunk_size": 512,
    "chunk_overlap": 50,
    "chunk_strategy": "fixed",
    "top_k_values": [
      1,
      3,
      5,
      10,
      20
    ],
    "batch_size": 100
  },
  "timestamp": "2026-01-08 20:51:21",
  "ingestion": {
    "total_time_sec": 5254.750806093216,
    "num_documents": 1,
    "num_chunks": 2249072,
    "parsing_time_sec": 3.3053503036499023,
    "embedding_time_sec": 5231.488822937012,
    "insertion_time_sec": 7.652909994125366
  },
  "query_results": [
    {
      "top_k": 1,
      "num_queries": 10,
      "avg_latency_ms": 431.62078857421875,
      "p50_latency_ms": 91.91608428955078,
      "p95_latency_ms": 3590.7928943634033,
      "p99_latency_ms": 3590.7928943634033,
      "min_latency_ms": 58.828115463256836,
      "max_latency_ms": 3590.7928943634033,
      "queries_per_second": 2.3168485542675534,
      "avg_similarity": 0.6081104759530154,
      "avg_top1_similarity": 0.6081104759530154,
      "min_similarity": 0.6081104759530154,
      "recall_at_1": 0.0,
      "precision_at_1": 0.0,
      "mrr": 0.0,
      "resource_metrics": {
        "duration": 4.062849998474121,
        "cpu": {
          "avg": 11.2,
          "max": 18.0,
          "min": 0.0
        },
        "memory": {
          "avg_mb": 8997.119791666666,
          "max_mb": 10211.15625,
          "min_mb": 8375.109375
        },
        "disk": {
          "read_total_mb": 1323.70703125,
          "write_total_mb": 112.171875
        },
        "network": {
          "sent_total_mb": 0.025390625,
          "recv_total_mb": 0.0224609375
        }
      }
    },
    {
      "top_k": 3,
      "num_queries": 10,
      "avg_latency_ms": 60.92813014984131,
      "p50_latency_ms": 59.55386161804199,
      "p95_latency_ms": 74.55301284790039,
      "p99_latency_ms": 74.55301284790039,
      "min_latency_ms": 58.47883224487305,
      "max_latency_ms": 74.55301284790039,
      "queries_per_second": 16.412780066295937,
      "avg_similarity": 0.5970919434566881,
      "avg_top1_similarity": 0.6081104759530154,
      "min_similarity": 0.5869038129129002,
      "recall_at_3": 0.0,
      "precision_at_3": 0.0,
      "mrr": 0.0,
      "resource_metrics": {
        "duration": 0.5108070373535156,
        "cpu": {
          "avg": 14.799999999999999,
          "max": 17.9,
          "min": 11.7
        },
        "memory": {
          "avg_mb": 10195.6640625,
          "max_mb": 10205.203125,
          "min_mb": 10186.125
        },
        "disk": {
          "read_total_mb": 13.11328125,
          "write_total_mb": 0.1875
        },
        "network": {
          "sent_total_mb": 0.001953125,
          "recv_total_mb": 0.001953125
        }
      }
    },
    {
      "top_k": 5,
      "num_queries": 10,
      "avg_latency_ms": 60.89460849761963,
      "p50_latency_ms": 59.34715270996094,
      "p95_latency_ms": 69.78988647460938,
      "p99_latency_ms": 69.78988647460938,
      "min_latency_ms": 58.28976631164551,
      "max_latency_ms": 69.78988647460938,
      "queries_per_second": 16.42181507808019,
      "avg_similarity": 0.589569724902797,
      "avg_top1_similarity": 0.6081104759530154,
      "min_similarity": 0.5767552424979981,
      "recall_at_5": 0.0,
      "precision_at_5": 0.0,
      "mrr": 0.0,
      "resource_metrics": {
        "duration": 0.5108039379119873,
        "cpu": {
          "avg": 10.05,
          "max": 13.1,
          "min": 7.0
        },
        "memory": {
          "avg_mb": 10183.0390625,
          "max_mb": 10187.484375,
          "min_mb": 10178.59375
        },
        "disk": {
          "read_total_mb": 5.8125,
          "write_total_mb": 0.015625
        },
        "network": {
          "sent_total_mb": 0.001953125,
          "recv_total_mb": 0.001953125
        }
      }
    },
    {
      "top_k": 10,
      "num_queries": 10,
      "avg_latency_ms": 61.38148307800293,
      "p50_latency_ms": 59.77892875671387,
      "p95_latency_ms": 78.10497283935547,
      "p99_latency_ms": 78.10497283935547,
      "min_latency_ms": 58.38203430175781,
      "max_latency_ms": 78.10497283935547,
      "queries_per_second": 16.291558135361615,
      "avg_similarity": 0.5771787789131821,
      "avg_top1_similarity": 0.6081104759530154,
      "min_similarity": 0.5588513399533241,
      "recall_at_10": 0.0,
      "precision_at_10": 0.0,
      "mrr": 0.0,
      "resource_metrics": {
        "duration": 0.5033829212188721,
        "cpu": {
          "avg": 9.9,
          "max": 11.4,
          "min": 8.4
        },
        "memory": {
          "avg_mb": 10157.96875,
          "max_mb": 10159.390625,
          "min_mb": 10156.546875
        },
        "disk": {
          "read_total_mb": 0.828125,
          "write_total_mb": 0.0
        },
        "network": {
          "sent_total_mb": 0.0,
          "recv_total_mb": 0.0009765625
        }
      }
    },
    {
      "top_k": 20,
      "num_queries": 10,
      "avg_latency_ms": 62.30950355529785,
      "p50_latency_ms": 59.59177017211914,
      "p95_latency_ms": 86.60888671875,
      "p99_latency_ms": 86.60888671875,
      "min_latency_ms": 58.129072189331055,
      "max_latency_ms": 86.60888671875,
      "queries_per_second": 16.048916183588744,
      "avg_similarity": 0.5616581162708834,
      "avg_top1_similarity": 0.6081104759530154,
      "min_similarity": 0.5375578751597476,
      "recall_at_20": 0.0,
      "precision_at_20": 0.0,
      "mrr": 0.0,
      "resource_metrics": {
        "duration": 0.5082528591156006,
        "cpu": {
          "avg": 11.75,
          "max": 14.5,
          "min": 9.0
        },
        "memory": {
          "avg_mb": 10126.4296875,
          "max_mb": 10154.0625,
          "min_mb": 10098.796875
        },
        "disk": {
          "read_total_mb": 37.30859375,
          "write_total_mb": 0.515625
        },
        "network": {
          "sent_total_mb": 0.0009765625,
          "recv_total_mb": 0.0009765625
        }
      }
    }
  ]
}