{
  "database": "opensearch",
  "config": {
    "corpus_path": "Data/test_corpus/corpus_sizes/corpus_10k",
    "test_cases_path": "Data/test_corpus/test_cases.json",
    "output_dir": "results/opensearch_scaling_n3/corpus_10k/run_3",
    "opensearch_config": {
      "host": "localhost",
      "port": 9200,
      "index_name": "benchmark_test"
    },
    "embedding_model": "sentence-transformers/all-MiniLM-L6-v2",
    "embedding_type": "sentence-transformers",
    "chunk_size": 512,
    "chunk_overlap": 50,
    "chunk_strategy": "fixed",
    "top_k_values": [
      1,
      3,
      5,
      10,
      20
    ],
    "batch_size": 100
  },
  "timestamp": "2025-12-22 16:28:27",
  "ingestion": {
    "total_time_sec": 1751.7244319915771,
    "num_documents": 1,
    "num_chunks": 69903,
    "parsing_time_sec": 0.6594579219818115,
    "embedding_time_sec": 1602.2009780406952,
    "insertion_time_sec": 137.1722309589386
  },
  "query_results": [
    {
      "top_k": 1,
      "num_queries": 10,
      "avg_latency_ms": 1524.4076490402222,
      "p50_latency_ms": 149.38879013061523,
      "p95_latency_ms": 14120.331048965454,
      "p99_latency_ms": 14120.331048965454,
      "min_latency_ms": 41.481971740722656,
      "max_latency_ms": 14120.331048965454,
      "queries_per_second": 0.6559925100281457,
      "avg_similarity": 0.5972839416807366,
      "avg_top1_similarity": 0.5972839416807366,
      "min_similarity": 0.5972839416807366,
      "recall_at_1": 0.0,
      "precision_at_1": 0.0,
      "mrr": 0.0,
      "resource_metrics": {
        "duration": 15.242394208908081,
        "cpu": {
          "avg": 16.674193548387095,
          "max": 33.7,
          "min": 0.0
        },
        "memory": {
          "avg_mb": 15525.339717741936,
          "max_mb": 17204.84375,
          "min_mb": 14517.703125
        },
        "disk": {
          "read_total_mb": 4917.75390625,
          "write_total_mb": 3768.16796875
        },
        "network": {
          "sent_total_mb": 1.5439453125,
          "recv_total_mb": 1.5546875
        }
      }
    },
    {
      "top_k": 3,
      "num_queries": 10,
      "avg_latency_ms": 48.330140113830566,
      "p50_latency_ms": 53.2228946685791,
      "p95_latency_ms": 67.14868545532227,
      "p99_latency_ms": 67.14868545532227,
      "min_latency_ms": 22.266149520874023,
      "max_latency_ms": 67.14868545532227,
      "queries_per_second": 20.691022158113533,
      "avg_similarity": 0.5706728865666808,
      "avg_top1_similarity": 0.5972839416807366,
      "min_similarity": 0.5505419497576528,
      "recall_at_3": 0.0,
      "precision_at_3": 0.0,
      "mrr": 0.0,
      "resource_metrics": {
        "duration": 0.0,
        "cpu": {
          "avg": 29.2,
          "max": 29.2,
          "min": 29.2
        },
        "memory": {
          "avg_mb": 16735.625,
          "max_mb": 16735.625,
          "min_mb": 16735.625
        },
        "disk": {
          "read_total_mb": 0.04296875,
          "write_total_mb": 0.0
        },
        "network": {
          "sent_total_mb": 0.0,
          "recv_total_mb": 0.0
        }
      }
    },
    {
      "top_k": 5,
      "num_queries": 10,
      "avg_latency_ms": 48.517537117004395,
      "p50_latency_ms": 48.34103584289551,
      "p95_latency_ms": 75.04582405090332,
      "p99_latency_ms": 75.04582405090332,
      "min_latency_ms": 22.553205490112305,
      "max_latency_ms": 75.04582405090332,
      "queries_per_second": 20.61110393110867,
      "avg_similarity": 0.5560519406742831,
      "avg_top1_similarity": 0.5972839416807366,
      "min_similarity": 0.5299822483351335,
      "recall_at_5": 0.0,
      "precision_at_5": 0.0,
      "mrr": 0.0,
      "resource_metrics": {
        "duration": 0.0,
        "cpu": {
          "avg": 0.0,
          "max": 0.0,
          "min": 0.0
        },
        "memory": {
          "avg_mb": 16733.671875,
          "max_mb": 16733.671875,
          "min_mb": 16733.671875
        },
        "disk": {
          "read_total_mb": 0.046875,
          "write_total_mb": 0.0
        },
        "network": {
          "sent_total_mb": 0.0,
          "recv_total_mb": 0.0
        }
      }
    },
    {
      "top_k": 10,
      "num_queries": 10,
      "avg_latency_ms": 49.17874336242676,
      "p50_latency_ms": 55.70793151855469,
      "p95_latency_ms": 73.89307022094727,
      "p99_latency_ms": 73.89307022094727,
      "min_latency_ms": 21.72684669494629,
      "max_latency_ms": 73.89307022094727,
      "queries_per_second": 20.333988459819285,
      "avg_similarity": 0.53193146756994,
      "avg_top1_similarity": 0.5972839416807366,
      "min_similarity": 0.495618100346762,
      "recall_at_10": 0.0,
      "precision_at_10": 0.0,
      "mrr": 0.0,
      "resource_metrics": {
        "duration": 0.0,
        "cpu": {
          "avg": 24.7,
          "max": 24.7,
          "min": 24.7
        },
        "memory": {
          "avg_mb": 16674.71875,
          "max_mb": 16674.71875,
          "min_mb": 16674.71875
        },
        "disk": {
          "read_total_mb": 0.0,
          "write_total_mb": 0.0
        },
        "network": {
          "sent_total_mb": 0.0,
          "recv_total_mb": 0.0
        }
      }
    },
    {
      "top_k": 20,
      "num_queries": 10,
      "avg_latency_ms": 65.38417339324951,
      "p50_latency_ms": 68.3748722076416,
      "p95_latency_ms": 88.74201774597168,
      "p99_latency_ms": 88.74201774597168,
      "min_latency_ms": 43.428897857666016,
      "max_latency_ms": 88.74201774597168,
      "queries_per_second": 15.29422103397339,
      "avg_similarity": 0.5037875649668875,
      "avg_top1_similarity": 0.5972839416807366,
      "min_similarity": 0.4634092017181498,
      "recall_at_20": 0.0,
      "precision_at_20": 0.0,
      "mrr": 0.0,
      "resource_metrics": {
        "duration": 0.5109210014343262,
        "cpu": {
          "avg": 11.35,
          "max": 22.7,
          "min": 0.0
        },
        "memory": {
          "avg_mb": 16967.7734375,
          "max_mb": 17228.578125,
          "min_mb": 16706.96875
        },
        "disk": {
          "read_total_mb": 133.48046875,
          "write_total_mb": 128.38671875
        },
        "network": {
          "sent_total_mb": 0.5966796875,
          "recv_total_mb": 0.5966796875
        }
      }
    }
  ]
}