{
  "database": "weaviate",
  "config": {
    "corpus_path": "Data/test_corpus/documents",
    "test_cases_path": "Data/test_corpus/test_cases.json",
    "output_dir": "results/weaviate_scaling_n10/corpus_baseline/run_6",
    "weaviate_config": {
      "host": "localhost",
      "port": 8082,
      "class_name": "BenchmarkTest"
    },
    "embedding_model": "sentence-transformers/all-MiniLM-L6-v2",
    "embedding_type": "sentence-transformers",
    "chunk_size": 512,
    "chunk_overlap": 50,
    "chunk_strategy": "fixed",
    "top_k_values": [
      1,
      3,
      5,
      10,
      20
    ],
    "batch_size": 100
  },
  "timestamp": "2026-01-10 05:21:17",
  "ingestion": {
    "total_time_sec": 1.5266849994659424,
    "num_documents": 20,
    "num_chunks": 175,
    "parsing_time_sec": 0.00034999847412109375,
    "embedding_time_sec": 0.30005502700805664,
    "insertion_time_sec": 1.2161321640014648
  },
  "query_results": [
    {
      "top_k": 1,
      "num_queries": 10,
      "avg_latency_ms": 24.085116386413574,
      "p50_latency_ms": 26.77297592163086,
      "p95_latency_ms": 49.30472373962402,
      "p99_latency_ms": 49.30472373962402,
      "min_latency_ms": 9.823083877563477,
      "max_latency_ms": 49.30472373962402,
      "queries_per_second": 41.519417384426696,
      "avg_similarity": 0.7316955387592315,
      "avg_top1_similarity": 0.7316955387592315,
      "min_similarity": 0.7316955387592315,
      "recall_at_1": 0.0,
      "precision_at_1": 0.0,
      "mrr": 0.0,
      "resource_metrics": {
        "duration": 0.0,
        "cpu": {
          "avg": 18.0,
          "max": 18.0,
          "min": 18.0
        },
        "memory": {
          "avg_mb": 11975.875,
          "max_mb": 11975.875,
          "min_mb": 11975.875
        },
        "disk": {
          "read_total_mb": 0.0,
          "write_total_mb": 0.0
        },
        "network": {
          "sent_total_mb": 0.0,
          "recv_total_mb": 0.0
        }
      }
    },
    {
      "top_k": 3,
      "num_queries": 10,
      "avg_latency_ms": 11.640310287475586,
      "p50_latency_ms": 11.078834533691406,
      "p95_latency_ms": 16.515254974365234,
      "p99_latency_ms": 16.515254974365234,
      "min_latency_ms": 9.267091751098633,
      "max_latency_ms": 16.515254974365234,
      "queries_per_second": 85.90836286176597,
      "avg_similarity": 0.6881673514842988,
      "avg_top1_similarity": 0.7316955387592315,
      "min_similarity": 0.6527655124664307,
      "recall_at_3": 0.0,
      "precision_at_3": 0.0,
      "mrr": 0.0,
      "resource_metrics": {
        "duration": 0.0,
        "cpu": {
          "avg": 22.8,
          "max": 22.8,
          "min": 22.8
        },
        "memory": {
          "avg_mb": 11948.171875,
          "max_mb": 11948.171875,
          "min_mb": 11948.171875
        },
        "disk": {
          "read_total_mb": 0.0,
          "write_total_mb": 0.0
        },
        "network": {
          "sent_total_mb": 0.0,
          "recv_total_mb": 0.0
        }
      }
    },
    {
      "top_k": 5,
      "num_queries": 10,
      "avg_latency_ms": 10.369157791137695,
      "p50_latency_ms": 10.334253311157227,
      "p95_latency_ms": 12.171030044555664,
      "p99_latency_ms": 12.171030044555664,
      "min_latency_ms": 9.247779846191406,
      "max_latency_ms": 12.171030044555664,
      "queries_per_second": 96.43984787797127,
      "avg_similarity": 0.6663784754276275,
      "avg_top1_similarity": 0.7316955387592315,
      "min_similarity": 0.6243872761726379,
      "recall_at_5": 0.0,
      "precision_at_5": 0.0,
      "mrr": 0.0,
      "resource_metrics": {
        "duration": 0.0,
        "cpu": {
          "avg": 18.9,
          "max": 18.9,
          "min": 18.9
        },
        "memory": {
          "avg_mb": 11955.015625,
          "max_mb": 11955.015625,
          "min_mb": 11955.015625
        },
        "disk": {
          "read_total_mb": 0.0,
          "write_total_mb": 0.0
        },
        "network": {
          "sent_total_mb": 0.0,
          "recv_total_mb": 0.0
        }
      }
    },
    {
      "top_k": 10,
      "num_queries": 10,
      "avg_latency_ms": 11.838698387145996,
      "p50_latency_ms": 12.031078338623047,
      "p95_latency_ms": 15.044212341308594,
      "p99_latency_ms": 15.044212341308594,
      "min_latency_ms": 9.715080261230469,
      "max_latency_ms": 15.044212341308594,
      "queries_per_second": 84.46874540580927,
      "avg_similarity": 0.6292959743738173,
      "avg_top1_similarity": 0.7316955387592315,
      "min_similarity": 0.573929762840271,
      "recall_at_10": 0.0,
      "precision_at_10": 0.0,
      "mrr": 0.0,
      "resource_metrics": {
        "duration": 0.0,
        "cpu": {
          "avg": 20.4,
          "max": 20.4,
          "min": 20.4
        },
        "memory": {
          "avg_mb": 11953.109375,
          "max_mb": 11953.109375,
          "min_mb": 11953.109375
        },
        "disk": {
          "read_total_mb": 0.0,
          "write_total_mb": 0.0
        },
        "network": {
          "sent_total_mb": 0.0,
          "recv_total_mb": 0.0
        }
      }
    },
    {
      "top_k": 20,
      "num_queries": 10,
      "avg_latency_ms": 10.316920280456543,
      "p50_latency_ms": 10.630130767822266,
      "p95_latency_ms": 13.675928115844727,
      "p99_latency_ms": 13.675928115844727,
      "min_latency_ms": 8.84389877319336,
      "max_latency_ms": 13.675928115844727,
      "queries_per_second": 96.92815034098025,
      "avg_similarity": 0.5740239518880844,
      "avg_top1_similarity": 0.7316955387592315,
      "min_similarity": 0.49384820461273193,
      "recall_at_20": 0.0,
      "precision_at_20": 0.0,
      "mrr": 0.0,
      "resource_metrics": {
        "duration": 0.0,
        "cpu": {
          "avg": 19.2,
          "max": 19.2,
          "min": 19.2
        },
        "memory": {
          "avg_mb": 11956.1875,
          "max_mb": 11956.1875,
          "min_mb": 11956.1875
        },
        "disk": {
          "read_total_mb": 0.0,
          "write_total_mb": 0.0
        },
        "network": {
          "sent_total_mb": 0.0,
          "recv_total_mb": 0.0
        }
      }
    }
  ]
}