{
  "database": "opensearch",
  "config": {
    "corpus_path": "Data/test_corpus/documents",
    "test_cases_path": "Data/test_corpus/test_cases.json",
    "output_dir": "results/opensearch_scaling_n10/corpus_baseline/run_4",
    "opensearch_config": {
      "host": "localhost",
      "port": 9200,
      "index_name": "benchmark_test"
    },
    "embedding_model": "sentence-transformers/all-MiniLM-L6-v2",
    "embedding_type": "sentence-transformers",
    "chunk_size": 512,
    "chunk_overlap": 50,
    "chunk_strategy": "fixed",
    "top_k_values": [
      1,
      3,
      5,
      10,
      20
    ],
    "batch_size": 100
  },
  "timestamp": "2026-01-10 08:01:44",
  "ingestion": {
    "total_time_sec": 0.5102248191833496,
    "num_documents": 20,
    "num_chunks": 175,
    "parsing_time_sec": 0.00014090538024902344,
    "embedding_time_sec": 0.2951321601867676,
    "insertion_time_sec": 0.20283198356628418
  },
  "query_results": [
    {
      "top_k": 1,
      "num_queries": 10,
      "avg_latency_ms": 24.09369945526123,
      "p50_latency_ms": 27.83799171447754,
      "p95_latency_ms": 44.985055923461914,
      "p99_latency_ms": 44.985055923461914,
      "min_latency_ms": 9.153127670288086,
      "max_latency_ms": 44.985055923461914,
      "queries_per_second": 41.50462662891873,
      "avg_similarity": 0.7316955051495089,
      "avg_top1_similarity": 0.7316955051495089,
      "min_similarity": 0.7316955051495089,
      "recall_at_1": 0.0,
      "precision_at_1": 0.0,
      "mrr": 0.0,
      "resource_metrics": {
        "duration": 0.0,
        "cpu": {
          "avg": 26.8,
          "max": 26.8,
          "min": 26.8
        },
        "memory": {
          "avg_mb": 9497.1875,
          "max_mb": 9497.1875,
          "min_mb": 9497.1875
        },
        "disk": {
          "read_total_mb": 0.0,
          "write_total_mb": 0.0
        },
        "network": {
          "sent_total_mb": 0.0,
          "recv_total_mb": 0.0
        }
      }
    },
    {
      "top_k": 3,
      "num_queries": 10,
      "avg_latency_ms": 10.019111633300781,
      "p50_latency_ms": 9.810209274291992,
      "p95_latency_ms": 15.098810195922852,
      "p99_latency_ms": 15.098810195922852,
      "min_latency_ms": 8.734941482543945,
      "max_latency_ms": 15.098810195922852,
      "queries_per_second": 99.80924822479011,
      "avg_similarity": 0.6881673174571981,
      "avg_top1_similarity": 0.7316955051495089,
      "min_similarity": 0.6527654327268795,
      "recall_at_3": 0.0,
      "precision_at_3": 0.0,
      "mrr": 0.0,
      "resource_metrics": {
        "duration": 0.0,
        "cpu": {
          "avg": 23.5,
          "max": 23.5,
          "min": 23.5
        },
        "memory": {
          "avg_mb": 9541.0,
          "max_mb": 9541.0,
          "min_mb": 9541.0
        },
        "disk": {
          "read_total_mb": 0.0,
          "write_total_mb": 0.0
        },
        "network": {
          "sent_total_mb": 0.0,
          "recv_total_mb": 0.0
        }
      }
    },
    {
      "top_k": 5,
      "num_queries": 10,
      "avg_latency_ms": 12.574148178100586,
      "p50_latency_ms": 11.005878448486328,
      "p95_latency_ms": 19.05512809753418,
      "p99_latency_ms": 19.05512809753418,
      "min_latency_ms": 9.792089462280273,
      "max_latency_ms": 19.05512809753418,
      "queries_per_second": 79.52825001232466,
      "avg_similarity": 0.6663784365523261,
      "avg_top1_similarity": 0.7316955051495089,
      "min_similarity": 0.6243872257648605,
      "recall_at_5": 0.0,
      "precision_at_5": 0.0,
      "mrr": 0.0,
      "resource_metrics": {
        "duration": 0.0,
        "cpu": {
          "avg": 21.9,
          "max": 21.9,
          "min": 21.9
        },
        "memory": {
          "avg_mb": 9541.71875,
          "max_mb": 9541.71875,
          "min_mb": 9541.71875
        },
        "disk": {
          "read_total_mb": 0.0,
          "write_total_mb": 0.0
        },
        "network": {
          "sent_total_mb": 0.0,
          "recv_total_mb": 0.0
        }
      }
    },
    {
      "top_k": 10,
      "num_queries": 10,
      "avg_latency_ms": 15.237593650817871,
      "p50_latency_ms": 14.250040054321289,
      "p95_latency_ms": 22.778034210205078,
      "p99_latency_ms": 22.778034210205078,
      "min_latency_ms": 12.840986251831055,
      "max_latency_ms": 22.778034210205078,
      "queries_per_second": 65.62716022725317,
      "avg_similarity": 0.6292959425151484,
      "avg_top1_similarity": 0.7316955051495089,
      "min_similarity": 0.5739297547011815,
      "recall_at_10": 0.0,
      "precision_at_10": 0.0,
      "mrr": 0.0,
      "resource_metrics": {
        "duration": 0.0,
        "cpu": {
          "avg": 18.5,
          "max": 18.5,
          "min": 18.5
        },
        "memory": {
          "avg_mb": 9545.96875,
          "max_mb": 9545.96875,
          "min_mb": 9545.96875
        },
        "disk": {
          "read_total_mb": 0.0,
          "write_total_mb": 0.0
        },
        "network": {
          "sent_total_mb": 0.0,
          "recv_total_mb": 0.0
        }
      }
    },
    {
      "top_k": 20,
      "num_queries": 10,
      "avg_latency_ms": 16.47634506225586,
      "p50_latency_ms": 14.979124069213867,
      "p95_latency_ms": 26.73482894897461,
      "p99_latency_ms": 26.73482894897461,
      "min_latency_ms": 14.05477523803711,
      "max_latency_ms": 26.73482894897461,
      "queries_per_second": 60.693072172347726,
      "avg_similarity": 0.574023922469125,
      "avg_top1_similarity": 0.7316955051495089,
      "min_similarity": 0.4938481953127697,
      "recall_at_20": 0.0,
      "precision_at_20": 0.0,
      "mrr": 0.0,
      "resource_metrics": {
        "duration": 0.0,
        "cpu": {
          "avg": 20.0,
          "max": 20.0,
          "min": 20.0
        },
        "memory": {
          "avg_mb": 9561.1875,
          "max_mb": 9561.1875,
          "min_mb": 9561.1875
        },
        "disk": {
          "read_total_mb": 0.0,
          "write_total_mb": 0.0
        },
        "network": {
          "sent_total_mb": 0.0,
          "recv_total_mb": 0.0
        }
      }
    }
  ]
}