{
  "database": "milvus",
  "config": {
    "corpus_path": "Data/test_corpus/corpus_sizes/corpus_1k",
    "test_cases_path": "Data/test_corpus/test_cases.json",
    "output_dir": "results/milvus_scaling_experiment/corpus_1k",
    "milvus_config": {
      "host": "localhost",
      "port": 19530,
      "collection_name": "benchmark_test"
    },
    "embedding_model": "sentence-transformers/all-MiniLM-L6-v2",
    "embedding_type": "sentence-transformers",
    "chunk_size": 512,
    "chunk_overlap": 50,
    "chunk_strategy": "fixed",
    "top_k_values": [
      1,
      3,
      5,
      10,
      20
    ],
    "batch_size": 100
  },
  "timestamp": "2025-12-16 21:08:27",
  "ingestion": {
    "total_time_sec": 36.61026906967163,
    "num_documents": 1,
    "num_chunks": 5562,
    "parsing_time_sec": 0.008723974227905273,
    "embedding_time_sec": 28.809029817581177,
    "insertion_time_sec": 7.619273900985718
  },
  "query_results": [
    {
      "top_k": 1,
      "num_queries": 10,
      "avg_latency_ms": 52.11362838745117,
      "p50_latency_ms": 31.606197357177734,
      "p95_latency_ms": 247.89094924926758,
      "p99_latency_ms": 247.89094924926758,
      "min_latency_ms": 10.538101196289062,
      "max_latency_ms": 247.89094924926758,
      "queries_per_second": 19.18883852349067,
      "avg_similarity": 0.5281620115041733,
      "avg_top1_similarity": 0.5281620115041733,
      "min_similarity": 0.5281620115041733,
      "recall_at_1": 0.0,
      "precision_at_1": 0.0,
      "mrr": 0.0,
      "resource_metrics": {
        "duration": 0.5056719779968262,
        "cpu": {
          "avg": 16.0,
          "max": 32.0,
          "min": 0.0
        },
        "memory": {
          "avg_mb": 7732.3828125,
          "max_mb": 8196.09375,
          "min_mb": 7268.671875
        },
        "disk": {
          "read_total_mb": 261.80859375,
          "write_total_mb": 97.1171875
        },
        "network": {
          "sent_total_mb": 0.0234375,
          "recv_total_mb": 0.0244140625
        }
      }
    },
    {
      "top_k": 3,
      "num_queries": 10,
      "avg_latency_ms": 13.529086112976074,
      "p50_latency_ms": 13.091087341308594,
      "p95_latency_ms": 16.111135482788086,
      "p99_latency_ms": 16.111135482788086,
      "min_latency_ms": 11.904001235961914,
      "max_latency_ms": 16.111135482788086,
      "queries_per_second": 73.91482260142286,
      "avg_similarity": 0.5003335465987523,
      "avg_top1_similarity": 0.5281620115041733,
      "min_similarity": 0.4769755721092224,
      "recall_at_3": 0.0,
      "precision_at_3": 0.0,
      "mrr": 0.0,
      "resource_metrics": {
        "duration": 0.0,
        "cpu": {
          "avg": 22.3,
          "max": 22.3,
          "min": 22.3
        },
        "memory": {
          "avg_mb": 8502.609375,
          "max_mb": 8502.609375,
          "min_mb": 8502.609375
        },
        "disk": {
          "read_total_mb": 0.1875,
          "write_total_mb": 0.125
        },
        "network": {
          "sent_total_mb": 0.0,
          "recv_total_mb": 0.0
        }
      }
    },
    {
      "top_k": 5,
      "num_queries": 10,
      "avg_latency_ms": 11.045551300048828,
      "p50_latency_ms": 10.53619384765625,
      "p95_latency_ms": 17.13109016418457,
      "p99_latency_ms": 17.13109016418457,
      "min_latency_ms": 8.207082748413086,
      "max_latency_ms": 17.13109016418457,
      "queries_per_second": 90.53418637380095,
      "avg_similarity": 0.4829400354623795,
      "avg_top1_similarity": 0.5281620115041733,
      "min_similarity": 0.4524799406528473,
      "recall_at_5": 0.0,
      "precision_at_5": 0.0,
      "mrr": 0.0,
      "resource_metrics": {
        "duration": 0.0,
        "cpu": {
          "avg": 23.6,
          "max": 23.6,
          "min": 23.6
        },
        "memory": {
          "avg_mb": 8611.203125,
          "max_mb": 8611.203125,
          "min_mb": 8611.203125
        },
        "disk": {
          "read_total_mb": 0.390625,
          "write_total_mb": 0.25
        },
        "network": {
          "sent_total_mb": 0.0,
          "recv_total_mb": 0.0
        }
      }
    },
    {
      "top_k": 10,
      "num_queries": 10,
      "avg_latency_ms": 11.559891700744629,
      "p50_latency_ms": 11.687040328979492,
      "p95_latency_ms": 13.76795768737793,
      "p99_latency_ms": 13.76795768737793,
      "min_latency_ms": 9.45591926574707,
      "max_latency_ms": 13.76795768737793,
      "queries_per_second": 86.50600073836203,
      "avg_similarity": 0.45815166503190996,
      "avg_top1_similarity": 0.5281620115041733,
      "min_similarity": 0.4219652324914932,
      "recall_at_10": 0.0,
      "precision_at_10": 0.0,
      "mrr": 0.0,
      "resource_metrics": {
        "duration": 0.0,
        "cpu": {
          "avg": 27.7,
          "max": 27.7,
          "min": 27.7
        },
        "memory": {
          "avg_mb": 8619.828125,
          "max_mb": 8619.828125,
          "min_mb": 8619.828125
        },
        "disk": {
          "read_total_mb": 0.4765625,
          "write_total_mb": 0.0
        },
        "network": {
          "sent_total_mb": 0.0,
          "recv_total_mb": 0.0
        }
      }
    },
    {
      "top_k": 20,
      "num_queries": 10,
      "avg_latency_ms": 11.969971656799316,
      "p50_latency_ms": 11.610269546508789,
      "p95_latency_ms": 14.427900314331055,
      "p99_latency_ms": 14.427900314331055,
      "min_latency_ms": 10.601043701171875,
      "max_latency_ms": 14.427900314331055,
      "queries_per_second": 83.5423866214394,
      "avg_similarity": 0.427621528506279,
      "avg_top1_similarity": 0.5281620115041733,
      "min_similarity": 0.3825069785118103,
      "recall_at_20": 0.0,
      "precision_at_20": 0.0,
      "mrr": 0.0,
      "resource_metrics": {
        "duration": 0.0,
        "cpu": {
          "avg": 25.0,
          "max": 25.0,
          "min": 25.0
        },
        "memory": {
          "avg_mb": 8646.0,
          "max_mb": 8646.0,
          "min_mb": 8646.0
        },
        "disk": {
          "read_total_mb": 0.45703125,
          "write_total_mb": 0.1875
        },
        "network": {
          "sent_total_mb": 0.0,
          "recv_total_mb": 0.0
        }
      }
    }
  ]
}