{
  "database": "faiss",
  "config": {
    "corpus_path": "Data/test_corpus/documents",
    "test_cases_path": "Data/test_corpus/test_cases.json",
    "output_dir": "results/faiss_scaling_n3/corpus_baseline/run_3",
    "faiss_config": {
      "index_path": "./vector_stores/faiss_index.index",
      "index_type": "Flat"
    },
    "embedding_model": "sentence-transformers/all-MiniLM-L6-v2",
    "embedding_type": "sentence-transformers",
    "chunk_size": 512,
    "chunk_overlap": 50,
    "chunk_strategy": "fixed",
    "top_k_values": [
      1,
      3,
      5,
      10,
      20
    ],
    "batch_size": 100
  },
  "timestamp": "2025-12-22 22:26:29",
  "ingestion": {
    "total_time_sec": 0.5110249519348145,
    "num_documents": 20,
    "num_chunks": 175,
    "parsing_time_sec": 0.00015115737915039062,
    "embedding_time_sec": 0.2819502353668213,
    "insertion_time_sec": 0.00012803077697753906
  },
  "query_results": [
    {
      "top_k": 1,
      "num_queries": 10,
      "avg_latency_ms": 20.267057418823242,
      "p50_latency_ms": 20.093917846679688,
      "p95_latency_ms": 59.30304527282715,
      "p99_latency_ms": 59.30304527282715,
      "min_latency_ms": 5.585193634033203,
      "max_latency_ms": 59.30304527282715,
      "queries_per_second": 49.341153939359714,
      "avg_similarity": 0.6558685830481964,
      "avg_top1_similarity": 0.6558685830481964,
      "min_similarity": 0.6558685830481964,
      "recall_at_1": 0.0,
      "precision_at_1": 0.0,
      "mrr": 0.0,
      "resource_metrics": {
        "duration": 0.0,
        "cpu": {
          "avg": 7.9,
          "max": 7.9,
          "min": 7.9
        },
        "memory": {
          "avg_mb": 7767.453125,
          "max_mb": 7767.453125,
          "min_mb": 7767.453125
        },
        "disk": {
          "read_total_mb": 0.0,
          "write_total_mb": 0.0
        },
        "network": {
          "sent_total_mb": 0.0,
          "recv_total_mb": 0.0
        }
      }
    },
    {
      "top_k": 3,
      "num_queries": 10,
      "avg_latency_ms": 7.867002487182617,
      "p50_latency_ms": 7.877111434936523,
      "p95_latency_ms": 11.287212371826172,
      "p99_latency_ms": 11.287212371826172,
      "min_latency_ms": 5.731821060180664,
      "max_latency_ms": 11.287212371826172,
      "queries_per_second": 127.11321772546262,
      "avg_similarity": 0.6207565974181617,
      "avg_top1_similarity": 0.6558685830481964,
      "min_similarity": 0.5930177544379064,
      "recall_at_3": 0.0,
      "precision_at_3": 0.0,
      "mrr": 0.0,
      "resource_metrics": {
        "duration": 0.0,
        "cpu": {
          "avg": 7.2,
          "max": 7.2,
          "min": 7.2
        },
        "memory": {
          "avg_mb": 7903.46875,
          "max_mb": 7903.46875,
          "min_mb": 7903.46875
        },
        "disk": {
          "read_total_mb": 0.0,
          "write_total_mb": 0.0
        },
        "network": {
          "sent_total_mb": 0.0,
          "recv_total_mb": 0.0
        }
      }
    },
    {
      "top_k": 5,
      "num_queries": 10,
      "avg_latency_ms": 9.163689613342285,
      "p50_latency_ms": 8.810997009277344,
      "p95_latency_ms": 13.452768325805664,
      "p99_latency_ms": 13.452768325805664,
      "min_latency_ms": 6.759881973266602,
      "max_latency_ms": 13.452768325805664,
      "queries_per_second": 109.12634999596725,
      "avg_similarity": 0.6046052149619034,
      "avg_top1_similarity": 0.6558685830481964,
      "min_similarity": 0.574238389256997,
      "recall_at_5": 0.0,
      "precision_at_5": 0.0,
      "mrr": 0.0,
      "resource_metrics": {
        "duration": 0.0,
        "cpu": {
          "avg": 5.2,
          "max": 5.2,
          "min": 5.2
        },
        "memory": {
          "avg_mb": 7903.515625,
          "max_mb": 7903.515625,
          "min_mb": 7903.515625
        },
        "disk": {
          "read_total_mb": 0.0,
          "write_total_mb": 0.0
        },
        "network": {
          "sent_total_mb": 0.0,
          "recv_total_mb": 0.0
        }
      }
    },
    {
      "top_k": 10,
      "num_queries": 10,
      "avg_latency_ms": 8.933448791503906,
      "p50_latency_ms": 8.569002151489258,
      "p95_latency_ms": 12.955188751220703,
      "p99_latency_ms": 12.955188751220703,
      "min_latency_ms": 6.777286529541016,
      "max_latency_ms": 12.955188751220703,
      "queries_per_second": 111.93885176249546,
      "avg_similarity": 0.5790956195186044,
      "avg_top1_similarity": 0.6558685830481964,
      "min_similarity": 0.5425923134499462,
      "recall_at_10": 0.0,
      "precision_at_10": 0.0,
      "mrr": 0.0,
      "resource_metrics": {
        "duration": 0.0,
        "cpu": {
          "avg": 3.9,
          "max": 3.9,
          "min": 3.9
        },
        "memory": {
          "avg_mb": 7832.28125,
          "max_mb": 7832.28125,
          "min_mb": 7832.28125
        },
        "disk": {
          "read_total_mb": 0.0,
          "write_total_mb": 0.0
        },
        "network": {
          "sent_total_mb": 0.0,
          "recv_total_mb": 0.0
        }
      }
    },
    {
      "top_k": 20,
      "num_queries": 10,
      "avg_latency_ms": 8.797645568847656,
      "p50_latency_ms": 8.615255355834961,
      "p95_latency_ms": 11.543035507202148,
      "p99_latency_ms": 11.543035507202148,
      "min_latency_ms": 7.340908050537109,
      "max_latency_ms": 11.543035507202148,
      "queries_per_second": 113.66677506775068,
      "avg_similarity": 0.5453628752030946,
      "avg_top1_similarity": 0.6558685830481964,
      "min_similarity": 0.4985174671610725,
      "recall_at_20": 0.0,
      "precision_at_20": 0.0,
      "mrr": 0.0,
      "resource_metrics": {
        "duration": 0.0,
        "cpu": {
          "avg": 6.1,
          "max": 6.1,
          "min": 6.1
        },
        "memory": {
          "avg_mb": 7835.0,
          "max_mb": 7835.0,
          "min_mb": 7835.0
        },
        "disk": {
          "read_total_mb": 0.0,
          "write_total_mb": 0.0
        },
        "network": {
          "sent_total_mb": 0.0,
          "recv_total_mb": 0.0
        }
      }
    }
  ]
}