{
  "database": "chroma",
  "config": {
    "corpus_path": "Data/test_corpus/corpus_sizes/corpus_10k",
    "test_cases_path": "Data/test_corpus/test_cases.json",
    "output_dir": "results/chroma_scaling_experiment/corpus_10k",
    "chroma_config": {
      "persist_directory": "./vector_stores/chroma_db",
      "collection_name": "benchmark_test"
    },
    "embedding_model": "sentence-transformers/all-MiniLM-L6-v2",
    "embedding_type": "sentence-transformers",
    "chunk_size": 512,
    "chunk_overlap": 50,
    "chunk_strategy": "fixed",
    "top_k_values": [
      1,
      3,
      5,
      10,
      20
    ],
    "batch_size": 100
  },
  "timestamp": "2025-12-16 16:01:08",
  "ingestion": {
    "total_time_sec": 208.4647171497345,
    "num_documents": 1,
    "num_chunks": 69903,
    "parsing_time_sec": 0.15291714668273926,
    "embedding_time_sec": 167.08907389640808,
    "insertion_time_sec": 40.66773509979248
  },
  "query_results": [
    {
      "top_k": 1,
      "num_queries": 10,
      "avg_latency_ms": 36.95094585418701,
      "p50_latency_ms": 23.801803588867188,
      "p95_latency_ms": 198.83275032043457,
      "p99_latency_ms": 198.83275032043457,
      "min_latency_ms": 7.126092910766602,
      "max_latency_ms": 198.83275032043457,
      "queries_per_second": 27.062906696519306,
      "avg_similarity": 0.5972840011119842,
      "avg_top1_similarity": 0.5972840011119842,
      "min_similarity": 0.5972840011119842,
      "recall_at_1": 0.0,
      "precision_at_1": 0.0,
      "mrr": 0.0,
      "resource_metrics": {
        "duration": 0.0,
        "cpu": {
          "avg": 14.2,
          "max": 14.2,
          "min": 14.2
        },
        "memory": {
          "avg_mb": 9802.9375,
          "max_mb": 9802.9375,
          "min_mb": 9802.9375
        },
        "disk": {
          "read_total_mb": 0.0,
          "write_total_mb": 0.0
        },
        "network": {
          "sent_total_mb": 0.0,
          "recv_total_mb": 0.0
        }
      }
    },
    {
      "top_k": 3,
      "num_queries": 10,
      "avg_latency_ms": 9.799981117248535,
      "p50_latency_ms": 9.337186813354492,
      "p95_latency_ms": 11.755943298339844,
      "p99_latency_ms": 11.755943298339844,
      "min_latency_ms": 8.347272872924805,
      "max_latency_ms": 11.755943298339844,
      "queries_per_second": 102.04101294031496,
      "avg_similarity": 0.5706729690233867,
      "avg_top1_similarity": 0.5972840011119842,
      "min_similarity": 0.5505420327186584,
      "recall_at_3": 0.0,
      "precision_at_3": 0.0,
      "mrr": 0.0,
      "resource_metrics": {
        "duration": 0.0,
        "cpu": {
          "avg": 18.3,
          "max": 18.3,
          "min": 18.3
        },
        "memory": {
          "avg_mb": 10812.0,
          "max_mb": 10812.0,
          "min_mb": 10812.0
        },
        "disk": {
          "read_total_mb": 0.0,
          "write_total_mb": 0.0
        },
        "network": {
          "sent_total_mb": 0.0,
          "recv_total_mb": 0.0
        }
      }
    },
    {
      "top_k": 5,
      "num_queries": 10,
      "avg_latency_ms": 10.743403434753418,
      "p50_latency_ms": 9.553909301757812,
      "p95_latency_ms": 15.59305191040039,
      "p99_latency_ms": 15.59305191040039,
      "min_latency_ms": 8.577823638916016,
      "max_latency_ms": 15.59305191040039,
      "queries_per_second": 93.08037309342204,
      "avg_similarity": 0.5560519921779633,
      "avg_top1_similarity": 0.5972840011119842,
      "min_similarity": 0.5299822628498078,
      "recall_at_5": 0.0,
      "precision_at_5": 0.0,
      "mrr": 0.0,
      "resource_metrics": {
        "duration": 0.0,
        "cpu": {
          "avg": 20.6,
          "max": 20.6,
          "min": 20.6
        },
        "memory": {
          "avg_mb": 10803.953125,
          "max_mb": 10803.953125,
          "min_mb": 10803.953125
        },
        "disk": {
          "read_total_mb": 0.0,
          "write_total_mb": 0.0
        },
        "network": {
          "sent_total_mb": 0.0,
          "recv_total_mb": 0.0009765625
        }
      }
    },
    {
      "top_k": 10,
      "num_queries": 10,
      "avg_latency_ms": 11.056709289550781,
      "p50_latency_ms": 10.404109954833984,
      "p95_latency_ms": 18.580913543701172,
      "p99_latency_ms": 18.580913543701172,
      "min_latency_ms": 8.417844772338867,
      "max_latency_ms": 18.580913543701172,
      "queries_per_second": 90.44282288809536,
      "avg_similarity": 0.5319315123558044,
      "avg_top1_similarity": 0.5972840011119842,
      "min_similarity": 0.4956181585788727,
      "recall_at_10": 0.0,
      "precision_at_10": 0.0,
      "mrr": 0.0,
      "resource_metrics": {
        "duration": 0.0,
        "cpu": {
          "avg": 13.7,
          "max": 13.7,
          "min": 13.7
        },
        "memory": {
          "avg_mb": 10793.15625,
          "max_mb": 10793.15625,
          "min_mb": 10793.15625
        },
        "disk": {
          "read_total_mb": 0.0,
          "write_total_mb": 0.0
        },
        "network": {
          "sent_total_mb": 0.0,
          "recv_total_mb": 0.0
        }
      }
    },
    {
      "top_k": 20,
      "num_queries": 10,
      "avg_latency_ms": 11.024641990661621,
      "p50_latency_ms": 9.839057922363281,
      "p95_latency_ms": 18.957138061523438,
      "p99_latency_ms": 18.957138061523438,
      "min_latency_ms": 8.300065994262695,
      "max_latency_ms": 18.957138061523438,
      "queries_per_second": 90.70589329313786,
      "avg_similarity": 0.5037526977062226,
      "avg_top1_similarity": 0.5972840011119842,
      "min_similarity": 0.46329604983329775,
      "recall_at_20": 0.0,
      "precision_at_20": 0.0,
      "mrr": 0.0,
      "resource_metrics": {
        "duration": 0.0,
        "cpu": {
          "avg": 13.9,
          "max": 13.9,
          "min": 13.9
        },
        "memory": {
          "avg_mb": 10793.71875,
          "max_mb": 10793.71875,
          "min_mb": 10793.71875
        },
        "disk": {
          "read_total_mb": 0.0,
          "write_total_mb": 0.0
        },
        "network": {
          "sent_total_mb": 0.0,
          "recv_total_mb": 0.0
        }
      }
    }
  ]
}