{
  "database": "weaviate",
  "config": {
    "corpus_path": "Data/test_corpus/corpus_sizes/corpus_50k",
    "test_cases_path": "Data/test_corpus/test_cases.json",
    "output_dir": "results/weaviate_scaling_n10/corpus_50k/run_9",
    "weaviate_config": {
      "host": "localhost",
      "port": 8082,
      "class_name": "BenchmarkTest"
    },
    "embedding_model": "sentence-transformers/all-MiniLM-L6-v2",
    "embedding_type": "sentence-transformers",
    "chunk_size": 512,
    "chunk_overlap": 50,
    "chunk_strategy": "fixed",
    "top_k_values": [
      1,
      3,
      5,
      10,
      20
    ],
    "batch_size": 100
  },
  "timestamp": "2026-01-10 05:04:42",
  "ingestion": {
    "total_time_sec": 947.5312230587006,
    "num_documents": 1,
    "num_chunks": 345046,
    "parsing_time_sec": 0.6502749919891357,
    "embedding_time_sec": 809.6068239212036,
    "insertion_time_sec": 135.95685505867004
  },
  "query_results": [
    {
      "top_k": 1,
      "num_queries": 10,
      "avg_latency_ms": 90.87152481079102,
      "p50_latency_ms": 46.93412780761719,
      "p95_latency_ms": 578.9220333099365,
      "p99_latency_ms": 578.9220333099365,
      "min_latency_ms": 14.212846755981445,
      "max_latency_ms": 578.9220333099365,
      "queries_per_second": 11.00454737699361,
      "avg_similarity": 0.6609139680862427,
      "avg_top1_similarity": 0.6609139680862427,
      "min_similarity": 0.6609139680862427,
      "recall_at_1": 0.0,
      "precision_at_1": 0.0,
      "mrr": 0.0,
      "resource_metrics": {
        "duration": 0.5023407936096191,
        "cpu": {
          "avg": 28.95,
          "max": 29.5,
          "min": 28.4
        },
        "memory": {
          "avg_mb": 8429.90625,
          "max_mb": 8938.875,
          "min_mb": 7920.9375
        },
        "disk": {
          "read_total_mb": 116.71484375,
          "write_total_mb": 2.3125
        },
        "network": {
          "sent_total_mb": 0.0029296875,
          "recv_total_mb": 0.00390625
        }
      }
    },
    {
      "top_k": 3,
      "num_queries": 10,
      "avg_latency_ms": 12.18416690826416,
      "p50_latency_ms": 11.920928955078125,
      "p95_latency_ms": 14.067888259887695,
      "p99_latency_ms": 14.067888259887695,
      "min_latency_ms": 9.888887405395508,
      "max_latency_ms": 14.067888259887695,
      "queries_per_second": 82.07372793963694,
      "avg_similarity": 0.6381454348564147,
      "avg_top1_similarity": 0.6609139680862427,
      "min_similarity": 0.6174291849136353,
      "recall_at_3": 0.0,
      "precision_at_3": 0.0,
      "mrr": 0.0,
      "resource_metrics": {
        "duration": 0.0,
        "cpu": {
          "avg": 44.6,
          "max": 44.6,
          "min": 44.6
        },
        "memory": {
          "avg_mb": 8948.625,
          "max_mb": 8948.625,
          "min_mb": 8948.625
        },
        "disk": {
          "read_total_mb": 0.0,
          "write_total_mb": 2.4375
        },
        "network": {
          "sent_total_mb": 0.0,
          "recv_total_mb": 0.0
        }
      }
    },
    {
      "top_k": 5,
      "num_queries": 10,
      "avg_latency_ms": 13.966870307922363,
      "p50_latency_ms": 14.00136947631836,
      "p95_latency_ms": 20.30801773071289,
      "p99_latency_ms": 20.30801773071289,
      "min_latency_ms": 10.99085807800293,
      "max_latency_ms": 20.30801773071289,
      "queries_per_second": 71.59800141000626,
      "avg_similarity": 0.6227201437950134,
      "avg_top1_similarity": 0.6609139680862427,
      "min_similarity": 0.5959628105163575,
      "recall_at_5": 0.0,
      "precision_at_5": 0.0,
      "mrr": 0.0,
      "resource_metrics": {
        "duration": 0.0,
        "cpu": {
          "avg": 45.4,
          "max": 45.4,
          "min": 45.4
        },
        "memory": {
          "avg_mb": 8931.765625,
          "max_mb": 8931.765625,
          "min_mb": 8931.765625
        },
        "disk": {
          "read_total_mb": 0.0625,
          "write_total_mb": 0.0
        },
        "network": {
          "sent_total_mb": 0.0,
          "recv_total_mb": 0.0
        }
      }
    },
    {
      "top_k": 10,
      "num_queries": 10,
      "avg_latency_ms": 19.385957717895508,
      "p50_latency_ms": 18.102169036865234,
      "p95_latency_ms": 28.856992721557617,
      "p99_latency_ms": 28.856992721557617,
      "min_latency_ms": 12.87221908569336,
      "max_latency_ms": 28.856992721557617,
      "queries_per_second": 51.5837295506367,
      "avg_similarity": 0.5995995450019835,
      "avg_top1_similarity": 0.6609139680862427,
      "min_similarity": 0.5663065969944,
      "recall_at_10": 0.0,
      "precision_at_10": 0.0,
      "mrr": 0.0,
      "resource_metrics": {
        "duration": 0.0,
        "cpu": {
          "avg": 80.0,
          "max": 80.0,
          "min": 80.0
        },
        "memory": {
          "avg_mb": 8924.265625,
          "max_mb": 8924.265625,
          "min_mb": 8924.265625
        },
        "disk": {
          "read_total_mb": 0.0,
          "write_total_mb": 0.0
        },
        "network": {
          "sent_total_mb": 0.0,
          "recv_total_mb": 0.0
        }
      }
    },
    {
      "top_k": 20,
      "num_queries": 10,
      "avg_latency_ms": 19.483447074890137,
      "p50_latency_ms": 18.896818161010742,
      "p95_latency_ms": 33.432722091674805,
      "p99_latency_ms": 33.432722091674805,
      "min_latency_ms": 13.527154922485352,
      "max_latency_ms": 33.432722091674805,
      "queries_per_second": 51.32561995606924,
      "avg_similarity": 0.5704183614253999,
      "avg_top1_similarity": 0.6609139680862427,
      "min_similarity": 0.5275188863277436,
      "recall_at_20": 0.0,
      "precision_at_20": 0.0,
      "mrr": 0.0,
      "resource_metrics": {
        "duration": 0.0,
        "cpu": {
          "avg": 51.2,
          "max": 51.2,
          "min": 51.2
        },
        "memory": {
          "avg_mb": 8968.109375,
          "max_mb": 8968.109375,
          "min_mb": 8968.109375
        },
        "disk": {
          "read_total_mb": 0.0,
          "write_total_mb": 0.0
        },
        "network": {
          "sent_total_mb": 0.0,
          "recv_total_mb": 0.0
        }
      }
    }
  ]
}