{
  "database": "weaviate",
  "config": {
    "corpus_path": "Data/test_corpus/corpus_sizes/corpus_10k",
    "test_cases_path": "Data/test_corpus/test_cases.json",
    "output_dir": "results/weaviate_scaling_n10/corpus_10k/run_9",
    "weaviate_config": {
      "host": "localhost",
      "port": 8082,
      "class_name": "BenchmarkTest"
    },
    "embedding_model": "sentence-transformers/all-MiniLM-L6-v2",
    "embedding_type": "sentence-transformers",
    "chunk_size": 512,
    "chunk_overlap": 50,
    "chunk_strategy": "fixed",
    "top_k_values": [
      1,
      3,
      5,
      10,
      20
    ],
    "batch_size": 100
  },
  "timestamp": "2026-01-10 03:22:57",
  "ingestion": {
    "total_time_sec": 183.22344613075256,
    "num_documents": 1,
    "num_chunks": 69903,
    "parsing_time_sec": 0.166046142578125,
    "embedding_time_sec": 165.81408405303955,
    "insertion_time_sec": 16.69338893890381
  },
  "query_results": [
    {
      "top_k": 1,
      "num_queries": 10,
      "avg_latency_ms": 45.20587921142578,
      "p50_latency_ms": 31.2192440032959,
      "p95_latency_ms": 228.82986068725586,
      "p99_latency_ms": 228.82986068725586,
      "min_latency_ms": 10.660171508789062,
      "max_latency_ms": 228.82986068725586,
      "queries_per_second": 22.121016501483066,
      "avg_similarity": 0.5972839415073394,
      "avg_top1_similarity": 0.5972839415073394,
      "min_similarity": 0.5972839415073394,
      "recall_at_1": 0.0,
      "precision_at_1": 0.0,
      "mrr": 0.0,
      "resource_metrics": {
        "duration": 0.0,
        "cpu": {
          "avg": 9.4,
          "max": 9.4,
          "min": 9.4
        },
        "memory": {
          "avg_mb": 9003.40625,
          "max_mb": 9003.40625,
          "min_mb": 9003.40625
        },
        "disk": {
          "read_total_mb": 0.0,
          "write_total_mb": 0.0
        },
        "network": {
          "sent_total_mb": 0.0,
          "recv_total_mb": 0.0
        }
      }
    },
    {
      "top_k": 3,
      "num_queries": 10,
      "avg_latency_ms": 10.800552368164062,
      "p50_latency_ms": 11.00015640258789,
      "p95_latency_ms": 12.739896774291992,
      "p99_latency_ms": 12.739896774291992,
      "min_latency_ms": 9.572267532348633,
      "max_latency_ms": 12.739896774291992,
      "queries_per_second": 92.58785716808534,
      "avg_similarity": 0.5706729133923848,
      "avg_top1_similarity": 0.5972839415073394,
      "min_similarity": 0.5505420148372651,
      "recall_at_3": 0.0,
      "precision_at_3": 0.0,
      "mrr": 0.0,
      "resource_metrics": {
        "duration": 0.0,
        "cpu": {
          "avg": 18.1,
          "max": 18.1,
          "min": 18.1
        },
        "memory": {
          "avg_mb": 9994.265625,
          "max_mb": 9994.265625,
          "min_mb": 9994.265625
        },
        "disk": {
          "read_total_mb": 0.0,
          "write_total_mb": 0.0
        },
        "network": {
          "sent_total_mb": 0.0,
          "recv_total_mb": 0.0
        }
      }
    },
    {
      "top_k": 5,
      "num_queries": 10,
      "avg_latency_ms": 10.85352897644043,
      "p50_latency_ms": 10.587215423583984,
      "p95_latency_ms": 15.570878982543945,
      "p99_latency_ms": 15.570878982543945,
      "min_latency_ms": 8.52203369140625,
      "max_latency_ms": 15.570878982543945,
      "queries_per_second": 92.13593128748106,
      "avg_similarity": 0.5560519528388976,
      "avg_top1_similarity": 0.5972839415073394,
      "min_similarity": 0.5299822449684143,
      "recall_at_5": 0.0,
      "precision_at_5": 0.0,
      "mrr": 0.0,
      "resource_metrics": {
        "duration": 0.0,
        "cpu": {
          "avg": 16.1,
          "max": 16.1,
          "min": 16.1
        },
        "memory": {
          "avg_mb": 9921.25,
          "max_mb": 9921.25,
          "min_mb": 9921.25
        },
        "disk": {
          "read_total_mb": 0.0,
          "write_total_mb": 0.0
        },
        "network": {
          "sent_total_mb": 0.0,
          "recv_total_mb": 0.0
        }
      }
    },
    {
      "top_k": 10,
      "num_queries": 10,
      "avg_latency_ms": 12.1079683303833,
      "p50_latency_ms": 12.117862701416016,
      "p95_latency_ms": 16.572952270507812,
      "p99_latency_ms": 16.572952270507812,
      "min_latency_ms": 10.190010070800781,
      "max_latency_ms": 16.572952270507812,
      "queries_per_second": 82.59023914777147,
      "avg_similarity": 0.5319314944744111,
      "avg_top1_similarity": 0.5972839415073394,
      "min_similarity": 0.4956180989742279,
      "recall_at_10": 0.0,
      "precision_at_10": 0.0,
      "mrr": 0.0,
      "resource_metrics": {
        "duration": 0.0,
        "cpu": {
          "avg": 12.5,
          "max": 12.5,
          "min": 12.5
        },
        "memory": {
          "avg_mb": 9890.1875,
          "max_mb": 9890.1875,
          "min_mb": 9890.1875
        },
        "disk": {
          "read_total_mb": 0.0,
          "write_total_mb": 0.0
        },
        "network": {
          "sent_total_mb": 0.0,
          "recv_total_mb": 0.0
        }
      }
    },
    {
      "top_k": 20,
      "num_queries": 10,
      "avg_latency_ms": 12.959599494934082,
      "p50_latency_ms": 12.67385482788086,
      "p95_latency_ms": 18.73302459716797,
      "p99_latency_ms": 18.73302459716797,
      "min_latency_ms": 11.179924011230469,
      "max_latency_ms": 18.73302459716797,
      "queries_per_second": 77.16287840460663,
      "avg_similarity": 0.5037875854969024,
      "avg_top1_similarity": 0.5972839415073394,
      "min_similarity": 0.4634092628955841,
      "recall_at_20": 0.0,
      "precision_at_20": 0.0,
      "mrr": 0.0,
      "resource_metrics": {
        "duration": 0.0,
        "cpu": {
          "avg": 11.2,
          "max": 11.2,
          "min": 11.2
        },
        "memory": {
          "avg_mb": 9894.53125,
          "max_mb": 9894.53125,
          "min_mb": 9894.53125
        },
        "disk": {
          "read_total_mb": 0.0625,
          "write_total_mb": 0.0
        },
        "network": {
          "sent_total_mb": 0.0,
          "recv_total_mb": 0.0
        }
      }
    }
  ]
}