{
  "database": "weaviate",
  "config": {
    "corpus_path": "Data/test_corpus/corpus_sizes/corpus_50k",
    "test_cases_path": "Data/test_corpus/test_cases.json",
    "output_dir": "results/weaviate_scaling_n10/corpus_50k/run_7",
    "weaviate_config": {
      "host": "localhost",
      "port": 8082,
      "class_name": "BenchmarkTest"
    },
    "embedding_model": "sentence-transformers/all-MiniLM-L6-v2",
    "embedding_type": "sentence-transformers",
    "chunk_size": 512,
    "chunk_overlap": 50,
    "chunk_strategy": "fixed",
    "top_k_values": [
      1,
      3,
      5,
      10,
      20
    ],
    "batch_size": 100
  },
  "timestamp": "2026-01-10 04:32:47",
  "ingestion": {
    "total_time_sec": 947.9415082931519,
    "num_documents": 1,
    "num_chunks": 345046,
    "parsing_time_sec": 0.651763916015625,
    "embedding_time_sec": 810.7987551689148,
    "insertion_time_sec": 134.68515396118164
  },
  "query_results": [
    {
      "top_k": 1,
      "num_queries": 10,
      "avg_latency_ms": 123.6271858215332,
      "p50_latency_ms": 54.3370246887207,
      "p95_latency_ms": 872.9479312896729,
      "p99_latency_ms": 872.9479312896729,
      "min_latency_ms": 12.048959732055664,
      "max_latency_ms": 872.9479312896729,
      "queries_per_second": 8.088835747208455,
      "avg_similarity": 0.6609139680862427,
      "avg_top1_similarity": 0.6609139680862427,
      "min_similarity": 0.6609139680862427,
      "recall_at_1": 0.0,
      "precision_at_1": 0.0,
      "mrr": 0.0,
      "resource_metrics": {
        "duration": 1.0125837326049805,
        "cpu": {
          "avg": 57.53333333333333,
          "max": 65.5,
          "min": 48.1
        },
        "memory": {
          "avg_mb": 8646.114583333334,
          "max_mb": 9148.875,
          "min_mb": 8070.46875
        },
        "disk": {
          "read_total_mb": 169.91796875,
          "write_total_mb": 175.265625
        },
        "network": {
          "sent_total_mb": 0.0126953125,
          "recv_total_mb": 0.0146484375
        }
      }
    },
    {
      "top_k": 3,
      "num_queries": 10,
      "avg_latency_ms": 17.12322235107422,
      "p50_latency_ms": 17.612695693969727,
      "p95_latency_ms": 24.54090118408203,
      "p99_latency_ms": 24.54090118408203,
      "min_latency_ms": 11.482954025268555,
      "max_latency_ms": 24.54090118408203,
      "queries_per_second": 58.40022277917015,
      "avg_similarity": 0.6381454348564147,
      "avg_top1_similarity": 0.6609139680862427,
      "min_similarity": 0.6174291849136353,
      "recall_at_3": 0.0,
      "precision_at_3": 0.0,
      "mrr": 0.0,
      "resource_metrics": {
        "duration": 0.0,
        "cpu": {
          "avg": 82.8,
          "max": 82.8,
          "min": 82.8
        },
        "memory": {
          "avg_mb": 9128.859375,
          "max_mb": 9128.859375,
          "min_mb": 9128.859375
        },
        "disk": {
          "read_total_mb": 0.0,
          "write_total_mb": 0.0
        },
        "network": {
          "sent_total_mb": 0.0,
          "recv_total_mb": 0.0
        }
      }
    },
    {
      "top_k": 5,
      "num_queries": 10,
      "avg_latency_ms": 14.868950843811035,
      "p50_latency_ms": 14.59813117980957,
      "p95_latency_ms": 20.663022994995117,
      "p99_latency_ms": 20.663022994995117,
      "min_latency_ms": 11.089801788330078,
      "max_latency_ms": 20.663022994995117,
      "queries_per_second": 67.2542407668416,
      "avg_similarity": 0.6227201437950134,
      "avg_top1_similarity": 0.6609139680862427,
      "min_similarity": 0.5959628105163575,
      "recall_at_5": 0.0,
      "precision_at_5": 0.0,
      "mrr": 0.0,
      "resource_metrics": {
        "duration": 0.0,
        "cpu": {
          "avg": 71.3,
          "max": 71.3,
          "min": 71.3
        },
        "memory": {
          "avg_mb": 8987.921875,
          "max_mb": 8987.921875,
          "min_mb": 8987.921875
        },
        "disk": {
          "read_total_mb": 0.0,
          "write_total_mb": 0.0
        },
        "network": {
          "sent_total_mb": 0.0,
          "recv_total_mb": 0.0
        }
      }
    },
    {
      "top_k": 10,
      "num_queries": 10,
      "avg_latency_ms": 17.957019805908203,
      "p50_latency_ms": 19.865989685058594,
      "p95_latency_ms": 22.624969482421875,
      "p99_latency_ms": 22.624969482421875,
      "min_latency_ms": 12.15505599975586,
      "max_latency_ms": 22.624969482421875,
      "queries_per_second": 55.6885279856394,
      "avg_similarity": 0.5995995450019835,
      "avg_top1_similarity": 0.6609139680862427,
      "min_similarity": 0.5663065969944,
      "recall_at_10": 0.0,
      "precision_at_10": 0.0,
      "mrr": 0.0,
      "resource_metrics": {
        "duration": 0.0,
        "cpu": {
          "avg": 56.5,
          "max": 56.5,
          "min": 56.5
        },
        "memory": {
          "avg_mb": 8933.453125,
          "max_mb": 8933.453125,
          "min_mb": 8933.453125
        },
        "disk": {
          "read_total_mb": 0.0,
          "write_total_mb": 0.0
        },
        "network": {
          "sent_total_mb": 0.0,
          "recv_total_mb": 0.0
        }
      }
    },
    {
      "top_k": 20,
      "num_queries": 10,
      "avg_latency_ms": 23.358821868896484,
      "p50_latency_ms": 25.59518814086914,
      "p95_latency_ms": 34.10983085632324,
      "p99_latency_ms": 34.10983085632324,
      "min_latency_ms": 13.269901275634766,
      "max_latency_ms": 34.10983085632324,
      "queries_per_second": 42.81037826362096,
      "avg_similarity": 0.5704183614253999,
      "avg_top1_similarity": 0.6609139680862427,
      "min_similarity": 0.5275188863277436,
      "recall_at_20": 0.0,
      "precision_at_20": 0.0,
      "mrr": 0.0,
      "resource_metrics": {
        "duration": 0.0,
        "cpu": {
          "avg": 63.5,
          "max": 63.5,
          "min": 63.5
        },
        "memory": {
          "avg_mb": 8927.53125,
          "max_mb": 8927.53125,
          "min_mb": 8927.53125
        },
        "disk": {
          "read_total_mb": 0.1875,
          "write_total_mb": 3.875
        },
        "network": {
          "sent_total_mb": 0.0,
          "recv_total_mb": 0.0
        }
      }
    }
  ]
}