{
  "database": "faiss",
  "config": {
    "corpus_path": "Data/test_corpus/corpus_sizes/corpus_500k",
    "test_cases_path": "Data/test_corpus/test_cases.json",
    "output_dir": "results/faiss_scaling_n3/corpus_500k/run_3",
    "faiss_config": {
      "index_path": "./vector_stores/faiss_index.index",
      "index_type": "Flat"
    },
    "embedding_model": "sentence-transformers/all-MiniLM-L6-v2",
    "embedding_type": "sentence-transformers",
    "chunk_size": 512,
    "chunk_overlap": 50,
    "chunk_strategy": "fixed",
    "top_k_values": [
      1,
      3,
      5,
      10,
      20
    ],
    "batch_size": 100
  },
  "timestamp": "2025-12-23 18:24:03",
  "ingestion": {
    "total_time_sec": 5155.025503158569,
    "num_documents": 1,
    "num_chunks": 2249072,
    "parsing_time_sec": 3.135849952697754,
    "embedding_time_sec": 5137.126659870148,
    "insertion_time_sec": 4.869099140167236
  },
  "query_results": [
    {
      "top_k": 1,
      "num_queries": 10,
      "avg_latency_ms": 361.30900382995605,
      "p50_latency_ms": 80.74617385864258,
      "p95_latency_ms": 2929.265260696411,
      "p99_latency_ms": 2929.265260696411,
      "min_latency_ms": 56.54597282409668,
      "max_latency_ms": 2929.265260696411,
      "queries_per_second": 2.767714032586448,
      "avg_similarity": 0.6081104759530154,
      "avg_top1_similarity": 0.6081104759530154,
      "min_similarity": 0.6081104759530154,
      "recall_at_1": 0.0,
      "precision_at_1": 0.0,
      "mrr": 0.0,
      "resource_metrics": {
        "duration": 3.543215751647949,
        "cpu": {
          "avg": 12.4625,
          "max": 20.9,
          "min": 0.0
        },
        "memory": {
          "avg_mb": 8691.626953125,
          "max_mb": 9852.015625,
          "min_mb": 8186.0625
        },
        "disk": {
          "read_total_mb": 1118.49609375,
          "write_total_mb": 21.1015625
        },
        "network": {
          "sent_total_mb": 0.00390625,
          "recv_total_mb": 0.015625
        }
      }
    },
    {
      "top_k": 3,
      "num_queries": 10,
      "avg_latency_ms": 59.53972339630127,
      "p50_latency_ms": 57.090044021606445,
      "p95_latency_ms": 76.73287391662598,
      "p99_latency_ms": 76.73287391662598,
      "min_latency_ms": 55.69267272949219,
      "max_latency_ms": 76.73287391662598,
      "queries_per_second": 16.79550966913162,
      "avg_similarity": 0.5970919434566881,
      "avg_top1_similarity": 0.6081104759530154,
      "min_similarity": 0.5869038129129002,
      "recall_at_3": 0.0,
      "precision_at_3": 0.0,
      "mrr": 0.0,
      "resource_metrics": {
        "duration": 0.5107629299163818,
        "cpu": {
          "avg": 11.7,
          "max": 16.8,
          "min": 6.6
        },
        "memory": {
          "avg_mb": 9818.625,
          "max_mb": 9841.0625,
          "min_mb": 9796.1875
        },
        "disk": {
          "read_total_mb": 38.3203125,
          "write_total_mb": 0.0
        },
        "network": {
          "sent_total_mb": 0.0009765625,
          "recv_total_mb": 0.0009765625
        }
      }
    },
    {
      "top_k": 5,
      "num_queries": 10,
      "avg_latency_ms": 58.37435722351074,
      "p50_latency_ms": 56.468963623046875,
      "p95_latency_ms": 72.4949836730957,
      "p99_latency_ms": 72.4949836730957,
      "min_latency_ms": 55.43017387390137,
      "max_latency_ms": 72.4949836730957,
      "queries_per_second": 17.130809615103427,
      "avg_similarity": 0.589569724902797,
      "avg_top1_similarity": 0.6081104759530154,
      "min_similarity": 0.5767552424979981,
      "recall_at_5": 0.0,
      "precision_at_5": 0.0,
      "mrr": 0.0,
      "resource_metrics": {
        "duration": 0.5095710754394531,
        "cpu": {
          "avg": 11.25,
          "max": 16.0,
          "min": 6.5
        },
        "memory": {
          "avg_mb": 9781.4453125,
          "max_mb": 9796.421875,
          "min_mb": 9766.46875
        },
        "disk": {
          "read_total_mb": 14.8671875,
          "write_total_mb": 0.23828125
        },
        "network": {
          "sent_total_mb": 0.0,
          "recv_total_mb": 0.0009765625
        }
      }
    },
    {
      "top_k": 10,
      "num_queries": 10,
      "avg_latency_ms": 58.72631072998047,
      "p50_latency_ms": 58.383941650390625,
      "p95_latency_ms": 64.11600112915039,
      "p99_latency_ms": 64.11600112915039,
      "min_latency_ms": 55.82785606384277,
      "max_latency_ms": 64.11600112915039,
      "queries_per_second": 17.028142710989137,
      "avg_similarity": 0.5771787789131821,
      "avg_top1_similarity": 0.6081104759530154,
      "min_similarity": 0.5588513399533241,
      "recall_at_10": 0.0,
      "precision_at_10": 0.0,
      "mrr": 0.0,
      "resource_metrics": {
        "duration": 0.5107488632202148,
        "cpu": {
          "avg": 11.05,
          "max": 15.1,
          "min": 7.0
        },
        "memory": {
          "avg_mb": 9715.671875,
          "max_mb": 9760.203125,
          "min_mb": 9671.140625
        },
        "disk": {
          "read_total_mb": 45.41796875,
          "write_total_mb": 0.0390625
        },
        "network": {
          "sent_total_mb": 0.0,
          "recv_total_mb": 0.001953125
        }
      }
    },
    {
      "top_k": 20,
      "num_queries": 10,
      "avg_latency_ms": 57.34994411468506,
      "p50_latency_ms": 56.648969650268555,
      "p95_latency_ms": 62.67285346984863,
      "p99_latency_ms": 62.67285346984863,
      "min_latency_ms": 55.92203140258789,
      "max_latency_ms": 62.67285346984863,
      "queries_per_second": 17.436808621822866,
      "avg_similarity": 0.5616581162708834,
      "avg_top1_similarity": 0.6081104759530154,
      "min_similarity": 0.5375578751597476,
      "recall_at_20": 0.0,
      "precision_at_20": 0.0,
      "mrr": 0.0,
      "resource_metrics": {
        "duration": 0.5107266902923584,
        "cpu": {
          "avg": 9.15,
          "max": 10.6,
          "min": 7.7
        },
        "memory": {
          "avg_mb": 9648.1484375,
          "max_mb": 9650.078125,
          "min_mb": 9646.21875
        },
        "disk": {
          "read_total_mb": 12.33203125,
          "write_total_mb": 0.0
        },
        "network": {
          "sent_total_mb": 0.0009765625,
          "recv_total_mb": 0.0
        }
      }
    }
  ]
}