{
  "database": "faiss",
  "config": {
    "corpus_path": "Data/test_corpus/corpus_sizes/corpus_10k",
    "test_cases_path": "Data/test_corpus/test_cases.json",
    "output_dir": "results/faiss_scaling_n10/corpus_10k/run_10",
    "faiss_config": {
      "index_path": "./vector_stores/faiss_index.index",
      "index_type": "Flat"
    },
    "embedding_model": "sentence-transformers/all-MiniLM-L6-v2",
    "embedding_type": "sentence-transformers",
    "chunk_size": 512,
    "chunk_overlap": 50,
    "chunk_strategy": "fixed",
    "top_k_values": [
      1,
      3,
      5,
      10,
      20
    ],
    "batch_size": 100
  },
  "timestamp": "2026-01-07 21:24:02",
  "ingestion": {
    "total_time_sec": 160.62441992759705,
    "num_documents": 1,
    "num_chunks": 69903,
    "parsing_time_sec": 0.1235048770904541,
    "embedding_time_sec": 159.74295496940613,
    "insertion_time_sec": 0.17833495140075684
  },
  "query_results": [
    {
      "top_k": 1,
      "num_queries": 10,
      "avg_latency_ms": 21.758389472961426,
      "p50_latency_ms": 23.89979362487793,
      "p95_latency_ms": 48.02513122558594,
      "p99_latency_ms": 48.02513122558594,
      "min_latency_ms": 8.014917373657227,
      "max_latency_ms": 48.02513122558594,
      "queries_per_second": 45.95928394620721,
      "avg_similarity": 0.5581660055095653,
      "avg_top1_similarity": 0.5581660055095653,
      "min_similarity": 0.5581660055095653,
      "recall_at_1": 0.0,
      "precision_at_1": 0.0,
      "mrr": 0.0,
      "resource_metrics": {
        "duration": 0.0,
        "cpu": {
          "avg": 0.0,
          "max": 0.0,
          "min": 0.0
        },
        "memory": {
          "avg_mb": 12782.90625,
          "max_mb": 12782.90625,
          "min_mb": 12782.90625
        },
        "disk": {
          "read_total_mb": 0.00390625,
          "write_total_mb": 0.0
        },
        "network": {
          "sent_total_mb": 0.0,
          "recv_total_mb": 0.0
        }
      }
    },
    {
      "top_k": 3,
      "num_queries": 10,
      "avg_latency_ms": 11.69428825378418,
      "p50_latency_ms": 11.537790298461914,
      "p95_latency_ms": 15.308141708374023,
      "p99_latency_ms": 15.308141708374023,
      "min_latency_ms": 9.957075119018555,
      "max_latency_ms": 15.308141708374023,
      "queries_per_second": 85.5118309296342,
      "avg_similarity": 0.541706624168814,
      "avg_top1_similarity": 0.5581660055095653,
      "min_similarity": 0.5291392686176649,
      "recall_at_3": 0.0,
      "precision_at_3": 0.0,
      "mrr": 0.0,
      "resource_metrics": {
        "duration": 0.0,
        "cpu": {
          "avg": 20.3,
          "max": 20.3,
          "min": 20.3
        },
        "memory": {
          "avg_mb": 11628.390625,
          "max_mb": 11628.390625,
          "min_mb": 11628.390625
        },
        "disk": {
          "read_total_mb": 0.0,
          "write_total_mb": 0.0
        },
        "network": {
          "sent_total_mb": 0.0,
          "recv_total_mb": 0.0
        }
      }
    },
    {
      "top_k": 5,
      "num_queries": 10,
      "avg_latency_ms": 11.620140075683594,
      "p50_latency_ms": 10.677814483642578,
      "p95_latency_ms": 18.030881881713867,
      "p99_latency_ms": 18.030881881713867,
      "min_latency_ms": 9.14907455444336,
      "max_latency_ms": 18.030881881713867,
      "queries_per_second": 86.0574823958111,
      "avg_similarity": 0.5330032980995693,
      "avg_top1_similarity": 0.5581660055095653,
      "min_similarity": 0.5176948310628566,
      "recall_at_5": 0.0,
      "precision_at_5": 0.0,
      "mrr": 0.0,
      "resource_metrics": {
        "duration": 0.0,
        "cpu": {
          "avg": 15.1,
          "max": 15.1,
          "min": 15.1
        },
        "memory": {
          "avg_mb": 11399.609375,
          "max_mb": 11399.609375,
          "min_mb": 11399.609375
        },
        "disk": {
          "read_total_mb": 0.0,
          "write_total_mb": 0.0
        },
        "network": {
          "sent_total_mb": 0.0,
          "recv_total_mb": 0.0
        }
      }
    },
    {
      "top_k": 10,
      "num_queries": 10,
      "avg_latency_ms": 11.29903793334961,
      "p50_latency_ms": 10.813236236572266,
      "p95_latency_ms": 18.041133880615234,
      "p99_latency_ms": 18.041133880615234,
      "min_latency_ms": 8.36491584777832,
      "max_latency_ms": 18.041133880615234,
      "queries_per_second": 88.50311025582593,
      "avg_similarity": 0.5193785008576619,
      "avg_top1_similarity": 0.5581660055095653,
      "min_similarity": 0.4993554378505681,
      "recall_at_10": 0.0,
      "precision_at_10": 0.0,
      "mrr": 0.0,
      "resource_metrics": {
        "duration": 0.0,
        "cpu": {
          "avg": 12.9,
          "max": 12.9,
          "min": 12.9
        },
        "memory": {
          "avg_mb": 11373.640625,
          "max_mb": 11373.640625,
          "min_mb": 11373.640625
        },
        "disk": {
          "read_total_mb": 0.0,
          "write_total_mb": 0.0
        },
        "network": {
          "sent_total_mb": 0.0,
          "recv_total_mb": 0.0
        }
      }
    },
    {
      "top_k": 20,
      "num_queries": 10,
      "avg_latency_ms": 11.519718170166016,
      "p50_latency_ms": 10.905981063842773,
      "p95_latency_ms": 16.66092872619629,
      "p99_latency_ms": 16.66092872619629,
      "min_latency_ms": 8.769035339355469,
      "max_latency_ms": 16.66092872619629,
      "queries_per_second": 86.80767925293684,
      "avg_similarity": 0.5042849702899981,
      "avg_top1_similarity": 0.5581660055095653,
      "min_similarity": 0.48320295502314875,
      "recall_at_20": 0.0,
      "precision_at_20": 0.0,
      "mrr": 0.0,
      "resource_metrics": {
        "duration": 0.0,
        "cpu": {
          "avg": 16.9,
          "max": 16.9,
          "min": 16.9
        },
        "memory": {
          "avg_mb": 11459.859375,
          "max_mb": 11459.859375,
          "min_mb": 11459.859375
        },
        "disk": {
          "read_total_mb": 0.0,
          "write_total_mb": 0.0
        },
        "network": {
          "sent_total_mb": 0.0,
          "recv_total_mb": 0.0
        }
      }
    }
  ]
}