{
  "database": "pgvector",
  "config": {
    "corpus_path": "Data/test_corpus/corpus_sizes/corpus_10k",
    "test_cases_path": "Data/test_corpus/test_cases.json",
    "output_dir": "results/pgvector_hnsw_scaling_n3/corpus_10k/run_2",
    "pgvector_config": {
      "host": "localhost",
      "port": 5433,
      "database": "vectordb",
      "user": "postgres",
      "password": "postgres",
      "table_name": "benchmark_test",
      "index_type": "hnsw"
    },
    "embedding_model": "sentence-transformers/all-MiniLM-L6-v2",
    "embedding_type": "sentence-transformers",
    "chunk_size": 512,
    "chunk_overlap": 50,
    "chunk_strategy": "fixed",
    "top_k_values": [
      1,
      3,
      5,
      10,
      20
    ],
    "batch_size": 100
  },
  "timestamp": "2026-01-05 14:35:36",
  "ingestion": {
    "total_time_sec": 249.43561697006226,
    "num_documents": 1,
    "num_chunks": 69903,
    "parsing_time_sec": 0.13453221321105957,
    "embedding_time_sec": 169.93648266792297,
    "insertion_time_sec": 78.5044379234314
  },
  "query_results": [
    {
      "top_k": 1,
      "num_queries": 10,
      "avg_latency_ms": 49.680161476135254,
      "p50_latency_ms": 37.15205192565918,
      "p95_latency_ms": 238.12484741210938,
      "p99_latency_ms": 238.12484741210938,
      "min_latency_ms": 10.001182556152344,
      "max_latency_ms": 238.12484741210938,
      "queries_per_second": 20.128759051646153,
      "avg_similarity": 0.5972839128151974,
      "avg_top1_similarity": 0.5972839128151974,
      "min_similarity": 0.5972839128151974,
      "recall_at_1": 0.0,
      "precision_at_1": 0.0,
      "mrr": 0.0,
      "resource_metrics": {
        "duration": 0.0,
        "cpu": {
          "avg": 0.0,
          "max": 0.0,
          "min": 0.0
        },
        "memory": {
          "avg_mb": 8398.71875,
          "max_mb": 8398.71875,
          "min_mb": 8398.71875
        },
        "disk": {
          "read_total_mb": 0.0,
          "write_total_mb": 0.0
        },
        "network": {
          "sent_total_mb": 0.0,
          "recv_total_mb": 0.0
        }
      }
    },
    {
      "top_k": 3,
      "num_queries": 10,
      "avg_latency_ms": 9.775066375732422,
      "p50_latency_ms": 10.197877883911133,
      "p95_latency_ms": 10.834932327270508,
      "p99_latency_ms": 10.834932327270508,
      "min_latency_ms": 8.421182632446289,
      "max_latency_ms": 10.834932327270508,
      "queries_per_second": 102.30109562044508,
      "avg_similarity": 0.570672856956934,
      "avg_top1_similarity": 0.5972839128151974,
      "min_similarity": 0.5505419429834566,
      "recall_at_3": 0.0,
      "precision_at_3": 0.0,
      "mrr": 0.0,
      "resource_metrics": {
        "duration": 0.0,
        "cpu": {
          "avg": 31.4,
          "max": 31.4,
          "min": 31.4
        },
        "memory": {
          "avg_mb": 9545.46875,
          "max_mb": 9545.46875,
          "min_mb": 9545.46875
        },
        "disk": {
          "read_total_mb": 0.0,
          "write_total_mb": 0.0
        },
        "network": {
          "sent_total_mb": 0.0,
          "recv_total_mb": 0.0
        }
      }
    },
    {
      "top_k": 5,
      "num_queries": 10,
      "avg_latency_ms": 10.44771671295166,
      "p50_latency_ms": 10.350704193115234,
      "p95_latency_ms": 12.296915054321289,
      "p99_latency_ms": 12.296915054321289,
      "min_latency_ms": 8.666038513183594,
      "max_latency_ms": 12.296915054321289,
      "queries_per_second": 95.7146932171635,
      "avg_similarity": 0.5560518949006095,
      "avg_top1_similarity": 0.5972839128151974,
      "min_similarity": 0.5299821839576263,
      "recall_at_5": 0.0,
      "precision_at_5": 0.0,
      "mrr": 0.0,
      "resource_metrics": {
        "duration": 0.0,
        "cpu": {
          "avg": 23.0,
          "max": 23.0,
          "min": 23.0
        },
        "memory": {
          "avg_mb": 9547.453125,
          "max_mb": 9547.453125,
          "min_mb": 9547.453125
        },
        "disk": {
          "read_total_mb": 0.0,
          "write_total_mb": 0.0
        },
        "network": {
          "sent_total_mb": 0.0,
          "recv_total_mb": 0.0
        }
      }
    },
    {
      "top_k": 10,
      "num_queries": 10,
      "avg_latency_ms": 10.450410842895508,
      "p50_latency_ms": 10.103940963745117,
      "p95_latency_ms": 13.86713981628418,
      "p99_latency_ms": 13.86713981628418,
      "min_latency_ms": 8.576154708862305,
      "max_latency_ms": 13.86713981628418,
      "queries_per_second": 95.69001784076546,
      "avg_similarity": 0.5319314369218939,
      "avg_top1_similarity": 0.5972839128151974,
      "min_similarity": 0.49561807908199584,
      "recall_at_10": 0.0,
      "precision_at_10": 0.0,
      "mrr": 0.0,
      "resource_metrics": {
        "duration": 0.0,
        "cpu": {
          "avg": 23.5,
          "max": 23.5,
          "min": 23.5
        },
        "memory": {
          "avg_mb": 9471.203125,
          "max_mb": 9471.203125,
          "min_mb": 9471.203125
        },
        "disk": {
          "read_total_mb": 0.0,
          "write_total_mb": 0.0
        },
        "network": {
          "sent_total_mb": 0.0,
          "recv_total_mb": 0.0
        }
      }
    },
    {
      "top_k": 20,
      "num_queries": 10,
      "avg_latency_ms": 9.951162338256836,
      "p50_latency_ms": 9.89079475402832,
      "p95_latency_ms": 12.115001678466797,
      "p99_latency_ms": 12.115001678466797,
      "min_latency_ms": 8.69297981262207,
      "max_latency_ms": 12.115001678466797,
      "queries_per_second": 100.49077344015794,
      "avg_similarity": 0.5035605390656573,
      "avg_top1_similarity": 0.5972839128151974,
      "min_similarity": 0.46279810724039694,
      "recall_at_20": 0.0,
      "precision_at_20": 0.0,
      "mrr": 0.0,
      "resource_metrics": {
        "duration": 0.0,
        "cpu": {
          "avg": 21.5,
          "max": 21.5,
          "min": 21.5
        },
        "memory": {
          "avg_mb": 9425.21875,
          "max_mb": 9425.21875,
          "min_mb": 9425.21875
        },
        "disk": {
          "read_total_mb": 0.0,
          "write_total_mb": 0.0
        },
        "network": {
          "sent_total_mb": 0.0,
          "recv_total_mb": 0.0
        }
      }
    }
  ]
}