{
  "database": "faiss",
  "config": {
    "corpus_path": "Data/test_corpus/corpus_sizes/corpus_250k",
    "test_cases_path": "Data/test_corpus/test_cases.json",
    "output_dir": "results/faiss_scaling_n10/corpus_250k/run_9",
    "faiss_config": {
      "index_path": "./vector_stores/faiss_index.index",
      "index_type": "Flat"
    },
    "embedding_model": "sentence-transformers/all-MiniLM-L6-v2",
    "embedding_type": "sentence-transformers",
    "chunk_size": 512,
    "chunk_overlap": 50,
    "chunk_strategy": "fixed",
    "top_k_values": [
      1,
      3,
      5,
      10,
      20
    ],
    "batch_size": 100
  },
  "timestamp": "2026-01-08 14:29:08",
  "ingestion": {
    "total_time_sec": 4137.836397886276,
    "num_documents": 1,
    "num_chunks": 1775361,
    "parsing_time_sec": 3.050697088241577,
    "embedding_time_sec": 4122.583634853363,
    "insertion_time_sec": 4.021246910095215
  },
  "query_results": [
    {
      "top_k": 1,
      "num_queries": 10,
      "avg_latency_ms": 242.0933485031128,
      "p50_latency_ms": 72.36719131469727,
      "p95_latency_ms": 1822.8249549865723,
      "p99_latency_ms": 1822.8249549865723,
      "min_latency_ms": 47.13869094848633,
      "max_latency_ms": 1822.8249549865723,
      "queries_per_second": 4.130638062479202,
      "avg_similarity": 0.6081104737846019,
      "avg_top1_similarity": 0.6081104737846019,
      "min_similarity": 0.6081104737846019,
      "recall_at_1": 0.0,
      "precision_at_1": 0.0,
      "mrr": 0.0,
      "resource_metrics": {
        "duration": 2.022467851638794,
        "cpu": {
          "avg": 14.239999999999998,
          "max": 27.4,
          "min": 0.0
        },
        "memory": {
          "avg_mb": 9725.425,
          "max_mb": 10765.59375,
          "min_mb": 8824.75
        },
        "disk": {
          "read_total_mb": 545.5078125,
          "write_total_mb": 1.97265625
        },
        "network": {
          "sent_total_mb": 0.0185546875,
          "recv_total_mb": 0.0439453125
        }
      }
    },
    {
      "top_k": 3,
      "num_queries": 10,
      "avg_latency_ms": 49.92821216583252,
      "p50_latency_ms": 49.38077926635742,
      "p95_latency_ms": 54.299116134643555,
      "p99_latency_ms": 54.299116134643555,
      "min_latency_ms": 47.213077545166016,
      "max_latency_ms": 54.299116134643555,
      "queries_per_second": 20.028756420890474,
      "avg_similarity": 0.5952397436535154,
      "avg_top1_similarity": 0.6081104737846019,
      "min_similarity": 0.5847209357153125,
      "recall_at_3": 0.0,
      "precision_at_3": 0.0,
      "mrr": 0.0,
      "resource_metrics": {
        "duration": 0.0,
        "cpu": {
          "avg": 24.0,
          "max": 24.0,
          "min": 24.0
        },
        "memory": {
          "avg_mb": 10714.890625,
          "max_mb": 10714.890625,
          "min_mb": 10714.890625
        },
        "disk": {
          "read_total_mb": 0.0,
          "write_total_mb": 0.0
        },
        "network": {
          "sent_total_mb": 0.0,
          "recv_total_mb": 0.0
        }
      }
    },
    {
      "top_k": 5,
      "num_queries": 10,
      "avg_latency_ms": 49.70512390136719,
      "p50_latency_ms": 48.84791374206543,
      "p95_latency_ms": 54.85105514526367,
      "p99_latency_ms": 54.85105514526367,
      "min_latency_ms": 46.77009582519531,
      "max_latency_ms": 54.85105514526367,
      "queries_per_second": 20.118650181505615,
      "avg_similarity": 0.5875998204291968,
      "avg_top1_similarity": 0.6081104737846019,
      "min_similarity": 0.5742864525719634,
      "recall_at_5": 0.0,
      "precision_at_5": 0.0,
      "mrr": 0.0,
      "resource_metrics": {
        "duration": 0.0,
        "cpu": {
          "avg": 20.7,
          "max": 20.7,
          "min": 20.7
        },
        "memory": {
          "avg_mb": 10586.3125,
          "max_mb": 10586.3125,
          "min_mb": 10586.3125
        },
        "disk": {
          "read_total_mb": 0.4375,
          "write_total_mb": 0.4375
        },
        "network": {
          "sent_total_mb": 0.0,
          "recv_total_mb": 0.0
        }
      }
    },
    {
      "top_k": 10,
      "num_queries": 10,
      "avg_latency_ms": 48.474860191345215,
      "p50_latency_ms": 48.33221435546875,
      "p95_latency_ms": 50.20904541015625,
      "p99_latency_ms": 50.20904541015625,
      "min_latency_ms": 47.48702049255371,
      "max_latency_ms": 50.20904541015625,
      "queries_per_second": 20.629249801911584,
      "avg_similarity": 0.574710645832064,
      "avg_top1_similarity": 0.6081104737846019,
      "min_similarity": 0.5554166887164811,
      "recall_at_10": 0.0,
      "precision_at_10": 0.0,
      "mrr": 0.0,
      "resource_metrics": {
        "duration": 0.0,
        "cpu": {
          "avg": 19.9,
          "max": 19.9,
          "min": 19.9
        },
        "memory": {
          "avg_mb": 10546.34375,
          "max_mb": 10546.34375,
          "min_mb": 10546.34375
        },
        "disk": {
          "read_total_mb": 0.0625,
          "write_total_mb": 0.0
        },
        "network": {
          "sent_total_mb": 0.0,
          "recv_total_mb": 0.0
        }
      }
    },
    {
      "top_k": 20,
      "num_queries": 10,
      "avg_latency_ms": 48.49507808685303,
      "p50_latency_ms": 48.599958419799805,
      "p95_latency_ms": 49.57389831542969,
      "p99_latency_ms": 49.57389831542969,
      "min_latency_ms": 47.29604721069336,
      "max_latency_ms": 49.57389831542969,
      "queries_per_second": 20.620649341135902,
      "avg_similarity": 0.5591137853012855,
      "avg_top1_similarity": 0.6081104737846019,
      "min_similarity": 0.5355763691815586,
      "recall_at_20": 0.0,
      "precision_at_20": 0.0,
      "mrr": 0.0,
      "resource_metrics": {
        "duration": 0.0,
        "cpu": {
          "avg": 17.0,
          "max": 17.0,
          "min": 17.0
        },
        "memory": {
          "avg_mb": 10552.234375,
          "max_mb": 10552.234375,
          "min_mb": 10552.234375
        },
        "disk": {
          "read_total_mb": 0.0,
          "write_total_mb": 0.0
        },
        "network": {
          "sent_total_mb": 0.0,
          "recv_total_mb": 0.0
        }
      }
    }
  ]
}