{
  "database": "pgvector",
  "config": {
    "corpus_path": "Data/test_corpus/corpus_sizes/corpus_50k",
    "test_cases_path": "Data/test_corpus/test_cases.json",
    "output_dir": "results/pgvector_hnsw_scaling_n3/corpus_50k/run_1",
    "pgvector_config": {
      "host": "localhost",
      "port": 5433,
      "database": "vectordb",
      "user": "postgres",
      "password": "postgres",
      "table_name": "benchmark_test",
      "index_type": "hnsw"
    },
    "embedding_model": "sentence-transformers/all-MiniLM-L6-v2",
    "embedding_type": "sentence-transformers",
    "chunk_size": 512,
    "chunk_overlap": 50,
    "chunk_strategy": "fixed",
    "top_k_values": [
      1,
      3,
      5,
      10,
      20
    ],
    "batch_size": 100
  },
  "timestamp": "2026-01-05 15:04:02",
  "ingestion": {
    "total_time_sec": 1431.086650133133,
    "num_documents": 1,
    "num_chunks": 345046,
    "parsing_time_sec": 0.5896260738372803,
    "embedding_time_sec": 824.4970622062683,
    "insertion_time_sec": 601.749106168747
  },
  "query_results": [
    {
      "top_k": 1,
      "num_queries": 10,
      "avg_latency_ms": 298.5400676727295,
      "p50_latency_ms": 35.93111038208008,
      "p95_latency_ms": 2720.210313796997,
      "p99_latency_ms": 2720.210313796997,
      "min_latency_ms": 9.814977645874023,
      "max_latency_ms": 2720.210313796997,
      "queries_per_second": 3.349634130505512,
      "avg_similarity": 0.66091389531386,
      "avg_top1_similarity": 0.66091389531386,
      "min_similarity": 0.66091389531386,
      "recall_at_1": 0.0,
      "precision_at_1": 0.0,
      "mrr": 0.0,
      "resource_metrics": {
        "duration": 2.5227792263031006,
        "cpu": {
          "avg": 18.083333333333332,
          "max": 31.8,
          "min": 0.0
        },
        "memory": {
          "avg_mb": 10105.390625,
          "max_mb": 10606.1875,
          "min_mb": 8966.015625
        },
        "disk": {
          "read_total_mb": 1315.21484375,
          "write_total_mb": 272.9375
        },
        "network": {
          "sent_total_mb": 0.15234375,
          "recv_total_mb": 0.099609375
        }
      }
    },
    {
      "top_k": 3,
      "num_queries": 10,
      "avg_latency_ms": 8.846330642700195,
      "p50_latency_ms": 8.901119232177734,
      "p95_latency_ms": 9.832143783569336,
      "p99_latency_ms": 9.832143783569336,
      "min_latency_ms": 7.786989212036133,
      "max_latency_ms": 9.832143783569336,
      "queries_per_second": 113.04121905336862,
      "avg_similarity": 0.6381453653753935,
      "avg_top1_similarity": 0.66091389531386,
      "min_similarity": 0.617429116898659,
      "recall_at_3": 0.0,
      "precision_at_3": 0.0,
      "mrr": 0.0,
      "resource_metrics": {
        "duration": 0.0,
        "cpu": {
          "avg": 20.4,
          "max": 20.4,
          "min": 20.4
        },
        "memory": {
          "avg_mb": 10390.859375,
          "max_mb": 10390.859375,
          "min_mb": 10390.859375
        },
        "disk": {
          "read_total_mb": 0.3125,
          "write_total_mb": 0.3125
        },
        "network": {
          "sent_total_mb": 0.0,
          "recv_total_mb": 0.0
        }
      }
    },
    {
      "top_k": 5,
      "num_queries": 10,
      "avg_latency_ms": 10.089683532714844,
      "p50_latency_ms": 10.2691650390625,
      "p95_latency_ms": 11.706113815307617,
      "p99_latency_ms": 11.706113815307617,
      "min_latency_ms": 8.378028869628906,
      "max_latency_ms": 11.706113815307617,
      "queries_per_second": 99.11113631637649,
      "avg_similarity": 0.6227200671583266,
      "avg_top1_similarity": 0.66091389531386,
      "min_similarity": 0.5959627332723414,
      "recall_at_5": 0.0,
      "precision_at_5": 0.0,
      "mrr": 0.0,
      "resource_metrics": {
        "duration": 0.0,
        "cpu": {
          "avg": 14.5,
          "max": 14.5,
          "min": 14.5
        },
        "memory": {
          "avg_mb": 10338.734375,
          "max_mb": 10338.734375,
          "min_mb": 10338.734375
        },
        "disk": {
          "read_total_mb": 0.0,
          "write_total_mb": 0.0
        },
        "network": {
          "sent_total_mb": 0.0,
          "recv_total_mb": 0.0
        }
      }
    },
    {
      "top_k": 10,
      "num_queries": 10,
      "avg_latency_ms": 12.88604736328125,
      "p50_latency_ms": 13.310909271240234,
      "p95_latency_ms": 14.570951461791992,
      "p99_latency_ms": 14.570951461791992,
      "min_latency_ms": 10.226964950561523,
      "max_latency_ms": 14.570951461791992,
      "queries_per_second": 77.60331557134398,
      "avg_similarity": 0.5995994767417046,
      "avg_top1_similarity": 0.66091389531386,
      "min_similarity": 0.5663065761647823,
      "recall_at_10": 0.0,
      "precision_at_10": 0.0,
      "mrr": 0.0,
      "resource_metrics": {
        "duration": 0.0,
        "cpu": {
          "avg": 13.7,
          "max": 13.7,
          "min": 13.7
        },
        "memory": {
          "avg_mb": 10440.71875,
          "max_mb": 10440.71875,
          "min_mb": 10440.71875
        },
        "disk": {
          "read_total_mb": 0.0,
          "write_total_mb": 0.0
        },
        "network": {
          "sent_total_mb": 0.0,
          "recv_total_mb": 0.0
        }
      }
    },
    {
      "top_k": 20,
      "num_queries": 10,
      "avg_latency_ms": 12.727165222167969,
      "p50_latency_ms": 12.60519027709961,
      "p95_latency_ms": 15.025138854980469,
      "p99_latency_ms": 15.025138854980469,
      "min_latency_ms": 10.378122329711914,
      "max_latency_ms": 15.025138854980469,
      "queries_per_second": 78.57209225650786,
      "avg_similarity": 0.5702460435151667,
      "avg_top1_similarity": 0.66091389531386,
      "min_similarity": 0.5267550454041288,
      "recall_at_20": 0.0,
      "precision_at_20": 0.0,
      "mrr": 0.0,
      "resource_metrics": {
        "duration": 0.0,
        "cpu": {
          "avg": 29.9,
          "max": 29.9,
          "min": 29.9
        },
        "memory": {
          "avg_mb": 10317.078125,
          "max_mb": 10317.078125,
          "min_mb": 10317.078125
        },
        "disk": {
          "read_total_mb": 0.0,
          "write_total_mb": 0.0
        },
        "network": {
          "sent_total_mb": 0.0,
          "recv_total_mb": 0.0
        }
      }
    }
  ]
}