{
  "database": "milvus",
  "config": {
    "corpus_path": "Data/test_corpus/corpus_sizes/corpus_50k",
    "test_cases_path": "Data/test_corpus/test_cases.json",
    "output_dir": "results/milvus_scaling_experiment/corpus_50k",
    "milvus_config": {
      "host": "localhost",
      "port": 19530,
      "collection_name": "benchmark_test"
    },
    "embedding_model": "sentence-transformers/all-MiniLM-L6-v2",
    "embedding_type": "sentence-transformers",
    "chunk_size": 512,
    "chunk_overlap": 50,
    "chunk_strategy": "fixed",
    "top_k_values": [
      1,
      3,
      5,
      10,
      20
    ],
    "batch_size": 100
  },
  "timestamp": "2025-12-16 22:31:14",
  "ingestion": {
    "total_time_sec": 3538.686695098877,
    "num_documents": 1,
    "num_chunks": 345046,
    "parsing_time_sec": 1.0980050563812256,
    "embedding_time_sec": 3438.4463970661163,
    "insertion_time_sec": 86.09272003173828
  },
  "query_results": [
    {
      "top_k": 1,
      "num_queries": 10,
      "avg_latency_ms": 1018.4611082077026,
      "p50_latency_ms": 146.12674713134766,
      "p95_latency_ms": 8749.945878982544,
      "p99_latency_ms": 8749.945878982544,
      "min_latency_ms": 37.645816802978516,
      "max_latency_ms": 8749.945878982544,
      "queries_per_second": 0.9818735265795366,
      "avg_similarity": 0.6609138965606689,
      "avg_top1_similarity": 0.6609138965606689,
      "min_similarity": 0.6609138965606689,
      "recall_at_1": 0.0,
      "precision_at_1": 0.0,
      "mrr": 0.0,
      "resource_metrics": {
        "duration": 10.160751104354858,
        "cpu": {
          "avg": 57.19047619047618,
          "max": 100.0,
          "min": 0.0
        },
        "memory": {
          "avg_mb": 12066.996279761905,
          "max_mb": 13149.953125,
          "min_mb": 10703.171875
        },
        "disk": {
          "read_total_mb": 2375.2890625,
          "write_total_mb": 1712.2890625
        },
        "network": {
          "sent_total_mb": 99.6484375,
          "recv_total_mb": 99.6484375
        }
      }
    },
    {
      "top_k": 3,
      "num_queries": 10,
      "avg_latency_ms": 130.27591705322266,
      "p50_latency_ms": 41.3210391998291,
      "p95_latency_ms": 660.8390808105469,
      "p99_latency_ms": 660.8390808105469,
      "min_latency_ms": 17.515897750854492,
      "max_latency_ms": 660.8390808105469,
      "queries_per_second": 7.676015817961673,
      "avg_similarity": 0.638145363330841,
      "avg_top1_similarity": 0.6609138965606689,
      "min_similarity": 0.617429107427597,
      "recall_at_3": 0.0,
      "precision_at_3": 0.0,
      "mrr": 0.0,
      "resource_metrics": {
        "duration": 1.0136818885803223,
        "cpu": {
          "avg": 63.56666666666666,
          "max": 81.9,
          "min": 51.3
        },
        "memory": {
          "avg_mb": 12720.338541666666,
          "max_mb": 13288.671875,
          "min_mb": 11997.59375
        },
        "disk": {
          "read_total_mb": 246.953125,
          "write_total_mb": 451.125
        },
        "network": {
          "sent_total_mb": 2.6083984375,
          "recv_total_mb": 2.625
        }
      }
    },
    {
      "top_k": 5,
      "num_queries": 10,
      "avg_latency_ms": 42.79482364654541,
      "p50_latency_ms": 40.795087814331055,
      "p95_latency_ms": 69.69881057739258,
      "p99_latency_ms": 69.69881057739258,
      "min_latency_ms": 17.618179321289062,
      "max_latency_ms": 69.69881057739258,
      "queries_per_second": 23.3673120903426,
      "avg_similarity": 0.6227200639247894,
      "avg_top1_similarity": 0.6609138965606689,
      "min_similarity": 0.5959627389907837,
      "recall_at_5": 0.0,
      "precision_at_5": 0.0,
      "mrr": 0.0,
      "resource_metrics": {
        "duration": 0.0,
        "cpu": {
          "avg": 47.9,
          "max": 47.9,
          "min": 47.9
        },
        "memory": {
          "avg_mb": 12537.09375,
          "max_mb": 12537.09375,
          "min_mb": 12537.09375
        },
        "disk": {
          "read_total_mb": 0.31640625,
          "write_total_mb": 3.95703125
        },
        "network": {
          "sent_total_mb": 0.0,
          "recv_total_mb": 0.0
        }
      }
    },
    {
      "top_k": 10,
      "num_queries": 10,
      "avg_latency_ms": 50.00777244567871,
      "p50_latency_ms": 40.68875312805176,
      "p95_latency_ms": 140.1658058166504,
      "p99_latency_ms": 140.1658058166504,
      "min_latency_ms": 15.811920166015625,
      "max_latency_ms": 140.1658058166504,
      "queries_per_second": 19.996891504940695,
      "avg_similarity": 0.5995994770526887,
      "avg_top1_similarity": 0.6609138965606689,
      "min_similarity": 0.5663065493106842,
      "recall_at_10": 0.0,
      "precision_at_10": 0.0,
      "mrr": 0.0,
      "resource_metrics": {
        "duration": 0.0,
        "cpu": {
          "avg": 0.0,
          "max": 0.0,
          "min": 0.0
        },
        "memory": {
          "avg_mb": 12591.078125,
          "max_mb": 12591.078125,
          "min_mb": 12591.078125
        },
        "disk": {
          "read_total_mb": 0.375,
          "write_total_mb": 0.0
        },
        "network": {
          "sent_total_mb": 0.0,
          "recv_total_mb": 0.0
        }
      }
    },
    {
      "top_k": 20,
      "num_queries": 10,
      "avg_latency_ms": 29.727721214294434,
      "p50_latency_ms": 25.69103240966797,
      "p95_latency_ms": 70.18494606018066,
      "p99_latency_ms": 70.18494606018066,
      "min_latency_ms": 12.252092361450195,
      "max_latency_ms": 70.18494606018066,
      "queries_per_second": 33.6386362342215,
      "avg_similarity": 0.5703478015959262,
      "avg_top1_similarity": 0.6609138965606689,
      "min_similarity": 0.5275020241737366,
      "recall_at_20": 0.0,
      "precision_at_20": 0.0,
      "mrr": 0.0,
      "resource_metrics": {
        "duration": 0.0,
        "cpu": {
          "avg": 70.4,
          "max": 70.4,
          "min": 70.4
        },
        "memory": {
          "avg_mb": 12411.0,
          "max_mb": 12411.0,
          "min_mb": 12411.0
        },
        "disk": {
          "read_total_mb": 0.015625,
          "write_total_mb": 0.859375
        },
        "network": {
          "sent_total_mb": 0.0,
          "recv_total_mb": 0.0
        }
      }
    }
  ]
}