{
  "database": "milvus",
  "config": {
    "corpus_path": "Data/test_corpus/corpus_sizes/corpus_10k",
    "test_cases_path": "Data/test_corpus/test_cases.json",
    "output_dir": "results/milvus_scaling_n10/corpus_10k/run_9",
    "milvus_config": {
      "host": "localhost",
      "port": 19530,
      "collection_name": "benchmark_test"
    },
    "embedding_model": "sentence-transformers/all-MiniLM-L6-v2",
    "embedding_type": "sentence-transformers",
    "chunk_size": 512,
    "chunk_overlap": 50,
    "chunk_strategy": "fixed",
    "top_k_values": [
      1,
      3,
      5,
      10,
      20
    ],
    "batch_size": 100
  },
  "timestamp": "2026-01-10 05:40:38",
  "ingestion": {
    "total_time_sec": 177.30877208709717,
    "num_documents": 1,
    "num_chunks": 69903,
    "parsing_time_sec": 0.14076805114746094,
    "embedding_time_sec": 165.774099111557,
    "insertion_time_sec": 10.743492841720581
  },
  "query_results": [
    {
      "top_k": 1,
      "num_queries": 10,
      "avg_latency_ms": 35.08200645446777,
      "p50_latency_ms": 34.646034240722656,
      "p95_latency_ms": 100.28290748596191,
      "p99_latency_ms": 100.28290748596191,
      "min_latency_ms": 13.467073440551758,
      "max_latency_ms": 100.28290748596191,
      "queries_per_second": 28.504641012989943,
      "avg_similarity": 0.597283911705017,
      "avg_top1_similarity": 0.597283911705017,
      "min_similarity": 0.597283911705017,
      "recall_at_1": 0.0,
      "precision_at_1": 0.0,
      "mrr": 0.0,
      "resource_metrics": {
        "duration": 0.0,
        "cpu": {
          "avg": 17.6,
          "max": 17.6,
          "min": 17.6
        },
        "memory": {
          "avg_mb": 10834.0625,
          "max_mb": 10834.0625,
          "min_mb": 10834.0625
        },
        "disk": {
          "read_total_mb": 0.0,
          "write_total_mb": 0.0
        },
        "network": {
          "sent_total_mb": 0.0,
          "recv_total_mb": 0.0
        }
      }
    },
    {
      "top_k": 3,
      "num_queries": 10,
      "avg_latency_ms": 14.565372467041016,
      "p50_latency_ms": 14.66512680053711,
      "p95_latency_ms": 17.322063446044922,
      "p99_latency_ms": 17.322063446044922,
      "min_latency_ms": 11.773824691772461,
      "max_latency_ms": 17.322063446044922,
      "queries_per_second": 68.65598543825992,
      "avg_similarity": 0.5706728716691334,
      "avg_top1_similarity": 0.597283911705017,
      "min_similarity": 0.5505419582128525,
      "recall_at_3": 0.0,
      "precision_at_3": 0.0,
      "mrr": 0.0,
      "resource_metrics": {
        "duration": 0.0,
        "cpu": {
          "avg": 23.0,
          "max": 23.0,
          "min": 23.0
        },
        "memory": {
          "avg_mb": 11375.890625,
          "max_mb": 11375.890625,
          "min_mb": 11375.890625
        },
        "disk": {
          "read_total_mb": 0.0,
          "write_total_mb": 0.0
        },
        "network": {
          "sent_total_mb": 0.0,
          "recv_total_mb": 0.0
        }
      }
    },
    {
      "top_k": 5,
      "num_queries": 10,
      "avg_latency_ms": 15.596151351928711,
      "p50_latency_ms": 15.737056732177734,
      "p95_latency_ms": 21.809816360473633,
      "p99_latency_ms": 21.809816360473633,
      "min_latency_ms": 11.14201545715332,
      "max_latency_ms": 21.809816360473633,
      "queries_per_second": 64.11838263395246,
      "avg_similarity": 0.556051908135414,
      "avg_top1_similarity": 0.597283911705017,
      "min_similarity": 0.5299822092056274,
      "recall_at_5": 0.0,
      "precision_at_5": 0.0,
      "mrr": 0.0,
      "resource_metrics": {
        "duration": 0.0,
        "cpu": {
          "avg": 20.8,
          "max": 20.8,
          "min": 20.8
        },
        "memory": {
          "avg_mb": 11348.265625,
          "max_mb": 11348.265625,
          "min_mb": 11348.265625
        },
        "disk": {
          "read_total_mb": 0.0,
          "write_total_mb": 0.0
        },
        "network": {
          "sent_total_mb": 0.0,
          "recv_total_mb": 0.0
        }
      }
    },
    {
      "top_k": 10,
      "num_queries": 10,
      "avg_latency_ms": 15.41135311126709,
      "p50_latency_ms": 14.648914337158203,
      "p95_latency_ms": 22.386789321899414,
      "p99_latency_ms": 22.386789321899414,
      "min_latency_ms": 12.392759323120117,
      "max_latency_ms": 22.386789321899414,
      "queries_per_second": 64.88722909534204,
      "avg_similarity": 0.5319314530491829,
      "avg_top1_similarity": 0.597283911705017,
      "min_similarity": 0.49561808705329896,
      "recall_at_10": 0.0,
      "precision_at_10": 0.0,
      "mrr": 0.0,
      "resource_metrics": {
        "duration": 0.0,
        "cpu": {
          "avg": 20.0,
          "max": 20.0,
          "min": 20.0
        },
        "memory": {
          "avg_mb": 11353.703125,
          "max_mb": 11353.703125,
          "min_mb": 11353.703125
        },
        "disk": {
          "read_total_mb": 0.0,
          "write_total_mb": 0.0
        },
        "network": {
          "sent_total_mb": 0.0,
          "recv_total_mb": 0.0
        }
      }
    },
    {
      "top_k": 20,
      "num_queries": 10,
      "avg_latency_ms": 16.33448600769043,
      "p50_latency_ms": 17.42386817932129,
      "p95_latency_ms": 21.407127380371094,
      "p99_latency_ms": 21.407127380371094,
      "min_latency_ms": 11.799097061157227,
      "max_latency_ms": 21.407127380371094,
      "queries_per_second": 61.220169372283316,
      "avg_similarity": 0.5037875387072563,
      "avg_top1_similarity": 0.597283911705017,
      "min_similarity": 0.46340918242931367,
      "recall_at_20": 0.0,
      "precision_at_20": 0.0,
      "mrr": 0.0,
      "resource_metrics": {
        "duration": 0.0,
        "cpu": {
          "avg": 21.6,
          "max": 21.6,
          "min": 21.6
        },
        "memory": {
          "avg_mb": 11358.671875,
          "max_mb": 11358.671875,
          "min_mb": 11358.671875
        },
        "disk": {
          "read_total_mb": 0.0,
          "write_total_mb": 0.0
        },
        "network": {
          "sent_total_mb": 0.0,
          "recv_total_mb": 0.0
        }
      }
    }
  ]
}