{
  "database": "milvus",
  "config": {
    "corpus_path": "Data/test_corpus/corpus_sizes/corpus_10k",
    "test_cases_path": "Data/test_corpus/test_cases.json",
    "output_dir": "results/milvus_scaling_n10/corpus_10k/run_10",
    "milvus_config": {
      "host": "localhost",
      "port": 19530,
      "collection_name": "benchmark_test"
    },
    "embedding_model": "sentence-transformers/all-MiniLM-L6-v2",
    "embedding_type": "sentence-transformers",
    "chunk_size": 512,
    "chunk_overlap": 50,
    "chunk_strategy": "fixed",
    "top_k_values": [
      1,
      3,
      5,
      10,
      20
    ],
    "batch_size": 100
  },
  "timestamp": "2026-01-10 05:43:46",
  "ingestion": {
    "total_time_sec": 178.17516708374023,
    "num_documents": 1,
    "num_chunks": 69903,
    "parsing_time_sec": 0.14229869842529297,
    "embedding_time_sec": 167.3622350692749,
    "insertion_time_sec": 10.351071834564209
  },
  "query_results": [
    {
      "top_k": 1,
      "num_queries": 10,
      "avg_latency_ms": 49.579787254333496,
      "p50_latency_ms": 36.370038986206055,
      "p95_latency_ms": 235.04209518432617,
      "p99_latency_ms": 235.04209518432617,
      "min_latency_ms": 10.1470947265625,
      "max_latency_ms": 235.04209518432617,
      "queries_per_second": 20.169509701004124,
      "avg_similarity": 0.5972839057445526,
      "avg_top1_similarity": 0.5972839057445526,
      "min_similarity": 0.5972839057445526,
      "recall_at_1": 0.0,
      "precision_at_1": 0.0,
      "mrr": 0.0,
      "resource_metrics": {
        "duration": 0.0,
        "cpu": {
          "avg": 0.0,
          "max": 0.0,
          "min": 0.0
        },
        "memory": {
          "avg_mb": 9084.734375,
          "max_mb": 9084.734375,
          "min_mb": 9084.734375
        },
        "disk": {
          "read_total_mb": 0.546875,
          "write_total_mb": 0.0
        },
        "network": {
          "sent_total_mb": 0.0,
          "recv_total_mb": 0.0
        }
      }
    },
    {
      "top_k": 3,
      "num_queries": 10,
      "avg_latency_ms": 11.17408275604248,
      "p50_latency_ms": 11.474132537841797,
      "p95_latency_ms": 13.948917388916016,
      "p99_latency_ms": 13.948917388916016,
      "min_latency_ms": 9.002923965454102,
      "max_latency_ms": 13.948917388916016,
      "queries_per_second": 89.49280418200246,
      "avg_similarity": 0.57067285378774,
      "avg_top1_similarity": 0.5972839057445526,
      "min_similarity": 0.5505419313907624,
      "recall_at_3": 0.0,
      "precision_at_3": 0.0,
      "mrr": 0.0,
      "resource_metrics": {
        "duration": 0.0,
        "cpu": {
          "avg": 27.9,
          "max": 27.9,
          "min": 27.9
        },
        "memory": {
          "avg_mb": 9975.0625,
          "max_mb": 9975.0625,
          "min_mb": 9975.0625
        },
        "disk": {
          "read_total_mb": 0.0,
          "write_total_mb": 0.0
        },
        "network": {
          "sent_total_mb": 0.0,
          "recv_total_mb": 0.0
        }
      }
    },
    {
      "top_k": 5,
      "num_queries": 10,
      "avg_latency_ms": 12.095236778259277,
      "p50_latency_ms": 11.985063552856445,
      "p95_latency_ms": 16.377925872802734,
      "p99_latency_ms": 16.377925872802734,
      "min_latency_ms": 10.290861129760742,
      "max_latency_ms": 16.377925872802734,
      "queries_per_second": 82.6771743565584,
      "avg_similarity": 0.5560518884658813,
      "avg_top1_similarity": 0.5972839057445526,
      "min_similarity": 0.5299821853637695,
      "recall_at_5": 0.0,
      "precision_at_5": 0.0,
      "mrr": 0.0,
      "resource_metrics": {
        "duration": 0.0,
        "cpu": {
          "avg": 12.0,
          "max": 12.0,
          "min": 12.0
        },
        "memory": {
          "avg_mb": 9968.578125,
          "max_mb": 9968.578125,
          "min_mb": 9968.578125
        },
        "disk": {
          "read_total_mb": 0.0,
          "write_total_mb": 0.0
        },
        "network": {
          "sent_total_mb": 0.0,
          "recv_total_mb": 0.0
        }
      }
    },
    {
      "top_k": 10,
      "num_queries": 10,
      "avg_latency_ms": 12.900447845458984,
      "p50_latency_ms": 12.162923812866211,
      "p95_latency_ms": 17.565011978149414,
      "p99_latency_ms": 17.565011978149414,
      "min_latency_ms": 10.376930236816406,
      "max_latency_ms": 17.565011978149414,
      "queries_per_second": 77.51668872115975,
      "avg_similarity": 0.5318231374025345,
      "avg_top1_similarity": 0.5972839057445526,
      "min_similarity": 0.49550325572490694,
      "recall_at_10": 0.0,
      "precision_at_10": 0.0,
      "mrr": 0.0,
      "resource_metrics": {
        "duration": 0.0,
        "cpu": {
          "avg": 12.9,
          "max": 12.9,
          "min": 12.9
        },
        "memory": {
          "avg_mb": 9939.34375,
          "max_mb": 9939.34375,
          "min_mb": 9939.34375
        },
        "disk": {
          "read_total_mb": 0.0,
          "write_total_mb": 0.0
        },
        "network": {
          "sent_total_mb": 0.0,
          "recv_total_mb": 0.0
        }
      }
    },
    {
      "top_k": 20,
      "num_queries": 10,
      "avg_latency_ms": 11.802196502685547,
      "p50_latency_ms": 12.552261352539062,
      "p95_latency_ms": 13.51308822631836,
      "p99_latency_ms": 13.51308822631836,
      "min_latency_ms": 9.643077850341797,
      "max_latency_ms": 13.51308822631836,
      "queries_per_second": 84.72999070744616,
      "avg_similarity": 0.5036078366637231,
      "avg_top1_similarity": 0.5972839057445526,
      "min_similarity": 0.463202229142189,
      "recall_at_20": 0.0,
      "precision_at_20": 0.0,
      "mrr": 0.0,
      "resource_metrics": {
        "duration": 0.0,
        "cpu": {
          "avg": 13.5,
          "max": 13.5,
          "min": 13.5
        },
        "memory": {
          "avg_mb": 9945.140625,
          "max_mb": 9945.140625,
          "min_mb": 9945.140625
        },
        "disk": {
          "read_total_mb": 0.0,
          "write_total_mb": 0.0
        },
        "network": {
          "sent_total_mb": 0.0,
          "recv_total_mb": 0.0
        }
      }
    }
  ]
}