{
  "database": "faiss",
  "config": {
    "corpus_path": "Data/test_corpus/corpus_sizes/corpus_1k",
    "test_cases_path": "Data/test_corpus/test_cases.json",
    "output_dir": "results/faiss_scaling_n10/corpus_1k/run_10",
    "faiss_config": {
      "index_path": "./vector_stores/faiss_index.index",
      "index_type": "Flat"
    },
    "embedding_model": "sentence-transformers/all-MiniLM-L6-v2",
    "embedding_type": "sentence-transformers",
    "chunk_size": 512,
    "chunk_overlap": 50,
    "chunk_strategy": "fixed",
    "top_k_values": [
      1,
      3,
      5,
      10,
      20
    ],
    "batch_size": 100
  },
  "timestamp": "2026-01-07 21:26:26",
  "ingestion": {
    "total_time_sec": 13.24835205078125,
    "num_documents": 1,
    "num_chunks": 5562,
    "parsing_time_sec": 0.005702972412109375,
    "embedding_time_sec": 13.047997951507568,
    "insertion_time_sec": 0.001692056655883789
  },
  "query_results": [
    {
      "top_k": 1,
      "num_queries": 10,
      "avg_latency_ms": 19.509243965148926,
      "p50_latency_ms": 20.50018310546875,
      "p95_latency_ms": 53.49397659301758,
      "p99_latency_ms": 53.49397659301758,
      "min_latency_ms": 4.519939422607422,
      "max_latency_ms": 53.49397659301758,
      "queries_per_second": 51.257752570339875,
      "avg_similarity": 0.5210750799192773,
      "avg_top1_similarity": 0.5210750799192773,
      "min_similarity": 0.5210750799192773,
      "recall_at_1": 0.0,
      "precision_at_1": 0.0,
      "mrr": 0.0,
      "resource_metrics": {
        "duration": 0.0,
        "cpu": {
          "avg": 0.0,
          "max": 0.0,
          "min": 0.0
        },
        "memory": {
          "avg_mb": 13022.90625,
          "max_mb": 13022.90625,
          "min_mb": 13022.90625
        },
        "disk": {
          "read_total_mb": 0.0,
          "write_total_mb": 0.0
        },
        "network": {
          "sent_total_mb": 0.0,
          "recv_total_mb": 0.0029296875
        }
      }
    },
    {
      "top_k": 3,
      "num_queries": 10,
      "avg_latency_ms": 8.513164520263672,
      "p50_latency_ms": 8.804082870483398,
      "p95_latency_ms": 13.45372200012207,
      "p99_latency_ms": 13.45372200012207,
      "min_latency_ms": 5.93113899230957,
      "max_latency_ms": 13.45372200012207,
      "queries_per_second": 117.4651326918122,
      "avg_similarity": 0.5059781398986011,
      "avg_top1_similarity": 0.5210750799192773,
      "min_similarity": 0.493759919746614,
      "recall_at_3": 0.0,
      "precision_at_3": 0.0,
      "mrr": 0.0,
      "resource_metrics": {
        "duration": 0.0,
        "cpu": {
          "avg": 15.1,
          "max": 15.1,
          "min": 15.1
        },
        "memory": {
          "avg_mb": 13067.234375,
          "max_mb": 13067.234375,
          "min_mb": 13067.234375
        },
        "disk": {
          "read_total_mb": 0.0,
          "write_total_mb": 0.0
        },
        "network": {
          "sent_total_mb": 0.0,
          "recv_total_mb": 0.0
        }
      }
    },
    {
      "top_k": 5,
      "num_queries": 10,
      "avg_latency_ms": 11.168193817138672,
      "p50_latency_ms": 9.798049926757812,
      "p95_latency_ms": 23.03791046142578,
      "p99_latency_ms": 23.03791046142578,
      "min_latency_ms": 8.044004440307617,
      "max_latency_ms": 23.03791046142578,
      "queries_per_second": 89.53999333942463,
      "avg_similarity": 0.49715507483102944,
      "avg_top1_similarity": 0.5210750799192773,
      "min_similarity": 0.4819666974851036,
      "recall_at_5": 0.0,
      "precision_at_5": 0.0,
      "mrr": 0.0,
      "resource_metrics": {
        "duration": 0.0,
        "cpu": {
          "avg": 14.8,
          "max": 14.8,
          "min": 14.8
        },
        "memory": {
          "avg_mb": 12410.65625,
          "max_mb": 12410.65625,
          "min_mb": 12410.65625
        },
        "disk": {
          "read_total_mb": 0.0,
          "write_total_mb": 0.0
        },
        "network": {
          "sent_total_mb": 0.0,
          "recv_total_mb": 0.0
        }
      }
    },
    {
      "top_k": 10,
      "num_queries": 10,
      "avg_latency_ms": 8.98137092590332,
      "p50_latency_ms": 8.729934692382812,
      "p95_latency_ms": 11.990785598754883,
      "p99_latency_ms": 11.990785598754883,
      "min_latency_ms": 7.317066192626953,
      "max_latency_ms": 11.990785598754883,
      "queries_per_second": 111.34157672030709,
      "avg_similarity": 0.4847373656715314,
      "avg_top1_similarity": 0.5210750799192773,
      "min_similarity": 0.46673530390332774,
      "recall_at_10": 0.0,
      "precision_at_10": 0.0,
      "mrr": 0.0,
      "resource_metrics": {
        "duration": 0.0,
        "cpu": {
          "avg": 13.1,
          "max": 13.1,
          "min": 13.1
        },
        "memory": {
          "avg_mb": 12224.6875,
          "max_mb": 12224.6875,
          "min_mb": 12224.6875
        },
        "disk": {
          "read_total_mb": 0.0,
          "write_total_mb": 0.0
        },
        "network": {
          "sent_total_mb": 0.0,
          "recv_total_mb": 0.0
        }
      }
    },
    {
      "top_k": 20,
      "num_queries": 10,
      "avg_latency_ms": 10.085177421569824,
      "p50_latency_ms": 9.737968444824219,
      "p95_latency_ms": 14.409065246582031,
      "p99_latency_ms": 14.409065246582031,
      "min_latency_ms": 8.49604606628418,
      "max_latency_ms": 14.409065246582031,
      "queries_per_second": 99.15541970151511,
      "avg_similarity": 0.4701479685882138,
      "avg_top1_similarity": 0.5210750799192773,
      "min_similarity": 0.44928775157628353,
      "recall_at_20": 0.0,
      "precision_at_20": 0.0,
      "mrr": 0.0,
      "resource_metrics": {
        "duration": 0.0,
        "cpu": {
          "avg": 13.1,
          "max": 13.1,
          "min": 13.1
        },
        "memory": {
          "avg_mb": 12223.46875,
          "max_mb": 12223.46875,
          "min_mb": 12223.46875
        },
        "disk": {
          "read_total_mb": 0.0,
          "write_total_mb": 0.0
        },
        "network": {
          "sent_total_mb": 0.0,
          "recv_total_mb": 0.0
        }
      }
    }
  ]
}