{
  "database": "faiss",
  "config": {
    "corpus_path": "Data/test_corpus/documents",
    "test_cases_path": "Data/test_corpus/test_cases.json",
    "output_dir": "results/faiss_scaling_n10/corpus_baseline/run_5",
    "faiss_config": {
      "index_path": "./vector_stores/faiss_index.index",
      "index_type": "Flat"
    },
    "embedding_model": "sentence-transformers/all-MiniLM-L6-v2",
    "embedding_type": "sentence-transformers",
    "chunk_size": 512,
    "chunk_overlap": 50,
    "chunk_strategy": "fixed",
    "top_k_values": [
      1,
      3,
      5,
      10,
      20
    ],
    "batch_size": 100
  },
  "timestamp": "2026-01-09 04:16:50",
  "ingestion": {
    "total_time_sec": 0.5064151287078857,
    "num_documents": 20,
    "num_chunks": 175,
    "parsing_time_sec": 0.00015592575073242188,
    "embedding_time_sec": 0.2903296947479248,
    "insertion_time_sec": 0.00019121170043945312
  },
  "query_results": [
    {
      "top_k": 1,
      "num_queries": 10,
      "avg_latency_ms": 19.822311401367188,
      "p50_latency_ms": 20.451068878173828,
      "p95_latency_ms": 55.50432205200195,
      "p99_latency_ms": 55.50432205200195,
      "min_latency_ms": 3.946065902709961,
      "max_latency_ms": 55.50432205200195,
      "queries_per_second": 50.44820352943441,
      "avg_similarity": 0.6558685830481964,
      "avg_top1_similarity": 0.6558685830481964,
      "min_similarity": 0.6558685830481964,
      "recall_at_1": 0.0,
      "precision_at_1": 0.0,
      "mrr": 0.0,
      "resource_metrics": {
        "duration": 0.0,
        "cpu": {
          "avg": 8.0,
          "max": 8.0,
          "min": 8.0
        },
        "memory": {
          "avg_mb": 8288.21875,
          "max_mb": 8288.21875,
          "min_mb": 8288.21875
        },
        "disk": {
          "read_total_mb": 0.0,
          "write_total_mb": 0.0
        },
        "network": {
          "sent_total_mb": 0.0,
          "recv_total_mb": 0.0
        }
      }
    },
    {
      "top_k": 3,
      "num_queries": 10,
      "avg_latency_ms": 8.609318733215332,
      "p50_latency_ms": 8.750200271606445,
      "p95_latency_ms": 12.845993041992188,
      "p99_latency_ms": 12.845993041992188,
      "min_latency_ms": 6.695270538330078,
      "max_latency_ms": 12.845993041992188,
      "queries_per_second": 116.15320921293488,
      "avg_similarity": 0.6207565974181617,
      "avg_top1_similarity": 0.6558685830481964,
      "min_similarity": 0.5930177544379064,
      "recall_at_3": 0.0,
      "precision_at_3": 0.0,
      "mrr": 0.0,
      "resource_metrics": {
        "duration": 0.0,
        "cpu": {
          "avg": 8.1,
          "max": 8.1,
          "min": 8.1
        },
        "memory": {
          "avg_mb": 8270.65625,
          "max_mb": 8270.65625,
          "min_mb": 8270.65625
        },
        "disk": {
          "read_total_mb": 0.0,
          "write_total_mb": 0.0
        },
        "network": {
          "sent_total_mb": 0.0,
          "recv_total_mb": 0.0
        }
      }
    },
    {
      "top_k": 5,
      "num_queries": 10,
      "avg_latency_ms": 9.075045585632324,
      "p50_latency_ms": 8.746862411499023,
      "p95_latency_ms": 13.432979583740234,
      "p99_latency_ms": 13.432979583740234,
      "min_latency_ms": 6.097078323364258,
      "max_latency_ms": 13.432979583740234,
      "queries_per_second": 110.19228394656298,
      "avg_similarity": 0.6046052149619034,
      "avg_top1_similarity": 0.6558685830481964,
      "min_similarity": 0.574238389256997,
      "recall_at_5": 0.0,
      "precision_at_5": 0.0,
      "mrr": 0.0,
      "resource_metrics": {
        "duration": 0.0,
        "cpu": {
          "avg": 6.3,
          "max": 6.3,
          "min": 6.3
        },
        "memory": {
          "avg_mb": 8193.609375,
          "max_mb": 8193.609375,
          "min_mb": 8193.609375
        },
        "disk": {
          "read_total_mb": 0.0,
          "write_total_mb": 0.0
        },
        "network": {
          "sent_total_mb": 0.0,
          "recv_total_mb": 0.0
        }
      }
    },
    {
      "top_k": 10,
      "num_queries": 10,
      "avg_latency_ms": 9.60843563079834,
      "p50_latency_ms": 9.124755859375,
      "p95_latency_ms": 13.770103454589844,
      "p99_latency_ms": 13.770103454589844,
      "min_latency_ms": 7.243156433105469,
      "max_latency_ms": 13.770103454589844,
      "queries_per_second": 104.07521457443667,
      "avg_similarity": 0.5790956195186044,
      "avg_top1_similarity": 0.6558685830481964,
      "min_similarity": 0.5425923134499462,
      "recall_at_10": 0.0,
      "precision_at_10": 0.0,
      "mrr": 0.0,
      "resource_metrics": {
        "duration": 0.0,
        "cpu": {
          "avg": 6.5,
          "max": 6.5,
          "min": 6.5
        },
        "memory": {
          "avg_mb": 8200.78125,
          "max_mb": 8200.78125,
          "min_mb": 8200.78125
        },
        "disk": {
          "read_total_mb": 0.0,
          "write_total_mb": 0.0
        },
        "network": {
          "sent_total_mb": 0.0,
          "recv_total_mb": 0.0
        }
      }
    },
    {
      "top_k": 20,
      "num_queries": 10,
      "avg_latency_ms": 9.429216384887695,
      "p50_latency_ms": 9.119033813476562,
      "p95_latency_ms": 14.29605484008789,
      "p99_latency_ms": 14.29605484008789,
      "min_latency_ms": 6.789207458496094,
      "max_latency_ms": 14.29605484008789,
      "queries_per_second": 106.0533515385977,
      "avg_similarity": 0.5453628752030946,
      "avg_top1_similarity": 0.6558685830481964,
      "min_similarity": 0.4985174671610725,
      "recall_at_20": 0.0,
      "precision_at_20": 0.0,
      "mrr": 0.0,
      "resource_metrics": {
        "duration": 0.0,
        "cpu": {
          "avg": 7.4,
          "max": 7.4,
          "min": 7.4
        },
        "memory": {
          "avg_mb": 8205.546875,
          "max_mb": 8205.546875,
          "min_mb": 8205.546875
        },
        "disk": {
          "read_total_mb": 0.0,
          "write_total_mb": 0.0
        },
        "network": {
          "sent_total_mb": 0.0,
          "recv_total_mb": 0.0
        }
      }
    }
  ]
}