{
  "database": "pgvector",
  "config": {
    "corpus_path": "Data/test_corpus/corpus_sizes/corpus_10k",
    "test_cases_path": "Data/test_corpus/test_cases.json",
    "output_dir": "results/pgvector_ivfflat_scaling_n3/corpus_10k/run_2",
    "pgvector_config": {
      "host": "localhost",
      "port": 5433,
      "database": "vectordb",
      "user": "postgres",
      "password": "postgres",
      "table_name": "benchmark_test",
      "index_type": "ivfflat"
    },
    "embedding_model": "sentence-transformers/all-MiniLM-L6-v2",
    "embedding_type": "sentence-transformers",
    "chunk_size": 512,
    "chunk_overlap": 50,
    "chunk_strategy": "fixed",
    "top_k_values": [
      1,
      3,
      5,
      10,
      20
    ],
    "batch_size": 100
  },
  "timestamp": "2026-01-05 13:31:34",
  "ingestion": {
    "total_time_sec": 199.26358699798584,
    "num_documents": 1,
    "num_chunks": 69903,
    "parsing_time_sec": 0.14551019668579102,
    "embedding_time_sec": 166.83694982528687,
    "insertion_time_sec": 31.44768524169922
  },
  "query_results": [
    {
      "top_k": 1,
      "num_queries": 10,
      "avg_latency_ms": 44.56982612609863,
      "p50_latency_ms": 38.188934326171875,
      "p95_latency_ms": 168.03693771362305,
      "p99_latency_ms": 168.03693771362305,
      "min_latency_ms": 13.689756393432617,
      "max_latency_ms": 168.03693771362305,
      "queries_per_second": 22.436704086992897,
      "avg_similarity": 0.5972839128151974,
      "avg_top1_similarity": 0.5972839128151974,
      "min_similarity": 0.5972839128151974,
      "recall_at_1": 0.0,
      "precision_at_1": 0.0,
      "mrr": 0.0,
      "resource_metrics": {
        "duration": 0.0,
        "cpu": {
          "avg": 0.0,
          "max": 0.0,
          "min": 0.0
        },
        "memory": {
          "avg_mb": 7783.546875,
          "max_mb": 7783.546875,
          "min_mb": 7783.546875
        },
        "disk": {
          "read_total_mb": 0.0,
          "write_total_mb": 0.0
        },
        "network": {
          "sent_total_mb": 0.0,
          "recv_total_mb": 0.0
        }
      }
    },
    {
      "top_k": 3,
      "num_queries": 10,
      "avg_latency_ms": 16.12260341644287,
      "p50_latency_ms": 14.537811279296875,
      "p95_latency_ms": 25.80404281616211,
      "p99_latency_ms": 25.80404281616211,
      "min_latency_ms": 11.464834213256836,
      "max_latency_ms": 25.80404281616211,
      "queries_per_second": 62.02472232121864,
      "avg_similarity": 0.570672856956934,
      "avg_top1_similarity": 0.5972839128151974,
      "min_similarity": 0.5505419429834566,
      "recall_at_3": 0.0,
      "precision_at_3": 0.0,
      "mrr": 0.0,
      "resource_metrics": {
        "duration": 0.0,
        "cpu": {
          "avg": 23.1,
          "max": 23.1,
          "min": 23.1
        },
        "memory": {
          "avg_mb": 9037.875,
          "max_mb": 9037.875,
          "min_mb": 9037.875
        },
        "disk": {
          "read_total_mb": 0.0,
          "write_total_mb": 0.0
        },
        "network": {
          "sent_total_mb": 0.0,
          "recv_total_mb": 0.0
        }
      }
    },
    {
      "top_k": 5,
      "num_queries": 10,
      "avg_latency_ms": 16.277503967285156,
      "p50_latency_ms": 15.362977981567383,
      "p95_latency_ms": 22.693157196044922,
      "p99_latency_ms": 22.693157196044922,
      "min_latency_ms": 13.532876968383789,
      "max_latency_ms": 22.693157196044922,
      "queries_per_second": 61.43448049589295,
      "avg_similarity": 0.5560518949006095,
      "avg_top1_similarity": 0.5972839128151974,
      "min_similarity": 0.5299821839576263,
      "recall_at_5": 0.0,
      "precision_at_5": 0.0,
      "mrr": 0.0,
      "resource_metrics": {
        "duration": 0.0,
        "cpu": {
          "avg": 22.2,
          "max": 22.2,
          "min": 22.2
        },
        "memory": {
          "avg_mb": 9045.203125,
          "max_mb": 9045.203125,
          "min_mb": 9045.203125
        },
        "disk": {
          "read_total_mb": 0.0,
          "write_total_mb": 0.0
        },
        "network": {
          "sent_total_mb": 0.0,
          "recv_total_mb": 0.0
        }
      }
    },
    {
      "top_k": 10,
      "num_queries": 10,
      "avg_latency_ms": 16.257095336914062,
      "p50_latency_ms": 14.587163925170898,
      "p95_latency_ms": 24.324893951416016,
      "p99_latency_ms": 24.324893951416016,
      "min_latency_ms": 13.206005096435547,
      "max_latency_ms": 24.324893951416016,
      "queries_per_second": 61.51160335077551,
      "avg_similarity": 0.5319314369218939,
      "avg_top1_similarity": 0.5972839128151974,
      "min_similarity": 0.49561807908199584,
      "recall_at_10": 0.0,
      "precision_at_10": 0.0,
      "mrr": 0.0,
      "resource_metrics": {
        "duration": 0.0,
        "cpu": {
          "avg": 26.7,
          "max": 26.7,
          "min": 26.7
        },
        "memory": {
          "avg_mb": 9127.5,
          "max_mb": 9127.5,
          "min_mb": 9127.5
        },
        "disk": {
          "read_total_mb": 0.0,
          "write_total_mb": 0.0
        },
        "network": {
          "sent_total_mb": 0.0,
          "recv_total_mb": 0.0
        }
      }
    },
    {
      "top_k": 20,
      "num_queries": 10,
      "avg_latency_ms": 16.812467575073242,
      "p50_latency_ms": 15.569925308227539,
      "p95_latency_ms": 23.553848266601562,
      "p99_latency_ms": 23.553848266601562,
      "min_latency_ms": 13.937950134277344,
      "max_latency_ms": 23.553848266601562,
      "queries_per_second": 59.479668617034854,
      "avg_similarity": 0.503750428264994,
      "avg_top1_similarity": 0.5972839128151974,
      "min_similarity": 0.463210899244212,
      "recall_at_20": 0.0,
      "precision_at_20": 0.0,
      "mrr": 0.0,
      "resource_metrics": {
        "duration": 0.0,
        "cpu": {
          "avg": 18.5,
          "max": 18.5,
          "min": 18.5
        },
        "memory": {
          "avg_mb": 9137.59375,
          "max_mb": 9137.59375,
          "min_mb": 9137.59375
        },
        "disk": {
          "read_total_mb": 0.0,
          "write_total_mb": 0.0
        },
        "network": {
          "sent_total_mb": 0.0,
          "recv_total_mb": 0.0
        }
      }
    }
  ]
}