{
  "database": "faiss",
  "config": {
    "corpus_path": "Data/test_corpus/corpus_sizes/corpus_full",
    "test_cases_path": "Data/test_corpus/test_cases.json",
    "output_dir": "results/faiss_scaling_n3/corpus_full/run_2",
    "faiss_config": {
      "index_path": "./vector_stores/faiss_index.index",
      "index_type": "Flat"
    },
    "embedding_model": "sentence-transformers/all-MiniLM-L6-v2",
    "embedding_type": "sentence-transformers",
    "chunk_size": 512,
    "chunk_overlap": 50,
    "chunk_strategy": "fixed",
    "top_k_values": [
      1,
      3,
      5,
      10,
      20
    ],
    "batch_size": 100
  },
  "timestamp": "2025-12-22 23:52:54",
  "ingestion": {
    "total_time_sec": 5167.67510509491,
    "num_documents": 1,
    "num_chunks": 2249072,
    "parsing_time_sec": 3.851405143737793,
    "embedding_time_sec": 5149.880441904068,
    "insertion_time_sec": 4.823973894119263
  },
  "query_results": [
    {
      "top_k": 1,
      "num_queries": 10,
      "avg_latency_ms": 240.78474044799805,
      "p50_latency_ms": 76.91287994384766,
      "p95_latency_ms": 1752.5980472564697,
      "p99_latency_ms": 1752.5980472564697,
      "min_latency_ms": 55.83691596984863,
      "max_latency_ms": 1752.5980472564697,
      "queries_per_second": 4.153087102361325,
      "avg_similarity": 0.6081104759530154,
      "avg_top1_similarity": 0.6081104759530154,
      "min_similarity": 0.6081104759530154,
      "recall_at_1": 0.0,
      "precision_at_1": 0.0,
      "mrr": 0.0,
      "resource_metrics": {
        "duration": 2.0367681980133057,
        "cpu": {
          "avg": 10.459999999999999,
          "max": 14.8,
          "min": 0.0
        },
        "memory": {
          "avg_mb": 9293.83125,
          "max_mb": 10719.21875,
          "min_mb": 7897.421875
        },
        "disk": {
          "read_total_mb": 423.25390625,
          "write_total_mb": 0.2109375
        },
        "network": {
          "sent_total_mb": 0.0068359375,
          "recv_total_mb": 0.005859375
        }
      }
    },
    {
      "top_k": 3,
      "num_queries": 10,
      "avg_latency_ms": 59.79471206665039,
      "p50_latency_ms": 58.756113052368164,
      "p95_latency_ms": 67.31009483337402,
      "p99_latency_ms": 67.31009483337402,
      "min_latency_ms": 56.36477470397949,
      "max_latency_ms": 67.31009483337402,
      "queries_per_second": 16.723886869550377,
      "avg_similarity": 0.5970919434566881,
      "avg_top1_similarity": 0.6081104759530154,
      "min_similarity": 0.5869038129129002,
      "recall_at_3": 0.0,
      "precision_at_3": 0.0,
      "mrr": 0.0,
      "resource_metrics": {
        "duration": 0.5107979774475098,
        "cpu": {
          "avg": 11.4,
          "max": 13.9,
          "min": 8.9
        },
        "memory": {
          "avg_mb": 10737.234375,
          "max_mb": 10741.328125,
          "min_mb": 10733.140625
        },
        "disk": {
          "read_total_mb": 4.4375,
          "write_total_mb": 0.09375
        },
        "network": {
          "sent_total_mb": 0.0,
          "recv_total_mb": 0.0
        }
      }
    },
    {
      "top_k": 5,
      "num_queries": 10,
      "avg_latency_ms": 64.66619968414307,
      "p50_latency_ms": 65.9480094909668,
      "p95_latency_ms": 76.15900039672852,
      "p99_latency_ms": 76.15900039672852,
      "min_latency_ms": 55.73892593383789,
      "max_latency_ms": 76.15900039672852,
      "queries_per_second": 15.464029197392469,
      "avg_similarity": 0.589569724902797,
      "avg_top1_similarity": 0.6081104759530154,
      "min_similarity": 0.5767552424979981,
      "recall_at_5": 0.0,
      "precision_at_5": 0.0,
      "mrr": 0.0,
      "resource_metrics": {
        "duration": 0.5038480758666992,
        "cpu": {
          "avg": 15.05,
          "max": 24.6,
          "min": 5.5
        },
        "memory": {
          "avg_mb": 10647.609375,
          "max_mb": 10737.15625,
          "min_mb": 10558.0625
        },
        "disk": {
          "read_total_mb": 252.9609375,
          "write_total_mb": 0.37890625
        },
        "network": {
          "sent_total_mb": 0.001953125,
          "recv_total_mb": 0.0009765625
        }
      }
    },
    {
      "top_k": 10,
      "num_queries": 10,
      "avg_latency_ms": 61.83269023895264,
      "p50_latency_ms": 60.3179931640625,
      "p95_latency_ms": 74.82194900512695,
      "p99_latency_ms": 74.82194900512695,
      "min_latency_ms": 57.779788970947266,
      "max_latency_ms": 74.82194900512695,
      "queries_per_second": 16.172674941612545,
      "avg_similarity": 0.5771787789131821,
      "avg_top1_similarity": 0.6081104759530154,
      "min_similarity": 0.5588513399533241,
      "recall_at_10": 0.0,
      "precision_at_10": 0.0,
      "mrr": 0.0,
      "resource_metrics": {
        "duration": 0.5020251274108887,
        "cpu": {
          "avg": 23.7,
          "max": 25.0,
          "min": 22.4
        },
        "memory": {
          "avg_mb": 10299.84375,
          "max_mb": 10511.15625,
          "min_mb": 10088.53125
        },
        "disk": {
          "read_total_mb": 134.86328125,
          "write_total_mb": 0.0
        },
        "network": {
          "sent_total_mb": 0.0234375,
          "recv_total_mb": 0.041015625
        }
      }
    },
    {
      "top_k": 20,
      "num_queries": 10,
      "avg_latency_ms": 58.77213478088379,
      "p50_latency_ms": 57.910919189453125,
      "p95_latency_ms": 69.61679458618164,
      "p99_latency_ms": 69.61679458618164,
      "min_latency_ms": 55.82404136657715,
      "max_latency_ms": 69.61679458618164,
      "queries_per_second": 17.01486603691074,
      "avg_similarity": 0.5616581162708834,
      "avg_top1_similarity": 0.6081104759530154,
      "min_similarity": 0.5375578751597476,
      "recall_at_20": 0.0,
      "precision_at_20": 0.0,
      "mrr": 0.0,
      "resource_metrics": {
        "duration": 0.5022778511047363,
        "cpu": {
          "avg": 12.85,
          "max": 16.7,
          "min": 9.0
        },
        "memory": {
          "avg_mb": 10034.7578125,
          "max_mb": 10043.171875,
          "min_mb": 10026.34375
        },
        "disk": {
          "read_total_mb": 9.03125,
          "write_total_mb": 0.0
        },
        "network": {
          "sent_total_mb": 0.001953125,
          "recv_total_mb": 0.0009765625
        }
      }
    }
  ]
}