{
  "database": "milvus",
  "config": {
    "corpus_path": "Data/test_corpus/corpus_sizes/corpus_10k",
    "test_cases_path": "Data/test_corpus/test_cases.json",
    "output_dir": "results/milvus_scaling_n10/corpus_10k/run_5",
    "milvus_config": {
      "host": "localhost",
      "port": 19530,
      "collection_name": "benchmark_test"
    },
    "embedding_model": "sentence-transformers/all-MiniLM-L6-v2",
    "embedding_type": "sentence-transformers",
    "chunk_size": 512,
    "chunk_overlap": 50,
    "chunk_strategy": "fixed",
    "top_k_values": [
      1,
      3,
      5,
      10,
      20
    ],
    "batch_size": 100
  },
  "timestamp": "2026-01-10 05:28:12",
  "ingestion": {
    "total_time_sec": 178.26018619537354,
    "num_documents": 1,
    "num_chunks": 69903,
    "parsing_time_sec": 0.1432361602783203,
    "embedding_time_sec": 167.4214060306549,
    "insertion_time_sec": 10.587953805923462
  },
  "query_results": [
    {
      "top_k": 1,
      "num_queries": 10,
      "avg_latency_ms": 47.0012903213501,
      "p50_latency_ms": 33.010244369506836,
      "p95_latency_ms": 222.61285781860352,
      "p99_latency_ms": 222.61285781860352,
      "min_latency_ms": 11.409997940063477,
      "max_latency_ms": 222.61285781860352,
      "queries_per_second": 21.276011640594366,
      "avg_similarity": 0.597283911705017,
      "avg_top1_similarity": 0.597283911705017,
      "min_similarity": 0.597283911705017,
      "recall_at_1": 0.0,
      "precision_at_1": 0.0,
      "mrr": 0.0,
      "resource_metrics": {
        "duration": 0.0,
        "cpu": {
          "avg": 12.0,
          "max": 12.0,
          "min": 12.0
        },
        "memory": {
          "avg_mb": 8869.453125,
          "max_mb": 8869.453125,
          "min_mb": 8869.453125
        },
        "disk": {
          "read_total_mb": 0.0,
          "write_total_mb": 0.0
        },
        "network": {
          "sent_total_mb": 0.0,
          "recv_total_mb": 0.0
        }
      }
    },
    {
      "top_k": 3,
      "num_queries": 10,
      "avg_latency_ms": 13.862848281860352,
      "p50_latency_ms": 13.824939727783203,
      "p95_latency_ms": 18.22495460510254,
      "p99_latency_ms": 18.22495460510254,
      "min_latency_ms": 11.757850646972656,
      "max_latency_ms": 18.22495460510254,
      "queries_per_second": 72.13524808667985,
      "avg_similarity": 0.570672869682312,
      "avg_top1_similarity": 0.597283911705017,
      "min_similarity": 0.5505419582128525,
      "recall_at_3": 0.0,
      "precision_at_3": 0.0,
      "mrr": 0.0,
      "resource_metrics": {
        "duration": 0.0,
        "cpu": {
          "avg": 21.0,
          "max": 21.0,
          "min": 21.0
        },
        "memory": {
          "avg_mb": 9918.328125,
          "max_mb": 9918.328125,
          "min_mb": 9918.328125
        },
        "disk": {
          "read_total_mb": 0.0,
          "write_total_mb": 0.0
        },
        "network": {
          "sent_total_mb": 0.0,
          "recv_total_mb": 0.0
        }
      }
    },
    {
      "top_k": 5,
      "num_queries": 10,
      "avg_latency_ms": 15.6477689743042,
      "p50_latency_ms": 15.012025833129883,
      "p95_latency_ms": 23.562908172607422,
      "p99_latency_ms": 23.562908172607422,
      "min_latency_ms": 12.323141098022461,
      "max_latency_ms": 23.562908172607422,
      "queries_per_second": 63.90687398581474,
      "avg_similarity": 0.5560519069433212,
      "avg_top1_similarity": 0.597283911705017,
      "min_similarity": 0.5299822092056274,
      "recall_at_5": 0.0,
      "precision_at_5": 0.0,
      "mrr": 0.0,
      "resource_metrics": {
        "duration": 0.0,
        "cpu": {
          "avg": 12.4,
          "max": 12.4,
          "min": 12.4
        },
        "memory": {
          "avg_mb": 9907.0625,
          "max_mb": 9907.0625,
          "min_mb": 9907.0625
        },
        "disk": {
          "read_total_mb": 0.0,
          "write_total_mb": 0.0
        },
        "network": {
          "sent_total_mb": 0.0,
          "recv_total_mb": 0.0
        }
      }
    },
    {
      "top_k": 10,
      "num_queries": 10,
      "avg_latency_ms": 15.276265144348145,
      "p50_latency_ms": 14.953374862670898,
      "p95_latency_ms": 22.225141525268555,
      "p99_latency_ms": 22.225141525268555,
      "min_latency_ms": 12.626171112060547,
      "max_latency_ms": 22.225141525268555,
      "queries_per_second": 65.46102666789443,
      "avg_similarity": 0.5319314521551133,
      "avg_top1_similarity": 0.597283911705017,
      "min_similarity": 0.49561808705329896,
      "recall_at_10": 0.0,
      "precision_at_10": 0.0,
      "mrr": 0.0,
      "resource_metrics": {
        "duration": 0.0,
        "cpu": {
          "avg": 12.2,
          "max": 12.2,
          "min": 12.2
        },
        "memory": {
          "avg_mb": 9800.53125,
          "max_mb": 9800.53125,
          "min_mb": 9800.53125
        },
        "disk": {
          "read_total_mb": 0.0,
          "write_total_mb": 0.0
        },
        "network": {
          "sent_total_mb": 0.0,
          "recv_total_mb": 0.0
        }
      }
    },
    {
      "top_k": 20,
      "num_queries": 10,
      "avg_latency_ms": 14.869093894958496,
      "p50_latency_ms": 15.431880950927734,
      "p95_latency_ms": 18.716812133789062,
      "p99_latency_ms": 18.716812133789062,
      "min_latency_ms": 11.286020278930664,
      "max_latency_ms": 18.716812133789062,
      "queries_per_second": 67.25359373371495,
      "avg_similarity": 0.5037875378131866,
      "avg_top1_similarity": 0.597283911705017,
      "min_similarity": 0.46340918242931367,
      "recall_at_20": 0.0,
      "precision_at_20": 0.0,
      "mrr": 0.0,
      "resource_metrics": {
        "duration": 0.0,
        "cpu": {
          "avg": 13.8,
          "max": 13.8,
          "min": 13.8
        },
        "memory": {
          "avg_mb": 9784.875,
          "max_mb": 9784.875,
          "min_mb": 9784.875
        },
        "disk": {
          "read_total_mb": 0.0,
          "write_total_mb": 0.0
        },
        "network": {
          "sent_total_mb": 0.0,
          "recv_total_mb": 0.0
        }
      }
    }
  ]
}