{
  "database": "pgvector",
  "config": {
    "corpus_path": "Data/test_corpus/corpus_sizes/corpus_1k",
    "test_cases_path": "Data/test_corpus/test_cases.json",
    "output_dir": "results/pgvector_scaling_n10/corpus_1k/run_8",
    "pgvector_config": {
      "host": "localhost",
      "port": 5433,
      "database": "vectordb",
      "user": "postgres",
      "password": "postgres",
      "table_name": "benchmark_test",
      "index_type": "ivfflat"
    },
    "embedding_model": "sentence-transformers/all-MiniLM-L6-v2",
    "embedding_type": "sentence-transformers",
    "chunk_size": 512,
    "chunk_overlap": 50,
    "chunk_strategy": "fixed",
    "top_k_values": [
      1,
      3,
      5,
      10,
      20
    ],
    "batch_size": 100
  },
  "timestamp": "2026-01-10 08:29:15",
  "ingestion": {
    "total_time_sec": 16.75868582725525,
    "num_documents": 1,
    "num_chunks": 5562,
    "parsing_time_sec": 0.005767107009887695,
    "embedding_time_sec": 13.680457830429077,
    "insertion_time_sec": 2.8178069591522217
  },
  "query_results": [
    {
      "top_k": 1,
      "num_queries": 10,
      "avg_latency_ms": 26.189517974853516,
      "p50_latency_ms": 27.943849563598633,
      "p95_latency_ms": 61.80715560913086,
      "p99_latency_ms": 61.80715560913086,
      "min_latency_ms": 9.988069534301758,
      "max_latency_ms": 61.80715560913086,
      "queries_per_second": 38.18321516876231,
      "avg_similarity": 0.528162035344304,
      "avg_top1_similarity": 0.528162035344304,
      "min_similarity": 0.528162035344304,
      "recall_at_1": 0.0,
      "precision_at_1": 0.0,
      "mrr": 0.0,
      "resource_metrics": {
        "duration": 0.0,
        "cpu": {
          "avg": 0.0,
          "max": 0.0,
          "min": 0.0
        },
        "memory": {
          "avg_mb": 11312.09375,
          "max_mb": 11312.09375,
          "min_mb": 11312.09375
        },
        "disk": {
          "read_total_mb": 0.00390625,
          "write_total_mb": 0.0
        },
        "network": {
          "sent_total_mb": 0.0,
          "recv_total_mb": 0.0
        }
      }
    },
    {
      "top_k": 3,
      "num_queries": 10,
      "avg_latency_ms": 10.560250282287598,
      "p50_latency_ms": 9.190082550048828,
      "p95_latency_ms": 16.136884689331055,
      "p99_latency_ms": 16.136884689331055,
      "min_latency_ms": 8.671045303344727,
      "max_latency_ms": 16.136884689331055,
      "queries_per_second": 94.69472533972713,
      "avg_similarity": 0.5003335539457303,
      "avg_top1_similarity": 0.528162035344304,
      "min_similarity": 0.4769755557293287,
      "recall_at_3": 0.0,
      "precision_at_3": 0.0,
      "mrr": 0.0,
      "resource_metrics": {
        "duration": 0.0,
        "cpu": {
          "avg": 13.9,
          "max": 13.9,
          "min": 13.9
        },
        "memory": {
          "avg_mb": 11629.046875,
          "max_mb": 11629.046875,
          "min_mb": 11629.046875
        },
        "disk": {
          "read_total_mb": 0.0,
          "write_total_mb": 0.0
        },
        "network": {
          "sent_total_mb": 0.0,
          "recv_total_mb": 0.0
        }
      }
    },
    {
      "top_k": 5,
      "num_queries": 10,
      "avg_latency_ms": 12.578845024108887,
      "p50_latency_ms": 11.476993560791016,
      "p95_latency_ms": 17.132997512817383,
      "p99_latency_ms": 17.132997512817383,
      "min_latency_ms": 9.783029556274414,
      "max_latency_ms": 17.132997512817383,
      "queries_per_second": 79.49855476264938,
      "avg_similarity": 0.4828504959728683,
      "avg_top1_similarity": 0.528162035344304,
      "min_similarity": 0.45203222682662536,
      "recall_at_5": 0.0,
      "precision_at_5": 0.0,
      "mrr": 0.0,
      "resource_metrics": {
        "duration": 0.0,
        "cpu": {
          "avg": 31.1,
          "max": 31.1,
          "min": 31.1
        },
        "memory": {
          "avg_mb": 11581.328125,
          "max_mb": 11581.328125,
          "min_mb": 11581.328125
        },
        "disk": {
          "read_total_mb": 0.0625,
          "write_total_mb": 0.0
        },
        "network": {
          "sent_total_mb": 0.0,
          "recv_total_mb": 0.0
        }
      }
    },
    {
      "top_k": 10,
      "num_queries": 10,
      "avg_latency_ms": 12.242603302001953,
      "p50_latency_ms": 11.493206024169922,
      "p95_latency_ms": 16.267061233520508,
      "p99_latency_ms": 16.267061233520508,
      "min_latency_ms": 9.372949600219727,
      "max_latency_ms": 16.267061233520508,
      "queries_per_second": 81.68197362373708,
      "avg_similarity": 0.45800297268950657,
      "avg_top1_similarity": 0.528162035344304,
      "min_similarity": 0.4217091380159131,
      "recall_at_10": 0.0,
      "precision_at_10": 0.0,
      "mrr": 0.0,
      "resource_metrics": {
        "duration": 0.0,
        "cpu": {
          "avg": 28.9,
          "max": 28.9,
          "min": 28.9
        },
        "memory": {
          "avg_mb": 11602.203125,
          "max_mb": 11602.203125,
          "min_mb": 11602.203125
        },
        "disk": {
          "read_total_mb": 0.0,
          "write_total_mb": 0.0
        },
        "network": {
          "sent_total_mb": 0.0,
          "recv_total_mb": 0.0
        }
      }
    },
    {
      "top_k": 20,
      "num_queries": 10,
      "avg_latency_ms": 11.455082893371582,
      "p50_latency_ms": 11.013269424438477,
      "p95_latency_ms": 15.272140502929688,
      "p99_latency_ms": 15.272140502929688,
      "min_latency_ms": 9.100914001464844,
      "max_latency_ms": 15.272140502929688,
      "queries_per_second": 87.29749136766564,
      "avg_similarity": 0.4270893080049394,
      "avg_top1_similarity": 0.528162035344304,
      "min_similarity": 0.3813594646630928,
      "recall_at_20": 0.0,
      "precision_at_20": 0.0,
      "mrr": 0.0,
      "resource_metrics": {
        "duration": 0.0,
        "cpu": {
          "avg": 22.9,
          "max": 22.9,
          "min": 22.9
        },
        "memory": {
          "avg_mb": 10634.15625,
          "max_mb": 10634.15625,
          "min_mb": 10634.15625
        },
        "disk": {
          "read_total_mb": 0.875,
          "write_total_mb": 0.0
        },
        "network": {
          "sent_total_mb": 0.0,
          "recv_total_mb": 0.0
        }
      }
    }
  ]
}