{
  "database": "chroma",
  "config": {
    "corpus_path": "Data/test_corpus/corpus_sizes/corpus_1k",
    "test_cases_path": "Data/test_corpus/test_cases.json",
    "output_dir": "results/chroma_scaling_n10/corpus_1k/run_10",
    "chroma_config": {
      "persist_directory": "./vector_stores/chroma_db",
      "collection_name": "benchmark_test"
    },
    "embedding_model": "sentence-transformers/all-MiniLM-L6-v2",
    "embedding_type": "sentence-transformers",
    "chunk_size": 512,
    "chunk_overlap": 50,
    "chunk_strategy": "fixed",
    "top_k_values": [
      1,
      3,
      5,
      10,
      20
    ],
    "batch_size": 100
  },
  "timestamp": "2026-01-22 12:41:27",
  "ingestion": {
    "total_time_sec": 17.416305780410767,
    "num_documents": 1,
    "num_chunks": 5562,
    "parsing_time_sec": 0.006539106369018555,
    "embedding_time_sec": 12.9638671875,
    "insertion_time_sec": 3.966663122177124
  },
  "query_results": [
    {
      "top_k": 1,
      "num_queries": 10,
      "avg_latency_ms": 20.979833602905273,
      "p50_latency_ms": 21.251201629638672,
      "p95_latency_ms": 57.39092826843262,
      "p99_latency_ms": 57.39092826843262,
      "min_latency_ms": 6.815910339355469,
      "max_latency_ms": 57.39092826843262,
      "queries_per_second": 47.66482036642658,
      "avg_similarity": 0.5281620383262634,
      "avg_top1_similarity": 0.5281620383262634,
      "min_similarity": 0.5281620383262634,
      "recall_at_1": 0.0,
      "precision_at_1": 0.0,
      "mrr": 0.0,
      "resource_metrics": {
        "duration": 0.0,
        "cpu": {
          "avg": 0.0,
          "max": 0.0,
          "min": 0.0
        },
        "memory": {
          "avg_mb": 11061.78125,
          "max_mb": 11061.78125,
          "min_mb": 11061.78125
        },
        "disk": {
          "read_total_mb": 0.0,
          "write_total_mb": 0.0
        },
        "network": {
          "sent_total_mb": 0.0,
          "recv_total_mb": 0.0
        }
      }
    },
    {
      "top_k": 3,
      "num_queries": 10,
      "avg_latency_ms": 7.837104797363281,
      "p50_latency_ms": 7.591009140014648,
      "p95_latency_ms": 12.04681396484375,
      "p99_latency_ms": 12.04681396484375,
      "min_latency_ms": 5.704402923583984,
      "max_latency_ms": 12.04681396484375,
      "queries_per_second": 127.59814062157756,
      "avg_similarity": 0.5003336449464162,
      "avg_top1_similarity": 0.5281620383262634,
      "min_similarity": 0.4769756615161896,
      "recall_at_3": 0.0,
      "precision_at_3": 0.0,
      "mrr": 0.0,
      "resource_metrics": {
        "duration": 0.0,
        "cpu": {
          "avg": 15.3,
          "max": 15.3,
          "min": 15.3
        },
        "memory": {
          "avg_mb": 11160.71875,
          "max_mb": 11160.71875,
          "min_mb": 11160.71875
        },
        "disk": {
          "read_total_mb": 0.0,
          "write_total_mb": 0.0
        },
        "network": {
          "sent_total_mb": 0.0,
          "recv_total_mb": 0.0
        }
      }
    },
    {
      "top_k": 5,
      "num_queries": 10,
      "avg_latency_ms": 7.582211494445801,
      "p50_latency_ms": 7.079839706420898,
      "p95_latency_ms": 12.42518424987793,
      "p99_latency_ms": 12.42518424987793,
      "min_latency_ms": 5.879878997802734,
      "max_latency_ms": 12.42518424987793,
      "queries_per_second": 131.88764263995145,
      "avg_similarity": 0.4829401302337647,
      "avg_top1_similarity": 0.5281620383262634,
      "min_similarity": 0.4524800479412079,
      "recall_at_5": 0.0,
      "precision_at_5": 0.0,
      "mrr": 0.0,
      "resource_metrics": {
        "duration": 0.0,
        "cpu": {
          "avg": 13.3,
          "max": 13.3,
          "min": 13.3
        },
        "memory": {
          "avg_mb": 10740.890625,
          "max_mb": 10740.890625,
          "min_mb": 10740.890625
        },
        "disk": {
          "read_total_mb": 0.0,
          "write_total_mb": 0.0
        },
        "network": {
          "sent_total_mb": 0.0,
          "recv_total_mb": 0.0
        }
      }
    },
    {
      "top_k": 10,
      "num_queries": 10,
      "avg_latency_ms": 8.129024505615234,
      "p50_latency_ms": 7.710933685302734,
      "p95_latency_ms": 13.347148895263672,
      "p99_latency_ms": 13.347148895263672,
      "min_latency_ms": 6.716012954711914,
      "max_latency_ms": 13.347148895263672,
      "queries_per_second": 123.0159903330635,
      "avg_similarity": 0.45815175652503976,
      "avg_top1_similarity": 0.5281620383262634,
      "min_similarity": 0.42196530699729917,
      "recall_at_10": 0.0,
      "precision_at_10": 0.0,
      "mrr": 0.0,
      "resource_metrics": {
        "duration": 0.0,
        "cpu": {
          "avg": 13.7,
          "max": 13.7,
          "min": 13.7
        },
        "memory": {
          "avg_mb": 10771.515625,
          "max_mb": 10771.515625,
          "min_mb": 10771.515625
        },
        "disk": {
          "read_total_mb": 0.0,
          "write_total_mb": 0.0
        },
        "network": {
          "sent_total_mb": 0.0,
          "recv_total_mb": 0.0
        }
      }
    },
    {
      "top_k": 20,
      "num_queries": 10,
      "avg_latency_ms": 8.142375946044922,
      "p50_latency_ms": 7.9212188720703125,
      "p95_latency_ms": 11.728763580322266,
      "p99_latency_ms": 11.728763580322266,
      "min_latency_ms": 6.510734558105469,
      "max_latency_ms": 11.728763580322266,
      "queries_per_second": 122.81427517305193,
      "avg_similarity": 0.4276216015219688,
      "avg_top1_similarity": 0.5281620383262634,
      "min_similarity": 0.38250707983970644,
      "recall_at_20": 0.0,
      "precision_at_20": 0.0,
      "mrr": 0.0,
      "resource_metrics": {
        "duration": 0.0,
        "cpu": {
          "avg": 12.7,
          "max": 12.7,
          "min": 12.7
        },
        "memory": {
          "avg_mb": 10756.796875,
          "max_mb": 10756.796875,
          "min_mb": 10756.796875
        },
        "disk": {
          "read_total_mb": 0.0,
          "write_total_mb": 0.0
        },
        "network": {
          "sent_total_mb": 0.0,
          "recv_total_mb": 0.0
        }
      }
    }
  ]
}