{
  "database": "pgvector",
  "config": {
    "corpus_path": "Data/test_corpus/corpus_sizes/corpus_1k",
    "test_cases_path": "Data/test_corpus/test_cases.json",
    "output_dir": "results/pgvector_hnsw_scaling_n3/corpus_1k/run_2",
    "pgvector_config": {
      "host": "localhost",
      "port": 5433,
      "database": "vectordb",
      "user": "postgres",
      "password": "postgres",
      "table_name": "benchmark_test",
      "index_type": "hnsw"
    },
    "embedding_model": "sentence-transformers/all-MiniLM-L6-v2",
    "embedding_type": "sentence-transformers",
    "chunk_size": 512,
    "chunk_overlap": 50,
    "chunk_strategy": "fixed",
    "top_k_values": [
      1,
      3,
      5,
      10,
      20
    ],
    "batch_size": 100
  },
  "timestamp": "2026-01-05 14:26:34",
  "ingestion": {
    "total_time_sec": 17.714515209197998,
    "num_documents": 1,
    "num_chunks": 5562,
    "parsing_time_sec": 0.0058748722076416016,
    "embedding_time_sec": 13.972965002059937,
    "insertion_time_sec": 3.3008251190185547
  },
  "query_results": [
    {
      "top_k": 1,
      "num_queries": 10,
      "avg_latency_ms": 25.579380989074707,
      "p50_latency_ms": 23.569822311401367,
      "p95_latency_ms": 73.50397109985352,
      "p99_latency_ms": 73.50397109985352,
      "min_latency_ms": 9.13381576538086,
      "max_latency_ms": 73.50397109985352,
      "queries_per_second": 39.09398747479907,
      "avg_similarity": 0.528162035344304,
      "avg_top1_similarity": 0.528162035344304,
      "min_similarity": 0.528162035344304,
      "recall_at_1": 0.0,
      "precision_at_1": 0.0,
      "mrr": 0.0,
      "resource_metrics": {
        "duration": 0.0,
        "cpu": {
          "avg": 0.0,
          "max": 0.0,
          "min": 0.0
        },
        "memory": {
          "avg_mb": 9536.296875,
          "max_mb": 9536.296875,
          "min_mb": 9536.296875
        },
        "disk": {
          "read_total_mb": 0.0,
          "write_total_mb": 0.0
        },
        "network": {
          "sent_total_mb": 0.0,
          "recv_total_mb": 0.0
        }
      }
    },
    {
      "top_k": 3,
      "num_queries": 10,
      "avg_latency_ms": 12.385034561157227,
      "p50_latency_ms": 12.27879524230957,
      "p95_latency_ms": 17.38429069519043,
      "p99_latency_ms": 17.38429069519043,
      "min_latency_ms": 9.773015975952148,
      "max_latency_ms": 17.38429069519043,
      "queries_per_second": 80.74260875591473,
      "avg_similarity": 0.5003335539457303,
      "avg_top1_similarity": 0.528162035344304,
      "min_similarity": 0.4769755557293287,
      "recall_at_3": 0.0,
      "precision_at_3": 0.0,
      "mrr": 0.0,
      "resource_metrics": {
        "duration": 0.0,
        "cpu": {
          "avg": 15.2,
          "max": 15.2,
          "min": 15.2
        },
        "memory": {
          "avg_mb": 10053.734375,
          "max_mb": 10053.734375,
          "min_mb": 10053.734375
        },
        "disk": {
          "read_total_mb": 0.0,
          "write_total_mb": 0.0
        },
        "network": {
          "sent_total_mb": 0.0,
          "recv_total_mb": 0.0
        }
      }
    },
    {
      "top_k": 5,
      "num_queries": 10,
      "avg_latency_ms": 10.728669166564941,
      "p50_latency_ms": 10.54692268371582,
      "p95_latency_ms": 13.48876953125,
      "p99_latency_ms": 13.48876953125,
      "min_latency_ms": 9.371042251586914,
      "max_latency_ms": 13.48876953125,
      "queries_per_second": 93.20820546097384,
      "avg_similarity": 0.4829400376937939,
      "avg_top1_similarity": 0.528162035344304,
      "min_similarity": 0.4524799354312535,
      "recall_at_5": 0.0,
      "precision_at_5": 0.0,
      "mrr": 0.0,
      "resource_metrics": {
        "duration": 0.0,
        "cpu": {
          "avg": 18.3,
          "max": 18.3,
          "min": 18.3
        },
        "memory": {
          "avg_mb": 10207.21875,
          "max_mb": 10207.21875,
          "min_mb": 10207.21875
        },
        "disk": {
          "read_total_mb": 0.0,
          "write_total_mb": 0.0
        },
        "network": {
          "sent_total_mb": 0.0,
          "recv_total_mb": 0.0
        }
      }
    },
    {
      "top_k": 10,
      "num_queries": 10,
      "avg_latency_ms": 11.54181957244873,
      "p50_latency_ms": 10.746002197265625,
      "p95_latency_ms": 20.961999893188477,
      "p99_latency_ms": 20.961999893188477,
      "min_latency_ms": 8.708953857421875,
      "max_latency_ms": 20.961999893188477,
      "queries_per_second": 86.64145143865201,
      "avg_similarity": 0.45815166591339657,
      "avg_top1_similarity": 0.528162035344304,
      "min_similarity": 0.4219652749823714,
      "recall_at_10": 0.0,
      "precision_at_10": 0.0,
      "mrr": 0.0,
      "resource_metrics": {
        "duration": 0.0,
        "cpu": {
          "avg": 0.0,
          "max": 0.0,
          "min": 0.0
        },
        "memory": {
          "avg_mb": 9904.140625,
          "max_mb": 9904.140625,
          "min_mb": 9904.140625
        },
        "disk": {
          "read_total_mb": 0.0,
          "write_total_mb": 0.0
        },
        "network": {
          "sent_total_mb": 0.0,
          "recv_total_mb": 0.0
        }
      }
    },
    {
      "top_k": 20,
      "num_queries": 10,
      "avg_latency_ms": 12.092995643615723,
      "p50_latency_ms": 11.897087097167969,
      "p95_latency_ms": 15.535116195678711,
      "p99_latency_ms": 15.535116195678711,
      "min_latency_ms": 9.942770004272461,
      "max_latency_ms": 15.535116195678711,
      "queries_per_second": 82.69249650544047,
      "avg_similarity": 0.42754179546061233,
      "avg_top1_similarity": 0.528162035344304,
      "min_similarity": 0.38184746407865244,
      "recall_at_20": 0.0,
      "precision_at_20": 0.0,
      "mrr": 0.0,
      "resource_metrics": {
        "duration": 0.0,
        "cpu": {
          "avg": 13.2,
          "max": 13.2,
          "min": 13.2
        },
        "memory": {
          "avg_mb": 9904.984375,
          "max_mb": 9904.984375,
          "min_mb": 9904.984375
        },
        "disk": {
          "read_total_mb": 0.0,
          "write_total_mb": 0.0
        },
        "network": {
          "sent_total_mb": 0.0,
          "recv_total_mb": 0.0
        }
      }
    }
  ]
}