{
  "database": "faiss",
  "config": {
    "corpus_path": "Data/test_corpus/corpus_sizes/corpus_1k",
    "test_cases_path": "Data/test_corpus/test_cases.json",
    "output_dir": "results/faiss_scaling_n10/corpus_1k/run_8",
    "faiss_config": {
      "index_path": "./vector_stores/faiss_index.index",
      "index_type": "Flat"
    },
    "embedding_model": "sentence-transformers/all-MiniLM-L6-v2",
    "embedding_type": "sentence-transformers",
    "chunk_size": 512,
    "chunk_overlap": 50,
    "chunk_strategy": "fixed",
    "top_k_values": [
      1,
      3,
      5,
      10,
      20
    ],
    "batch_size": 100
  },
  "timestamp": "2026-01-07 21:25:44",
  "ingestion": {
    "total_time_sec": 13.26688289642334,
    "num_documents": 1,
    "num_chunks": 5562,
    "parsing_time_sec": 0.006524801254272461,
    "embedding_time_sec": 13.02565884590149,
    "insertion_time_sec": 0.0017349720001220703
  },
  "query_results": [
    {
      "top_k": 1,
      "num_queries": 10,
      "avg_latency_ms": 20.46220302581787,
      "p50_latency_ms": 21.02804183959961,
      "p95_latency_ms": 56.883811950683594,
      "p99_latency_ms": 56.883811950683594,
      "min_latency_ms": 5.028724670410156,
      "max_latency_ms": 56.883811950683594,
      "queries_per_second": 48.87059319752938,
      "avg_similarity": 0.5210750799192773,
      "avg_top1_similarity": 0.5210750799192773,
      "min_similarity": 0.5210750799192773,
      "recall_at_1": 0.0,
      "precision_at_1": 0.0,
      "mrr": 0.0,
      "resource_metrics": {
        "duration": 0.0,
        "cpu": {
          "avg": 0.0,
          "max": 0.0,
          "min": 0.0
        },
        "memory": {
          "avg_mb": 13624.015625,
          "max_mb": 13624.015625,
          "min_mb": 13624.015625
        },
        "disk": {
          "read_total_mb": 0.0,
          "write_total_mb": 0.0
        },
        "network": {
          "sent_total_mb": 0.0,
          "recv_total_mb": 0.0
        }
      }
    },
    {
      "top_k": 3,
      "num_queries": 10,
      "avg_latency_ms": 8.133864402770996,
      "p50_latency_ms": 8.075714111328125,
      "p95_latency_ms": 13.24915885925293,
      "p99_latency_ms": 13.24915885925293,
      "min_latency_ms": 5.431652069091797,
      "max_latency_ms": 13.24915885925293,
      "queries_per_second": 122.94279207055948,
      "avg_similarity": 0.5059781398986011,
      "avg_top1_similarity": 0.5210750799192773,
      "min_similarity": 0.493759919746614,
      "recall_at_3": 0.0,
      "precision_at_3": 0.0,
      "mrr": 0.0,
      "resource_metrics": {
        "duration": 0.0,
        "cpu": {
          "avg": 23.3,
          "max": 23.3,
          "min": 23.3
        },
        "memory": {
          "avg_mb": 13658.046875,
          "max_mb": 13658.046875,
          "min_mb": 13658.046875
        },
        "disk": {
          "read_total_mb": 0.0,
          "write_total_mb": 0.0
        },
        "network": {
          "sent_total_mb": 0.0,
          "recv_total_mb": 0.0
        }
      }
    },
    {
      "top_k": 5,
      "num_queries": 10,
      "avg_latency_ms": 9.439516067504883,
      "p50_latency_ms": 9.058952331542969,
      "p95_latency_ms": 13.720989227294922,
      "p99_latency_ms": 13.720989227294922,
      "min_latency_ms": 7.678031921386719,
      "max_latency_ms": 13.720989227294922,
      "queries_per_second": 105.93763418046989,
      "avg_similarity": 0.49715507483102944,
      "avg_top1_similarity": 0.5210750799192773,
      "min_similarity": 0.4819666974851036,
      "recall_at_5": 0.0,
      "precision_at_5": 0.0,
      "mrr": 0.0,
      "resource_metrics": {
        "duration": 0.0,
        "cpu": {
          "avg": 21.6,
          "max": 21.6,
          "min": 21.6
        },
        "memory": {
          "avg_mb": 12612.984375,
          "max_mb": 12612.984375,
          "min_mb": 12612.984375
        },
        "disk": {
          "read_total_mb": 0.0,
          "write_total_mb": 0.0
        },
        "network": {
          "sent_total_mb": 0.0,
          "recv_total_mb": 0.0
        }
      }
    },
    {
      "top_k": 10,
      "num_queries": 10,
      "avg_latency_ms": 9.63733196258545,
      "p50_latency_ms": 9.324073791503906,
      "p95_latency_ms": 13.496160507202148,
      "p99_latency_ms": 13.496160507202148,
      "min_latency_ms": 7.26318359375,
      "max_latency_ms": 13.496160507202148,
      "queries_per_second": 103.76315809004525,
      "avg_similarity": 0.4847373656715314,
      "avg_top1_similarity": 0.5210750799192773,
      "min_similarity": 0.46673530390332774,
      "recall_at_10": 0.0,
      "precision_at_10": 0.0,
      "mrr": 0.0,
      "resource_metrics": {
        "duration": 0.0,
        "cpu": {
          "avg": 26.6,
          "max": 26.6,
          "min": 26.6
        },
        "memory": {
          "avg_mb": 12217.9375,
          "max_mb": 12217.9375,
          "min_mb": 12217.9375
        },
        "disk": {
          "read_total_mb": 0.0,
          "write_total_mb": 0.0
        },
        "network": {
          "sent_total_mb": 0.0,
          "recv_total_mb": 0.0
        }
      }
    },
    {
      "top_k": 20,
      "num_queries": 10,
      "avg_latency_ms": 7.06174373626709,
      "p50_latency_ms": 6.157159805297852,
      "p95_latency_ms": 12.88914680480957,
      "p99_latency_ms": 12.88914680480957,
      "min_latency_ms": 5.542993545532227,
      "max_latency_ms": 12.88914680480957,
      "queries_per_second": 141.60808397284185,
      "avg_similarity": 0.4701479685882138,
      "avg_top1_similarity": 0.5210750799192773,
      "min_similarity": 0.44928775157628353,
      "recall_at_20": 0.0,
      "precision_at_20": 0.0,
      "mrr": 0.0,
      "resource_metrics": {
        "duration": 0.0,
        "cpu": {
          "avg": 22.4,
          "max": 22.4,
          "min": 22.4
        },
        "memory": {
          "avg_mb": 12224.671875,
          "max_mb": 12224.671875,
          "min_mb": 12224.671875
        },
        "disk": {
          "read_total_mb": 0.0,
          "write_total_mb": 0.0
        },
        "network": {
          "sent_total_mb": 0.0,
          "recv_total_mb": 0.0
        }
      }
    }
  ]
}