{
  "database": "faiss",
  "config": {
    "corpus_path": "Data/test_corpus/corpus_sizes/corpus_full",
    "test_cases_path": "Data/test_corpus/test_cases.json",
    "output_dir": "results/faiss_scaling_n10/corpus_full/run_5",
    "faiss_config": {
      "index_path": "./vector_stores/faiss_index.index",
      "index_type": "Flat"
    },
    "embedding_model": "sentence-transformers/all-MiniLM-L6-v2",
    "embedding_type": "sentence-transformers",
    "chunk_size": 512,
    "chunk_overlap": 50,
    "chunk_strategy": "fixed",
    "top_k_values": [
      1,
      3,
      5,
      10,
      20
    ],
    "batch_size": 100
  },
  "timestamp": "2026-01-09 07:13:27",
  "ingestion": {
    "total_time_sec": 5251.934597730637,
    "num_documents": 1,
    "num_chunks": 2249072,
    "parsing_time_sec": 3.292971134185791,
    "embedding_time_sec": 5227.95198059082,
    "insertion_time_sec": 9.023713827133179
  },
  "query_results": [
    {
      "top_k": 1,
      "num_queries": 10,
      "avg_latency_ms": 407.0406913757324,
      "p50_latency_ms": 92.13900566101074,
      "p95_latency_ms": 3300.692081451416,
      "p99_latency_ms": 3300.692081451416,
      "min_latency_ms": 59.44323539733887,
      "max_latency_ms": 3300.692081451416,
      "queries_per_second": 2.45675683337742,
      "avg_similarity": 0.6081104759530154,
      "avg_top1_similarity": 0.6081104759530154,
      "min_similarity": 0.6081104759530154,
      "recall_at_1": 0.0,
      "precision_at_1": 0.0,
      "mrr": 0.0,
      "resource_metrics": {
        "duration": 4.06737494468689,
        "cpu": {
          "avg": 11.277777777777779,
          "max": 16.8,
          "min": 0.0
        },
        "memory": {
          "avg_mb": 9193.378472222223,
          "max_mb": 10493.203125,
          "min_mb": 8406.203125
        },
        "disk": {
          "read_total_mb": 1232.77734375,
          "write_total_mb": 2.19140625
        },
        "network": {
          "sent_total_mb": 0.013671875,
          "recv_total_mb": 0.03515625
        }
      }
    },
    {
      "top_k": 3,
      "num_queries": 10,
      "avg_latency_ms": 62.59965896606445,
      "p50_latency_ms": 60.81700325012207,
      "p95_latency_ms": 78.55796813964844,
      "p99_latency_ms": 78.55796813964844,
      "min_latency_ms": 59.22293663024902,
      "max_latency_ms": 78.55796813964844,
      "queries_per_second": 15.974527921024368,
      "avg_similarity": 0.5970919434566881,
      "avg_top1_similarity": 0.6081104759530154,
      "min_similarity": 0.5869038129129002,
      "recall_at_3": 0.0,
      "precision_at_3": 0.0,
      "mrr": 0.0,
      "resource_metrics": {
        "duration": 0.510369062423706,
        "cpu": {
          "avg": 10.7,
          "max": 12.9,
          "min": 8.5
        },
        "memory": {
          "avg_mb": 10496.1796875,
          "max_mb": 10496.71875,
          "min_mb": 10495.640625
        },
        "disk": {
          "read_total_mb": 8.36328125,
          "write_total_mb": 0.0
        },
        "network": {
          "sent_total_mb": 0.0,
          "recv_total_mb": 0.0009765625
        }
      }
    },
    {
      "top_k": 5,
      "num_queries": 10,
      "avg_latency_ms": 60.81504821777344,
      "p50_latency_ms": 60.407161712646484,
      "p95_latency_ms": 64.11600112915039,
      "p99_latency_ms": 64.11600112915039,
      "min_latency_ms": 58.757781982421875,
      "max_latency_ms": 64.11600112915039,
      "queries_per_second": 16.443298645741205,
      "avg_similarity": 0.589569724902797,
      "avg_top1_similarity": 0.6081104759530154,
      "min_similarity": 0.5767552424979981,
      "recall_at_5": 0.0,
      "precision_at_5": 0.0,
      "mrr": 0.0,
      "resource_metrics": {
        "duration": 0.5107729434967041,
        "cpu": {
          "avg": 13.600000000000001,
          "max": 17.8,
          "min": 9.4
        },
        "memory": {
          "avg_mb": 10472.625,
          "max_mb": 10485.34375,
          "min_mb": 10459.90625
        },
        "disk": {
          "read_total_mb": 17.828125,
          "write_total_mb": 0.0
        },
        "network": {
          "sent_total_mb": 0.0009765625,
          "recv_total_mb": 0.0
        }
      }
    },
    {
      "top_k": 10,
      "num_queries": 10,
      "avg_latency_ms": 62.06104755401611,
      "p50_latency_ms": 60.801029205322266,
      "p95_latency_ms": 76.48587226867676,
      "p99_latency_ms": 76.48587226867676,
      "min_latency_ms": 58.72774124145508,
      "max_latency_ms": 76.48587226867676,
      "queries_per_second": 16.11316662242334,
      "avg_similarity": 0.5771787789131821,
      "avg_top1_similarity": 0.6081104759530154,
      "min_similarity": 0.5588513399533241,
      "recall_at_10": 0.0,
      "precision_at_10": 0.0,
      "mrr": 0.0,
      "resource_metrics": {
        "duration": 0.5043721199035645,
        "cpu": {
          "avg": 9.9,
          "max": 12.0,
          "min": 7.8
        },
        "memory": {
          "avg_mb": 10439.1875,
          "max_mb": 10461.359375,
          "min_mb": 10417.015625
        },
        "disk": {
          "read_total_mb": 3.40234375,
          "write_total_mb": 0.1171875
        },
        "network": {
          "sent_total_mb": 0.0009765625,
          "recv_total_mb": 0.0009765625
        }
      }
    },
    {
      "top_k": 20,
      "num_queries": 10,
      "avg_latency_ms": 61.379170417785645,
      "p50_latency_ms": 59.4329833984375,
      "p95_latency_ms": 77.58426666259766,
      "p99_latency_ms": 77.58426666259766,
      "min_latency_ms": 58.593034744262695,
      "max_latency_ms": 77.58426666259766,
      "queries_per_second": 16.292171972891854,
      "avg_similarity": 0.5616581162708834,
      "avg_top1_similarity": 0.6081104759530154,
      "min_similarity": 0.5375578751597476,
      "recall_at_20": 0.0,
      "precision_at_20": 0.0,
      "mrr": 0.0,
      "resource_metrics": {
        "duration": 0.5100650787353516,
        "cpu": {
          "avg": 12.35,
          "max": 14.7,
          "min": 10.0
        },
        "memory": {
          "avg_mb": 10406.1640625,
          "max_mb": 10406.9375,
          "min_mb": 10405.390625
        },
        "disk": {
          "read_total_mb": 6.53515625,
          "write_total_mb": 0.015625
        },
        "network": {
          "sent_total_mb": 0.001953125,
          "recv_total_mb": 0.00390625
        }
      }
    }
  ]
}