{
  "database": "qdrant",
  "config": {
    "corpus_path": "Data/test_corpus/corpus_sizes/corpus_1k",
    "test_cases_path": "Data/test_corpus/test_cases.json",
    "output_dir": "results/qdrant_scaling_n10/corpus_1k/run_9",
    "qdrant_config": {
      "host": "localhost",
      "port": 6333,
      "collection_name": "benchmark_test"
    },
    "embedding_model": "sentence-transformers/all-MiniLM-L6-v2",
    "embedding_type": "sentence-transformers",
    "chunk_size": 512,
    "chunk_overlap": 50,
    "chunk_strategy": "fixed",
    "top_k_values": [
      1,
      3,
      5,
      10,
      20
    ],
    "batch_size": 100
  },
  "timestamp": "2026-01-10 01:15:23",
  "ingestion": {
    "total_time_sec": 15.196685075759888,
    "num_documents": 1,
    "num_chunks": 5562,
    "parsing_time_sec": 0.09072089195251465,
    "embedding_time_sec": 13.48879098892212,
    "insertion_time_sec": 1.251551866531372
  },
  "query_results": [
    {
      "top_k": 1,
      "num_queries": 10,
      "avg_latency_ms": 27.81047821044922,
      "p50_latency_ms": 29.608964920043945,
      "p95_latency_ms": 62.70003318786621,
      "p99_latency_ms": 62.70003318786621,
      "min_latency_ms": 11.433839797973633,
      "max_latency_ms": 62.70003318786621,
      "queries_per_second": 35.95767007070991,
      "avg_similarity": 0.5281620020000001,
      "avg_top1_similarity": 0.5281620020000001,
      "min_similarity": 0.5281620020000001,
      "recall_at_1": 0.0,
      "precision_at_1": 0.0,
      "mrr": 0.0,
      "resource_metrics": {
        "duration": 0.0,
        "cpu": {
          "avg": 0.0,
          "max": 0.0,
          "min": 0.0
        },
        "memory": {
          "avg_mb": 12302.453125,
          "max_mb": 12302.453125,
          "min_mb": 12302.453125
        },
        "disk": {
          "read_total_mb": 0.0,
          "write_total_mb": 0.0
        },
        "network": {
          "sent_total_mb": 0.0,
          "recv_total_mb": 0.0
        }
      }
    },
    {
      "top_k": 3,
      "num_queries": 10,
      "avg_latency_ms": 11.673569679260254,
      "p50_latency_ms": 11.748075485229492,
      "p95_latency_ms": 15.841007232666016,
      "p99_latency_ms": 15.841007232666016,
      "min_latency_ms": 9.842872619628906,
      "max_latency_ms": 15.841007232666016,
      "queries_per_second": 85.66359969364309,
      "avg_similarity": 0.5003335266666666,
      "avg_top1_similarity": 0.5281620020000001,
      "min_similarity": 0.476975543,
      "recall_at_3": 0.0,
      "precision_at_3": 0.0,
      "mrr": 0.0,
      "resource_metrics": {
        "duration": 0.0,
        "cpu": {
          "avg": 14.2,
          "max": 14.2,
          "min": 14.2
        },
        "memory": {
          "avg_mb": 12051.40625,
          "max_mb": 12051.40625,
          "min_mb": 12051.40625
        },
        "disk": {
          "read_total_mb": 0.0,
          "write_total_mb": 0.0
        },
        "network": {
          "sent_total_mb": 0.0,
          "recv_total_mb": 0.0
        }
      }
    },
    {
      "top_k": 5,
      "num_queries": 10,
      "avg_latency_ms": 12.810277938842773,
      "p50_latency_ms": 11.82699203491211,
      "p95_latency_ms": 16.402006149291992,
      "p99_latency_ms": 16.402006149291992,
      "min_latency_ms": 10.328054428100586,
      "max_latency_ms": 16.402006149291992,
      "queries_per_second": 78.0623187704494,
      "avg_similarity": 0.4829400239999999,
      "avg_top1_similarity": 0.5281620020000001,
      "min_similarity": 0.45247994700000005,
      "recall_at_5": 0.0,
      "precision_at_5": 0.0,
      "mrr": 0.0,
      "resource_metrics": {
        "duration": 0.0,
        "cpu": {
          "avg": 12.0,
          "max": 12.0,
          "min": 12.0
        },
        "memory": {
          "avg_mb": 12020.234375,
          "max_mb": 12020.234375,
          "min_mb": 12020.234375
        },
        "disk": {
          "read_total_mb": 0.0,
          "write_total_mb": 0.0
        },
        "network": {
          "sent_total_mb": 0.0,
          "recv_total_mb": 0.0
        }
      }
    },
    {
      "top_k": 10,
      "num_queries": 10,
      "avg_latency_ms": 13.020181655883789,
      "p50_latency_ms": 12.465238571166992,
      "p95_latency_ms": 18.68581771850586,
      "p99_latency_ms": 18.68581771850586,
      "min_latency_ms": 10.593652725219727,
      "max_latency_ms": 18.68581771850586,
      "queries_per_second": 76.80384394238482,
      "avg_similarity": 0.45815165759999993,
      "avg_top1_similarity": 0.5281620020000001,
      "min_similarity": 0.421965243,
      "recall_at_10": 0.0,
      "precision_at_10": 0.0,
      "mrr": 0.0,
      "resource_metrics": {
        "duration": 0.0,
        "cpu": {
          "avg": 11.8,
          "max": 11.8,
          "min": 11.8
        },
        "memory": {
          "avg_mb": 12026.34375,
          "max_mb": 12026.34375,
          "min_mb": 12026.34375
        },
        "disk": {
          "read_total_mb": 0.0,
          "write_total_mb": 0.0
        },
        "network": {
          "sent_total_mb": 0.0,
          "recv_total_mb": 0.0
        }
      }
    },
    {
      "top_k": 20,
      "num_queries": 10,
      "avg_latency_ms": 12.319421768188477,
      "p50_latency_ms": 12.006044387817383,
      "p95_latency_ms": 15.340089797973633,
      "p99_latency_ms": 15.340089797973633,
      "min_latency_ms": 10.811805725097656,
      "max_latency_ms": 15.340089797973633,
      "queries_per_second": 81.17264095805416,
      "avg_similarity": 0.4276215199499999,
      "avg_top1_similarity": 0.5281620020000001,
      "min_similarity": 0.382506981,
      "recall_at_20": 0.0,
      "precision_at_20": 0.0,
      "mrr": 0.0,
      "resource_metrics": {
        "duration": 0.0,
        "cpu": {
          "avg": 14.6,
          "max": 14.6,
          "min": 14.6
        },
        "memory": {
          "avg_mb": 12046.5625,
          "max_mb": 12046.5625,
          "min_mb": 12046.5625
        },
        "disk": {
          "read_total_mb": 0.0,
          "write_total_mb": 0.0
        },
        "network": {
          "sent_total_mb": 0.0,
          "recv_total_mb": 0.0
        }
      }
    }
  ]
}