{
  "database": "pgvector",
  "config": {
    "corpus_path": "Data/test_corpus/corpus_sizes/corpus_1k",
    "test_cases_path": "Data/test_corpus/test_cases.json",
    "output_dir": "results/pgvector_scaling_n10/corpus_1k/run_10",
    "pgvector_config": {
      "host": "localhost",
      "port": 5433,
      "database": "vectordb",
      "user": "postgres",
      "password": "postgres",
      "table_name": "benchmark_test",
      "index_type": "ivfflat"
    },
    "embedding_model": "sentence-transformers/all-MiniLM-L6-v2",
    "embedding_type": "sentence-transformers",
    "chunk_size": 512,
    "chunk_overlap": 50,
    "chunk_strategy": "fixed",
    "top_k_values": [
      1,
      3,
      5,
      10,
      20
    ],
    "batch_size": 100
  },
  "timestamp": "2026-01-10 08:30:04",
  "ingestion": {
    "total_time_sec": 16.739197731018066,
    "num_documents": 1,
    "num_chunks": 5562,
    "parsing_time_sec": 0.006857872009277344,
    "embedding_time_sec": 13.404676914215088,
    "insertion_time_sec": 2.883035898208618
  },
  "query_results": [
    {
      "top_k": 1,
      "num_queries": 10,
      "avg_latency_ms": 27.944087982177734,
      "p50_latency_ms": 28.701066970825195,
      "p95_latency_ms": 73.5480785369873,
      "p99_latency_ms": 73.5480785369873,
      "min_latency_ms": 10.013103485107422,
      "max_latency_ms": 73.5480785369873,
      "queries_per_second": 35.78574475709435,
      "avg_similarity": 0.528162035344304,
      "avg_top1_similarity": 0.528162035344304,
      "min_similarity": 0.528162035344304,
      "recall_at_1": 0.0,
      "precision_at_1": 0.0,
      "mrr": 0.0,
      "resource_metrics": {
        "duration": 0.0,
        "cpu": {
          "avg": 0.0,
          "max": 0.0,
          "min": 0.0
        },
        "memory": {
          "avg_mb": 10765.328125,
          "max_mb": 10765.328125,
          "min_mb": 10765.328125
        },
        "disk": {
          "read_total_mb": 0.0,
          "write_total_mb": 0.0
        },
        "network": {
          "sent_total_mb": 0.0,
          "recv_total_mb": 0.0
        }
      }
    },
    {
      "top_k": 3,
      "num_queries": 10,
      "avg_latency_ms": 11.482429504394531,
      "p50_latency_ms": 10.807037353515625,
      "p95_latency_ms": 16.579866409301758,
      "p99_latency_ms": 16.579866409301758,
      "min_latency_ms": 8.667707443237305,
      "max_latency_ms": 16.579866409301758,
      "queries_per_second": 87.08958322951446,
      "avg_similarity": 0.5003335539457303,
      "avg_top1_similarity": 0.528162035344304,
      "min_similarity": 0.4769755557293287,
      "recall_at_3": 0.0,
      "precision_at_3": 0.0,
      "mrr": 0.0,
      "resource_metrics": {
        "duration": 0.0,
        "cpu": {
          "avg": 15.7,
          "max": 15.7,
          "min": 15.7
        },
        "memory": {
          "avg_mb": 11073.546875,
          "max_mb": 11073.546875,
          "min_mb": 11073.546875
        },
        "disk": {
          "read_total_mb": 0.0,
          "write_total_mb": 0.0
        },
        "network": {
          "sent_total_mb": 0.0,
          "recv_total_mb": 0.0
        }
      }
    },
    {
      "top_k": 5,
      "num_queries": 10,
      "avg_latency_ms": 11.81941032409668,
      "p50_latency_ms": 11.161088943481445,
      "p95_latency_ms": 16.402244567871094,
      "p99_latency_ms": 16.402244567871094,
      "min_latency_ms": 8.38780403137207,
      "max_latency_ms": 16.402244567871094,
      "queries_per_second": 84.60658971803882,
      "avg_similarity": 0.4829400376937939,
      "avg_top1_similarity": 0.528162035344304,
      "min_similarity": 0.4524799354312535,
      "recall_at_5": 0.0,
      "precision_at_5": 0.0,
      "mrr": 0.0,
      "resource_metrics": {
        "duration": 0.0,
        "cpu": {
          "avg": 10.7,
          "max": 10.7,
          "min": 10.7
        },
        "memory": {
          "avg_mb": 11076.546875,
          "max_mb": 11076.546875,
          "min_mb": 11076.546875
        },
        "disk": {
          "read_total_mb": 0.0,
          "write_total_mb": 0.0
        },
        "network": {
          "sent_total_mb": 0.0,
          "recv_total_mb": 0.0
        }
      }
    },
    {
      "top_k": 10,
      "num_queries": 10,
      "avg_latency_ms": 11.390161514282227,
      "p50_latency_ms": 10.525941848754883,
      "p95_latency_ms": 16.118764877319336,
      "p99_latency_ms": 16.118764877319336,
      "min_latency_ms": 9.948015213012695,
      "max_latency_ms": 16.118764877319336,
      "queries_per_second": 87.79506758934814,
      "avg_similarity": 0.45815166591339657,
      "avg_top1_similarity": 0.528162035344304,
      "min_similarity": 0.4219652749823714,
      "recall_at_10": 0.0,
      "precision_at_10": 0.0,
      "mrr": 0.0,
      "resource_metrics": {
        "duration": 0.0,
        "cpu": {
          "avg": 10.9,
          "max": 10.9,
          "min": 10.9
        },
        "memory": {
          "avg_mb": 10790.359375,
          "max_mb": 10790.359375,
          "min_mb": 10790.359375
        },
        "disk": {
          "read_total_mb": 0.0,
          "write_total_mb": 0.0
        },
        "network": {
          "sent_total_mb": 0.0,
          "recv_total_mb": 0.0
        }
      }
    },
    {
      "top_k": 20,
      "num_queries": 10,
      "avg_latency_ms": 11.643552780151367,
      "p50_latency_ms": 11.040210723876953,
      "p95_latency_ms": 16.56794548034668,
      "p99_latency_ms": 16.56794548034668,
      "min_latency_ms": 8.59689712524414,
      "max_latency_ms": 16.56794548034668,
      "queries_per_second": 85.88443912966915,
      "avg_similarity": 0.4274655112899248,
      "avg_top1_similarity": 0.528162035344304,
      "min_similarity": 0.38194245564797596,
      "recall_at_20": 0.0,
      "precision_at_20": 0.0,
      "mrr": 0.0,
      "resource_metrics": {
        "duration": 0.0,
        "cpu": {
          "avg": 11.4,
          "max": 11.4,
          "min": 11.4
        },
        "memory": {
          "avg_mb": 10287.765625,
          "max_mb": 10287.765625,
          "min_mb": 10287.765625
        },
        "disk": {
          "read_total_mb": 0.0,
          "write_total_mb": 0.0
        },
        "network": {
          "sent_total_mb": 0.0,
          "recv_total_mb": 0.0
        }
      }
    }
  ]
}