{
  "database": "qdrant",
  "config": {
    "corpus_path": "Data/test_corpus/documents",
    "test_cases_path": "Data/test_corpus/test_cases.json",
    "output_dir": "results/qdrant_scaling_n10/corpus_baseline/run_7",
    "qdrant_config": {
      "host": "localhost",
      "port": 6333,
      "collection_name": "benchmark_test"
    },
    "embedding_model": "sentence-transformers/all-MiniLM-L6-v2",
    "embedding_type": "sentence-transformers",
    "chunk_size": 512,
    "chunk_overlap": 50,
    "chunk_strategy": "fixed",
    "top_k_values": [
      1,
      3,
      5,
      10,
      20
    ],
    "batch_size": 100
  },
  "timestamp": "2026-01-10 03:03:07",
  "ingestion": {
    "total_time_sec": 0.5132510662078857,
    "num_documents": 20,
    "num_chunks": 175,
    "parsing_time_sec": 0.00016188621520996094,
    "embedding_time_sec": 0.3094911575317383,
    "insertion_time_sec": 0.05397200584411621
  },
  "query_results": [
    {
      "top_k": 1,
      "num_queries": 10,
      "avg_latency_ms": 24.365925788879395,
      "p50_latency_ms": 27.706146240234375,
      "p95_latency_ms": 48.90322685241699,
      "p99_latency_ms": 48.90322685241699,
      "min_latency_ms": 7.882833480834961,
      "max_latency_ms": 48.90322685241699,
      "queries_per_second": 41.04091954742798,
      "avg_similarity": 0.7316954950000001,
      "avg_top1_similarity": 0.7316954950000001,
      "min_similarity": 0.7316954950000001,
      "recall_at_1": 0.0,
      "precision_at_1": 0.0,
      "mrr": 0.0,
      "resource_metrics": {
        "duration": 0.0,
        "cpu": {
          "avg": 17.9,
          "max": 17.9,
          "min": 17.9
        },
        "memory": {
          "avg_mb": 12108.203125,
          "max_mb": 12108.203125,
          "min_mb": 12108.203125
        },
        "disk": {
          "read_total_mb": 0.0,
          "write_total_mb": 0.0
        },
        "network": {
          "sent_total_mb": 0.0,
          "recv_total_mb": 0.0
        }
      }
    },
    {
      "top_k": 3,
      "num_queries": 10,
      "avg_latency_ms": 21.02036476135254,
      "p50_latency_ms": 11.174917221069336,
      "p95_latency_ms": 105.69477081298828,
      "p99_latency_ms": 105.69477081298828,
      "min_latency_ms": 10.02192497253418,
      "max_latency_ms": 105.69477081298828,
      "queries_per_second": 47.572913760210874,
      "avg_similarity": 0.6881672943333332,
      "avg_top1_similarity": 0.7316954950000001,
      "min_similarity": 0.6527654500000001,
      "recall_at_3": 0.0,
      "precision_at_3": 0.0,
      "mrr": 0.0,
      "resource_metrics": {
        "duration": 0.0,
        "cpu": {
          "avg": 16.9,
          "max": 16.9,
          "min": 16.9
        },
        "memory": {
          "avg_mb": 12096.90625,
          "max_mb": 12096.90625,
          "min_mb": 12096.90625
        },
        "disk": {
          "read_total_mb": 0.0,
          "write_total_mb": 0.0
        },
        "network": {
          "sent_total_mb": 0.0,
          "recv_total_mb": 0.0
        }
      }
    },
    {
      "top_k": 5,
      "num_queries": 10,
      "avg_latency_ms": 12.683773040771484,
      "p50_latency_ms": 12.79592514038086,
      "p95_latency_ms": 15.532970428466797,
      "p99_latency_ms": 15.532970428466797,
      "min_latency_ms": 10.049819946289062,
      "max_latency_ms": 15.532970428466797,
      "queries_per_second": 78.84089354055294,
      "avg_similarity": 0.6663784032,
      "avg_top1_similarity": 0.7316954950000001,
      "min_similarity": 0.624387176,
      "recall_at_5": 0.0,
      "precision_at_5": 0.0,
      "mrr": 0.0,
      "resource_metrics": {
        "duration": 0.0,
        "cpu": {
          "avg": 12.6,
          "max": 12.6,
          "min": 12.6
        },
        "memory": {
          "avg_mb": 11917.390625,
          "max_mb": 11917.390625,
          "min_mb": 11917.390625
        },
        "disk": {
          "read_total_mb": 0.0,
          "write_total_mb": 0.0
        },
        "network": {
          "sent_total_mb": 0.0,
          "recv_total_mb": 0.0
        }
      }
    },
    {
      "top_k": 10,
      "num_queries": 10,
      "avg_latency_ms": 12.401556968688965,
      "p50_latency_ms": 11.523723602294922,
      "p95_latency_ms": 16.716957092285156,
      "p99_latency_ms": 16.716957092285156,
      "min_latency_ms": 10.245084762573242,
      "max_latency_ms": 16.716957092285156,
      "queries_per_second": 80.63503659457973,
      "avg_similarity": 0.6292959034,
      "avg_top1_similarity": 0.7316954950000001,
      "min_similarity": 0.573929708,
      "recall_at_10": 0.0,
      "precision_at_10": 0.0,
      "mrr": 0.0,
      "resource_metrics": {
        "duration": 0.0,
        "cpu": {
          "avg": 13.3,
          "max": 13.3,
          "min": 13.3
        },
        "memory": {
          "avg_mb": 11990.953125,
          "max_mb": 11990.953125,
          "min_mb": 11990.953125
        },
        "disk": {
          "read_total_mb": 0.0,
          "write_total_mb": 0.0
        },
        "network": {
          "sent_total_mb": 0.0,
          "recv_total_mb": 0.0
        }
      }
    },
    {
      "top_k": 20,
      "num_queries": 10,
      "avg_latency_ms": 12.254071235656738,
      "p50_latency_ms": 11.935949325561523,
      "p95_latency_ms": 17.323970794677734,
      "p99_latency_ms": 17.323970794677734,
      "min_latency_ms": 9.985923767089844,
      "max_latency_ms": 17.323970794677734,
      "queries_per_second": 81.60553180809109,
      "avg_similarity": 0.5740238879499999,
      "avg_top1_similarity": 0.7316954950000001,
      "min_similarity": 0.493848167,
      "recall_at_20": 0.0,
      "precision_at_20": 0.0,
      "mrr": 0.0,
      "resource_metrics": {
        "duration": 0.0,
        "cpu": {
          "avg": 11.5,
          "max": 11.5,
          "min": 11.5
        },
        "memory": {
          "avg_mb": 11995.5625,
          "max_mb": 11995.5625,
          "min_mb": 11995.5625
        },
        "disk": {
          "read_total_mb": 0.0,
          "write_total_mb": 0.0
        },
        "network": {
          "sent_total_mb": 0.0,
          "recv_total_mb": 0.0
        }
      }
    }
  ]
}