{
  "database": "weaviate",
  "config": {
    "corpus_path": "Data/test_corpus/corpus_sizes/corpus_50k",
    "test_cases_path": "Data/test_corpus/test_cases.json",
    "output_dir": "results/weaviate_scaling_n10/corpus_50k/run_6",
    "weaviate_config": {
      "host": "localhost",
      "port": 8082,
      "class_name": "BenchmarkTest"
    },
    "embedding_model": "sentence-transformers/all-MiniLM-L6-v2",
    "embedding_type": "sentence-transformers",
    "chunk_size": 512,
    "chunk_overlap": 50,
    "chunk_strategy": "fixed",
    "top_k_values": [
      1,
      3,
      5,
      10,
      20
    ],
    "batch_size": 100
  },
  "timestamp": "2026-01-10 04:16:46",
  "ingestion": {
    "total_time_sec": 935.6170868873596,
    "num_documents": 1,
    "num_chunks": 345046,
    "parsing_time_sec": 0.6540689468383789,
    "embedding_time_sec": 808.9283609390259,
    "insertion_time_sec": 124.26486396789551
  },
  "query_results": [
    {
      "top_k": 1,
      "num_queries": 10,
      "avg_latency_ms": 86.84113025665283,
      "p50_latency_ms": 44.53730583190918,
      "p95_latency_ms": 534.1320037841797,
      "p99_latency_ms": 534.1320037841797,
      "min_latency_ms": 11.844873428344727,
      "max_latency_ms": 534.1320037841797,
      "queries_per_second": 11.515280801212175,
      "avg_similarity": 0.6609139680862427,
      "avg_top1_similarity": 0.6609139680862427,
      "min_similarity": 0.6609139680862427,
      "recall_at_1": 0.0,
      "precision_at_1": 0.0,
      "mrr": 0.0,
      "resource_metrics": {
        "duration": 0.5028378963470459,
        "cpu": {
          "avg": 47.2,
          "max": 52.4,
          "min": 42.0
        },
        "memory": {
          "avg_mb": 8510.453125,
          "max_mb": 9048.609375,
          "min_mb": 7972.296875
        },
        "disk": {
          "read_total_mb": 52.6484375,
          "write_total_mb": 52.34765625
        },
        "network": {
          "sent_total_mb": 0.0048828125,
          "recv_total_mb": 0.005859375
        }
      }
    },
    {
      "top_k": 3,
      "num_queries": 10,
      "avg_latency_ms": 20.64528465270996,
      "p50_latency_ms": 22.859811782836914,
      "p95_latency_ms": 32.23919868469238,
      "p99_latency_ms": 32.23919868469238,
      "min_latency_ms": 12.658834457397461,
      "max_latency_ms": 32.23919868469238,
      "queries_per_second": 48.43721056995632,
      "avg_similarity": 0.6381454348564147,
      "avg_top1_similarity": 0.6609139680862427,
      "min_similarity": 0.6174291849136353,
      "recall_at_3": 0.0,
      "precision_at_3": 0.0,
      "mrr": 0.0,
      "resource_metrics": {
        "duration": 0.0,
        "cpu": {
          "avg": 62.3,
          "max": 62.3,
          "min": 62.3
        },
        "memory": {
          "avg_mb": 9090.359375,
          "max_mb": 9090.359375,
          "min_mb": 9090.359375
        },
        "disk": {
          "read_total_mb": 0.0,
          "write_total_mb": 0.0
        },
        "network": {
          "sent_total_mb": 0.0,
          "recv_total_mb": 0.0
        }
      }
    },
    {
      "top_k": 5,
      "num_queries": 10,
      "avg_latency_ms": 15.079665184020996,
      "p50_latency_ms": 15.323877334594727,
      "p95_latency_ms": 19.079923629760742,
      "p99_latency_ms": 19.079923629760742,
      "min_latency_ms": 10.55598258972168,
      "max_latency_ms": 19.079923629760742,
      "queries_per_second": 66.31446970451566,
      "avg_similarity": 0.6227201437950134,
      "avg_top1_similarity": 0.6609139680862427,
      "min_similarity": 0.5959628105163575,
      "recall_at_5": 0.0,
      "precision_at_5": 0.0,
      "mrr": 0.0,
      "resource_metrics": {
        "duration": 0.0,
        "cpu": {
          "avg": 62.8,
          "max": 62.8,
          "min": 62.8
        },
        "memory": {
          "avg_mb": 9044.59375,
          "max_mb": 9044.59375,
          "min_mb": 9044.59375
        },
        "disk": {
          "read_total_mb": 0.0,
          "write_total_mb": 0.0
        },
        "network": {
          "sent_total_mb": 0.0,
          "recv_total_mb": 0.0
        }
      }
    },
    {
      "top_k": 10,
      "num_queries": 10,
      "avg_latency_ms": 18.198800086975098,
      "p50_latency_ms": 17.995119094848633,
      "p95_latency_ms": 28.265953063964844,
      "p99_latency_ms": 28.265953063964844,
      "min_latency_ms": 11.138200759887695,
      "max_latency_ms": 28.265953063964844,
      "queries_per_second": 54.9486776722,
      "avg_similarity": 0.5995995450019835,
      "avg_top1_similarity": 0.6609139680862427,
      "min_similarity": 0.5663065969944,
      "recall_at_10": 0.0,
      "precision_at_10": 0.0,
      "mrr": 0.0,
      "resource_metrics": {
        "duration": 0.0,
        "cpu": {
          "avg": 52.3,
          "max": 52.3,
          "min": 52.3
        },
        "memory": {
          "avg_mb": 8917.6875,
          "max_mb": 8917.6875,
          "min_mb": 8917.6875
        },
        "disk": {
          "read_total_mb": 0.875,
          "write_total_mb": 0.0
        },
        "network": {
          "sent_total_mb": 0.0,
          "recv_total_mb": 0.0
        }
      }
    },
    {
      "top_k": 20,
      "num_queries": 10,
      "avg_latency_ms": 21.284794807434082,
      "p50_latency_ms": 22.8271484375,
      "p95_latency_ms": 34.214019775390625,
      "p99_latency_ms": 34.214019775390625,
      "min_latency_ms": 13.316154479980469,
      "max_latency_ms": 34.214019775390625,
      "queries_per_second": 46.98189524715234,
      "avg_similarity": 0.5704183614253999,
      "avg_top1_similarity": 0.6609139680862427,
      "min_similarity": 0.5275188863277436,
      "recall_at_20": 0.0,
      "precision_at_20": 0.0,
      "mrr": 0.0,
      "resource_metrics": {
        "duration": 0.0,
        "cpu": {
          "avg": 58.7,
          "max": 58.7,
          "min": 58.7
        },
        "memory": {
          "avg_mb": 8974.265625,
          "max_mb": 8974.265625,
          "min_mb": 8974.265625
        },
        "disk": {
          "read_total_mb": 0.0,
          "write_total_mb": 0.0
        },
        "network": {
          "sent_total_mb": 0.0,
          "recv_total_mb": 0.0
        }
      }
    }
  ]
}