{
  "database": "chroma",
  "config": {
    "corpus_path": "Data/test_corpus/corpus_sizes/corpus_50k",
    "test_cases_path": "Data/test_corpus/test_cases.json",
    "output_dir": "results/chroma_scaling_n10/corpus_50k/run_10",
    "chroma_config": {
      "persist_directory": "./vector_stores/chroma_db",
      "collection_name": "benchmark_test"
    },
    "embedding_model": "sentence-transformers/all-MiniLM-L6-v2",
    "embedding_type": "sentence-transformers",
    "chunk_size": 512,
    "chunk_overlap": 50,
    "chunk_strategy": "fixed",
    "top_k_values": [
      1,
      3,
      5,
      10,
      20
    ],
    "batch_size": 100
  },
  "timestamp": "2026-01-22 15:46:56",
  "ingestion": {
    "total_time_sec": 1268.3212049007416,
    "num_documents": 1,
    "num_chunks": 345046,
    "parsing_time_sec": 0.6062362194061279,
    "embedding_time_sec": 801.7504682540894,
    "insertion_time_sec": 465.17404103279114
  },
  "query_results": [
    {
      "top_k": 1,
      "num_queries": 10,
      "avg_latency_ms": 43.88725757598877,
      "p50_latency_ms": 25.651931762695312,
      "p95_latency_ms": 260.2658271789551,
      "p99_latency_ms": 260.2658271789551,
      "min_latency_ms": 6.927967071533203,
      "max_latency_ms": 260.2658271789551,
      "queries_per_second": 22.785657050193805,
      "avg_similarity": 0.6609139084815979,
      "avg_top1_similarity": 0.6609139084815979,
      "min_similarity": 0.6609139084815979,
      "recall_at_1": 0.0,
      "precision_at_1": 0.0,
      "mrr": 0.0,
      "resource_metrics": {
        "duration": 0.0,
        "cpu": {
          "avg": 0.0,
          "max": 0.0,
          "min": 0.0
        },
        "memory": {
          "avg_mb": 7596.375,
          "max_mb": 7596.375,
          "min_mb": 7596.375
        },
        "disk": {
          "read_total_mb": 0.0,
          "write_total_mb": 0.0
        },
        "network": {
          "sent_total_mb": 0.0,
          "recv_total_mb": 0.0
        }
      }
    },
    {
      "top_k": 3,
      "num_queries": 10,
      "avg_latency_ms": 7.754039764404297,
      "p50_latency_ms": 7.673025131225586,
      "p95_latency_ms": 9.634017944335938,
      "p99_latency_ms": 9.634017944335938,
      "min_latency_ms": 6.654977798461914,
      "max_latency_ms": 9.634017944335938,
      "queries_per_second": 128.9650337609308,
      "avg_similarity": 0.6381454805533091,
      "avg_top1_similarity": 0.6609139084815979,
      "min_similarity": 0.617429256439209,
      "recall_at_3": 0.0,
      "precision_at_3": 0.0,
      "mrr": 0.0,
      "resource_metrics": {
        "duration": 0.0,
        "cpu": {
          "avg": 19.4,
          "max": 19.4,
          "min": 19.4
        },
        "memory": {
          "avg_mb": 8724.0,
          "max_mb": 8724.0,
          "min_mb": 8724.0
        },
        "disk": {
          "read_total_mb": 0.0,
          "write_total_mb": 0.0
        },
        "network": {
          "sent_total_mb": 0.0,
          "recv_total_mb": 0.0
        }
      }
    },
    {
      "top_k": 5,
      "num_queries": 10,
      "avg_latency_ms": 8.17720890045166,
      "p50_latency_ms": 7.834672927856445,
      "p95_latency_ms": 13.621807098388672,
      "p99_latency_ms": 13.621807098388672,
      "min_latency_ms": 6.376981735229492,
      "max_latency_ms": 13.621807098388672,
      "queries_per_second": 122.29111573079244,
      "avg_similarity": 0.6227201652526855,
      "avg_top1_similarity": 0.6609139084815979,
      "min_similarity": 0.5959628403186799,
      "recall_at_5": 0.0,
      "precision_at_5": 0.0,
      "mrr": 0.0,
      "resource_metrics": {
        "duration": 0.0,
        "cpu": {
          "avg": 11.9,
          "max": 11.9,
          "min": 11.9
        },
        "memory": {
          "avg_mb": 8616.578125,
          "max_mb": 8616.578125,
          "min_mb": 8616.578125
        },
        "disk": {
          "read_total_mb": 0.0,
          "write_total_mb": 0.0
        },
        "network": {
          "sent_total_mb": 0.0,
          "recv_total_mb": 0.0
        }
      }
    },
    {
      "top_k": 10,
      "num_queries": 10,
      "avg_latency_ms": 10.372161865234375,
      "p50_latency_ms": 8.548259735107422,
      "p95_latency_ms": 21.72112464904785,
      "p99_latency_ms": 21.72112464904785,
      "min_latency_ms": 7.313013076782227,
      "max_latency_ms": 21.72112464904785,
      "queries_per_second": 96.41191614564178,
      "avg_similarity": 0.599599574804306,
      "avg_top1_similarity": 0.6609139084815979,
      "min_similarity": 0.5663066267967224,
      "recall_at_10": 0.0,
      "precision_at_10": 0.0,
      "mrr": 0.0,
      "resource_metrics": {
        "duration": 0.0,
        "cpu": {
          "avg": 12.9,
          "max": 12.9,
          "min": 12.9
        },
        "memory": {
          "avg_mb": 8610.21875,
          "max_mb": 8610.21875,
          "min_mb": 8610.21875
        },
        "disk": {
          "read_total_mb": 0.0,
          "write_total_mb": 0.0
        },
        "network": {
          "sent_total_mb": 0.0,
          "recv_total_mb": 0.0
        }
      }
    },
    {
      "top_k": 20,
      "num_queries": 10,
      "avg_latency_ms": 9.386897087097168,
      "p50_latency_ms": 9.206056594848633,
      "p95_latency_ms": 15.763282775878906,
      "p99_latency_ms": 15.763282775878906,
      "min_latency_ms": 7.278203964233398,
      "max_latency_ms": 15.763282775878906,
      "queries_per_second": 106.53147581372312,
      "avg_similarity": 0.5704183888435364,
      "avg_top1_similarity": 0.6609139084815979,
      "min_similarity": 0.5275188446044922,
      "recall_at_20": 0.0,
      "precision_at_20": 0.0,
      "mrr": 0.0,
      "resource_metrics": {
        "duration": 0.0,
        "cpu": {
          "avg": 14.2,
          "max": 14.2,
          "min": 14.2
        },
        "memory": {
          "avg_mb": 8728.109375,
          "max_mb": 8728.109375,
          "min_mb": 8728.109375
        },
        "disk": {
          "read_total_mb": 0.0,
          "write_total_mb": 0.0
        },
        "network": {
          "sent_total_mb": 0.0,
          "recv_total_mb": 0.0
        }
      }
    }
  ]
}