{
  "database": "opensearch",
  "config": {
    "corpus_path": "Data/test_corpus/corpus_sizes/corpus_1k",
    "test_cases_path": "Data/test_corpus/test_cases.json",
    "output_dir": "results/opensearch_scaling_n10/corpus_1k/run_5",
    "opensearch_config": {
      "host": "localhost",
      "port": 9200,
      "index_name": "benchmark_test"
    },
    "embedding_model": "sentence-transformers/all-MiniLM-L6-v2",
    "embedding_type": "sentence-transformers",
    "chunk_size": 512,
    "chunk_overlap": 50,
    "chunk_strategy": "fixed",
    "top_k_values": [
      1,
      3,
      5,
      10,
      20
    ],
    "batch_size": 100
  },
  "timestamp": "2026-01-10 07:59:16",
  "ingestion": {
    "total_time_sec": 19.775118112564087,
    "num_documents": 1,
    "num_chunks": 5562,
    "parsing_time_sec": 0.007772207260131836,
    "embedding_time_sec": 13.582417011260986,
    "insertion_time_sec": 6.062376260757446
  },
  "query_results": [
    {
      "top_k": 1,
      "num_queries": 10,
      "avg_latency_ms": 29.964590072631836,
      "p50_latency_ms": 31.4178466796875,
      "p95_latency_ms": 72.01528549194336,
      "p99_latency_ms": 72.01528549194336,
      "min_latency_ms": 11.76905632019043,
      "max_latency_ms": 72.01528549194336,
      "queries_per_second": 33.37272419132309,
      "avg_similarity": 0.5281620380524102,
      "avg_top1_similarity": 0.5281620380524102,
      "min_similarity": 0.5281620380524102,
      "recall_at_1": 0.0,
      "precision_at_1": 0.0,
      "mrr": 0.0,
      "resource_metrics": {
        "duration": 0.0,
        "cpu": {
          "avg": 0.0,
          "max": 0.0,
          "min": 0.0
        },
        "memory": {
          "avg_mb": 10763.140625,
          "max_mb": 10763.140625,
          "min_mb": 10763.140625
        },
        "disk": {
          "read_total_mb": 0.0,
          "write_total_mb": 0.0
        },
        "network": {
          "sent_total_mb": 0.0,
          "recv_total_mb": 0.0
        }
      }
    },
    {
      "top_k": 3,
      "num_queries": 10,
      "avg_latency_ms": 14.356088638305664,
      "p50_latency_ms": 14.313220977783203,
      "p95_latency_ms": 20.037174224853516,
      "p99_latency_ms": 20.037174224853516,
      "min_latency_ms": 10.576009750366211,
      "max_latency_ms": 20.037174224853516,
      "queries_per_second": 69.65685606953888,
      "avg_similarity": 0.5003335785744996,
      "avg_top1_similarity": 0.5281620380524102,
      "min_similarity": 0.4769755785670771,
      "recall_at_3": 0.0,
      "precision_at_3": 0.0,
      "mrr": 0.0,
      "resource_metrics": {
        "duration": 0.0,
        "cpu": {
          "avg": 14.2,
          "max": 14.2,
          "min": 14.2
        },
        "memory": {
          "avg_mb": 11525.953125,
          "max_mb": 11525.953125,
          "min_mb": 11525.953125
        },
        "disk": {
          "read_total_mb": 0.0,
          "write_total_mb": 0.0
        },
        "network": {
          "sent_total_mb": 0.0,
          "recv_total_mb": 0.0
        }
      }
    },
    {
      "top_k": 5,
      "num_queries": 10,
      "avg_latency_ms": 14.03508186340332,
      "p50_latency_ms": 13.487100601196289,
      "p95_latency_ms": 23.074865341186523,
      "p99_latency_ms": 23.074865341186523,
      "min_latency_ms": 10.776281356811523,
      "max_latency_ms": 23.074865341186523,
      "queries_per_second": 71.25002972782899,
      "avg_similarity": 0.48294005260895656,
      "avg_top1_similarity": 0.5281620380524102,
      "min_similarity": 0.45247993988108204,
      "recall_at_5": 0.0,
      "precision_at_5": 0.0,
      "mrr": 0.0,
      "resource_metrics": {
        "duration": 0.0,
        "cpu": {
          "avg": 10.4,
          "max": 10.4,
          "min": 10.4
        },
        "memory": {
          "avg_mb": 11529.609375,
          "max_mb": 11529.609375,
          "min_mb": 11529.609375
        },
        "disk": {
          "read_total_mb": 0.0,
          "write_total_mb": 0.0
        },
        "network": {
          "sent_total_mb": 0.0,
          "recv_total_mb": 0.0
        }
      }
    },
    {
      "top_k": 10,
      "num_queries": 10,
      "avg_latency_ms": 15.615081787109375,
      "p50_latency_ms": 15.049934387207031,
      "p95_latency_ms": 25.269031524658203,
      "p99_latency_ms": 25.269031524658203,
      "min_latency_ms": 13.653993606567383,
      "max_latency_ms": 25.269031524658203,
      "queries_per_second": 64.04065080373285,
      "avg_similarity": 0.4581516809590983,
      "avg_top1_similarity": 0.5281620380524102,
      "min_similarity": 0.4219653128287223,
      "recall_at_10": 0.0,
      "precision_at_10": 0.0,
      "mrr": 0.0,
      "resource_metrics": {
        "duration": 0.0,
        "cpu": {
          "avg": 12.3,
          "max": 12.3,
          "min": 12.3
        },
        "memory": {
          "avg_mb": 11614.078125,
          "max_mb": 11614.078125,
          "min_mb": 11614.078125
        },
        "disk": {
          "read_total_mb": 0.0,
          "write_total_mb": 0.0
        },
        "network": {
          "sent_total_mb": 0.0,
          "recv_total_mb": 0.0
        }
      }
    },
    {
      "top_k": 20,
      "num_queries": 10,
      "avg_latency_ms": 19.270968437194824,
      "p50_latency_ms": 18.28789710998535,
      "p95_latency_ms": 25.98714828491211,
      "p99_latency_ms": 25.98714828491211,
      "min_latency_ms": 16.891956329345703,
      "max_latency_ms": 25.98714828491211,
      "queries_per_second": 51.891528091027524,
      "avg_similarity": 0.42762155499305193,
      "avg_top1_similarity": 0.5281620380524102,
      "min_similarity": 0.38250702953675664,
      "recall_at_20": 0.0,
      "precision_at_20": 0.0,
      "mrr": 0.0,
      "resource_metrics": {
        "duration": 0.0,
        "cpu": {
          "avg": 26.3,
          "max": 26.3,
          "min": 26.3
        },
        "memory": {
          "avg_mb": 11631.90625,
          "max_mb": 11631.90625,
          "min_mb": 11631.90625
        },
        "disk": {
          "read_total_mb": 0.0,
          "write_total_mb": 0.0
        },
        "network": {
          "sent_total_mb": 0.0,
          "recv_total_mb": 0.0
        }
      }
    }
  ]
}