{
  "database": "opensearch",
  "config": {
    "corpus_path": "Data/test_corpus/corpus_sizes/corpus_10k",
    "test_cases_path": "Data/test_corpus/test_cases.json",
    "output_dir": "results/opensearch_scaling_n10/corpus_10k/run_10",
    "opensearch_config": {
      "host": "localhost",
      "port": 9200,
      "index_name": "benchmark_test"
    },
    "embedding_model": "sentence-transformers/all-MiniLM-L6-v2",
    "embedding_type": "sentence-transformers",
    "chunk_size": 512,
    "chunk_overlap": 50,
    "chunk_strategy": "fixed",
    "top_k_values": [
      1,
      3,
      5,
      10,
      20
    ],
    "batch_size": 100
  },
  "timestamp": "2026-01-10 07:58:21",
  "ingestion": {
    "total_time_sec": 247.54530096054077,
    "num_documents": 1,
    "num_chunks": 69903,
    "parsing_time_sec": 0.1472761631011963,
    "embedding_time_sec": 170.6150758266449,
    "insertion_time_sec": 75.78958988189697
  },
  "query_results": [
    {
      "top_k": 1,
      "num_queries": 10,
      "avg_latency_ms": 59.66782569885254,
      "p50_latency_ms": 40.024757385253906,
      "p95_latency_ms": 319.87476348876953,
      "p99_latency_ms": 319.87476348876953,
      "min_latency_ms": 11.76905632019043,
      "max_latency_ms": 319.87476348876953,
      "queries_per_second": 16.759450981959123,
      "avg_similarity": 0.5972839416807366,
      "avg_top1_similarity": 0.5972839416807366,
      "min_similarity": 0.5972839416807366,
      "recall_at_1": 0.0,
      "precision_at_1": 0.0,
      "mrr": 0.0,
      "resource_metrics": {
        "duration": 0.5058178901672363,
        "cpu": {
          "avg": 23.6,
          "max": 27.2,
          "min": 20.0
        },
        "memory": {
          "avg_mb": 10242.03125,
          "max_mb": 10851.359375,
          "min_mb": 9632.703125
        },
        "disk": {
          "read_total_mb": 15.53515625,
          "write_total_mb": 1.1015625
        },
        "network": {
          "sent_total_mb": 0.0556640625,
          "recv_total_mb": 0.056640625
        }
      }
    },
    {
      "top_k": 3,
      "num_queries": 10,
      "avg_latency_ms": 14.498209953308105,
      "p50_latency_ms": 13.515949249267578,
      "p95_latency_ms": 19.081830978393555,
      "p99_latency_ms": 19.081830978393555,
      "min_latency_ms": 12.089014053344727,
      "max_latency_ms": 19.081830978393555,
      "queries_per_second": 68.97403218883767,
      "avg_similarity": 0.5706728865666808,
      "avg_top1_similarity": 0.5972839416807366,
      "min_similarity": 0.5505419497576528,
      "recall_at_3": 0.0,
      "precision_at_3": 0.0,
      "mrr": 0.0,
      "resource_metrics": {
        "duration": 0.0,
        "cpu": {
          "avg": 0.0,
          "max": 0.0,
          "min": 0.0
        },
        "memory": {
          "avg_mb": 10747.4375,
          "max_mb": 10747.4375,
          "min_mb": 10747.4375
        },
        "disk": {
          "read_total_mb": 0.0,
          "write_total_mb": 0.0
        },
        "network": {
          "sent_total_mb": 0.0009765625,
          "recv_total_mb": 0.0
        }
      }
    },
    {
      "top_k": 5,
      "num_queries": 10,
      "avg_latency_ms": 14.631032943725586,
      "p50_latency_ms": 13.832330703735352,
      "p95_latency_ms": 22.638797760009766,
      "p99_latency_ms": 22.638797760009766,
      "min_latency_ms": 12.12000846862793,
      "max_latency_ms": 22.638797760009766,
      "queries_per_second": 68.34787426466994,
      "avg_similarity": 0.5560519406742831,
      "avg_top1_similarity": 0.5972839416807366,
      "min_similarity": 0.5299822483351335,
      "recall_at_5": 0.0,
      "precision_at_5": 0.0,
      "mrr": 0.0,
      "resource_metrics": {
        "duration": 0.0,
        "cpu": {
          "avg": 19.1,
          "max": 19.1,
          "min": 19.1
        },
        "memory": {
          "avg_mb": 10739.515625,
          "max_mb": 10739.515625,
          "min_mb": 10739.515625
        },
        "disk": {
          "read_total_mb": 0.0,
          "write_total_mb": 0.0
        },
        "network": {
          "sent_total_mb": 0.0,
          "recv_total_mb": 0.0
        }
      }
    },
    {
      "top_k": 10,
      "num_queries": 10,
      "avg_latency_ms": 16.473054885864258,
      "p50_latency_ms": 16.11781120300293,
      "p95_latency_ms": 24.137020111083984,
      "p99_latency_ms": 24.137020111083984,
      "min_latency_ms": 12.414932250976562,
      "max_latency_ms": 24.137020111083984,
      "queries_per_second": 60.705194448062755,
      "avg_similarity": 0.53193146756994,
      "avg_top1_similarity": 0.5972839416807366,
      "min_similarity": 0.495618100346762,
      "recall_at_10": 0.0,
      "precision_at_10": 0.0,
      "mrr": 0.0,
      "resource_metrics": {
        "duration": 0.0,
        "cpu": {
          "avg": 19.5,
          "max": 19.5,
          "min": 19.5
        },
        "memory": {
          "avg_mb": 10768.40625,
          "max_mb": 10768.40625,
          "min_mb": 10768.40625
        },
        "disk": {
          "read_total_mb": 0.0,
          "write_total_mb": 0.0
        },
        "network": {
          "sent_total_mb": 0.0,
          "recv_total_mb": 0.0
        }
      }
    },
    {
      "top_k": 20,
      "num_queries": 10,
      "avg_latency_ms": 19.564366340637207,
      "p50_latency_ms": 18.51201057434082,
      "p95_latency_ms": 30.50398826599121,
      "p99_latency_ms": 30.50398826599121,
      "min_latency_ms": 16.122102737426758,
      "max_latency_ms": 30.50398826599121,
      "queries_per_second": 51.113334446355,
      "avg_similarity": 0.5037875649668875,
      "avg_top1_similarity": 0.5972839416807366,
      "min_similarity": 0.4634092017181498,
      "recall_at_20": 0.0,
      "precision_at_20": 0.0,
      "mrr": 0.0,
      "resource_metrics": {
        "duration": 0.0,
        "cpu": {
          "avg": 20.1,
          "max": 20.1,
          "min": 20.1
        },
        "memory": {
          "avg_mb": 10780.65625,
          "max_mb": 10780.65625,
          "min_mb": 10780.65625
        },
        "disk": {
          "read_total_mb": 0.0,
          "write_total_mb": 0.0
        },
        "network": {
          "sent_total_mb": 0.0,
          "recv_total_mb": 0.0
        }
      }
    }
  ]
}