{
  "database": "pgvector",
  "config": {
    "corpus_path": "Data/test_corpus/corpus_sizes/corpus_1k",
    "test_cases_path": "Data/test_corpus/test_cases.json",
    "output_dir": "results/pgvector_scaling_n10/corpus_1k/run_4",
    "pgvector_config": {
      "host": "localhost",
      "port": 5433,
      "database": "vectordb",
      "user": "postgres",
      "password": "postgres",
      "table_name": "benchmark_test",
      "index_type": "ivfflat"
    },
    "embedding_model": "sentence-transformers/all-MiniLM-L6-v2",
    "embedding_type": "sentence-transformers",
    "chunk_size": 512,
    "chunk_overlap": 50,
    "chunk_strategy": "fixed",
    "top_k_values": [
      1,
      3,
      5,
      10,
      20
    ],
    "batch_size": 100
  },
  "timestamp": "2026-01-10 08:27:38",
  "ingestion": {
    "total_time_sec": 16.230188131332397,
    "num_documents": 1,
    "num_chunks": 5562,
    "parsing_time_sec": 0.007215738296508789,
    "embedding_time_sec": 13.263559341430664,
    "insertion_time_sec": 2.754047155380249
  },
  "query_results": [
    {
      "top_k": 1,
      "num_queries": 10,
      "avg_latency_ms": 26.836776733398438,
      "p50_latency_ms": 28.760910034179688,
      "p95_latency_ms": 62.35194206237793,
      "p99_latency_ms": 62.35194206237793,
      "min_latency_ms": 10.637998580932617,
      "max_latency_ms": 62.35194206237793,
      "queries_per_second": 37.26229904336825,
      "avg_similarity": 0.528162035344304,
      "avg_top1_similarity": 0.528162035344304,
      "min_similarity": 0.528162035344304,
      "recall_at_1": 0.0,
      "precision_at_1": 0.0,
      "mrr": 0.0,
      "resource_metrics": {
        "duration": 0.0,
        "cpu": {
          "avg": 0.0,
          "max": 0.0,
          "min": 0.0
        },
        "memory": {
          "avg_mb": 11531.890625,
          "max_mb": 11531.890625,
          "min_mb": 11531.890625
        },
        "disk": {
          "read_total_mb": 0.0,
          "write_total_mb": 0.0
        },
        "network": {
          "sent_total_mb": 0.0,
          "recv_total_mb": 0.0
        }
      }
    },
    {
      "top_k": 3,
      "num_queries": 10,
      "avg_latency_ms": 11.311507225036621,
      "p50_latency_ms": 10.871171951293945,
      "p95_latency_ms": 17.951011657714844,
      "p99_latency_ms": 17.951011657714844,
      "min_latency_ms": 8.568048477172852,
      "max_latency_ms": 17.951011657714844,
      "queries_per_second": 88.40554844774566,
      "avg_similarity": 0.5003335539457303,
      "avg_top1_similarity": 0.528162035344304,
      "min_similarity": 0.4769755557293287,
      "recall_at_3": 0.0,
      "precision_at_3": 0.0,
      "mrr": 0.0,
      "resource_metrics": {
        "duration": 0.0,
        "cpu": {
          "avg": 13.3,
          "max": 13.3,
          "min": 13.3
        },
        "memory": {
          "avg_mb": 12131.40625,
          "max_mb": 12131.40625,
          "min_mb": 12131.40625
        },
        "disk": {
          "read_total_mb": 0.0,
          "write_total_mb": 0.0
        },
        "network": {
          "sent_total_mb": 0.0,
          "recv_total_mb": 0.0
        }
      }
    },
    {
      "top_k": 5,
      "num_queries": 10,
      "avg_latency_ms": 11.675572395324707,
      "p50_latency_ms": 10.490179061889648,
      "p95_latency_ms": 15.163898468017578,
      "p99_latency_ms": 15.163898468017578,
      "min_latency_ms": 9.640932083129883,
      "max_latency_ms": 15.163898468017578,
      "queries_per_second": 85.64890577873798,
      "avg_similarity": 0.4823250399646076,
      "avg_top1_similarity": 0.528162035344304,
      "min_similarity": 0.4517365350243633,
      "recall_at_5": 0.0,
      "precision_at_5": 0.0,
      "mrr": 0.0,
      "resource_metrics": {
        "duration": 0.0,
        "cpu": {
          "avg": 11.9,
          "max": 11.9,
          "min": 11.9
        },
        "memory": {
          "avg_mb": 12140.609375,
          "max_mb": 12140.609375,
          "min_mb": 12140.609375
        },
        "disk": {
          "read_total_mb": 0.4375,
          "write_total_mb": 0.4375
        },
        "network": {
          "sent_total_mb": 0.0,
          "recv_total_mb": 0.0
        }
      }
    },
    {
      "top_k": 10,
      "num_queries": 10,
      "avg_latency_ms": 11.475253105163574,
      "p50_latency_ms": 11.088848114013672,
      "p95_latency_ms": 15.325069427490234,
      "p99_latency_ms": 15.325069427490234,
      "min_latency_ms": 8.846759796142578,
      "max_latency_ms": 15.325069427490234,
      "queries_per_second": 87.14404735439128,
      "avg_similarity": 0.45761548722301376,
      "avg_top1_similarity": 0.528162035344304,
      "min_similarity": 0.4212050952242995,
      "recall_at_10": 0.0,
      "precision_at_10": 0.0,
      "mrr": 0.0,
      "resource_metrics": {
        "duration": 0.0,
        "cpu": {
          "avg": 11.2,
          "max": 11.2,
          "min": 11.2
        },
        "memory": {
          "avg_mb": 12005.984375,
          "max_mb": 12005.984375,
          "min_mb": 12005.984375
        },
        "disk": {
          "read_total_mb": 1.0,
          "write_total_mb": 1.0
        },
        "network": {
          "sent_total_mb": 0.0,
          "recv_total_mb": 0.0
        }
      }
    },
    {
      "top_k": 20,
      "num_queries": 10,
      "avg_latency_ms": 11.847972869873047,
      "p50_latency_ms": 11.182069778442383,
      "p95_latency_ms": 15.286922454833984,
      "p99_latency_ms": 15.286922454833984,
      "min_latency_ms": 9.737968444824219,
      "max_latency_ms": 15.286922454833984,
      "queries_per_second": 84.40262405924257,
      "avg_similarity": 0.42687163041745013,
      "avg_top1_similarity": 0.528162035344304,
      "min_similarity": 0.3813550332781258,
      "recall_at_20": 0.0,
      "precision_at_20": 0.0,
      "mrr": 0.0,
      "resource_metrics": {
        "duration": 0.0,
        "cpu": {
          "avg": 12.2,
          "max": 12.2,
          "min": 12.2
        },
        "memory": {
          "avg_mb": 11071.1875,
          "max_mb": 11071.1875,
          "min_mb": 11071.1875
        },
        "disk": {
          "read_total_mb": 0.0,
          "write_total_mb": 0.0
        },
        "network": {
          "sent_total_mb": 0.0,
          "recv_total_mb": 0.0
        }
      }
    }
  ]
}