{
  "database": "pgvector",
  "config": {
    "corpus_path": "Data/test_corpus/corpus_sizes/corpus_50k",
    "test_cases_path": "Data/test_corpus/test_cases.json",
    "output_dir": "results/pgvector_hnsw_scaling_n3/corpus_50k/run_2",
    "pgvector_config": {
      "host": "localhost",
      "port": 5433,
      "database": "vectordb",
      "user": "postgres",
      "password": "postgres",
      "table_name": "benchmark_test",
      "index_type": "hnsw"
    },
    "embedding_model": "sentence-transformers/all-MiniLM-L6-v2",
    "embedding_type": "sentence-transformers",
    "chunk_size": 512,
    "chunk_overlap": 50,
    "chunk_strategy": "fixed",
    "top_k_values": [
      1,
      3,
      5,
      10,
      20
    ],
    "batch_size": 100
  },
  "timestamp": "2026-01-05 15:28:03",
  "ingestion": {
    "total_time_sec": 1428.585355758667,
    "num_documents": 1,
    "num_chunks": 345046,
    "parsing_time_sec": 0.6318411827087402,
    "embedding_time_sec": 818.8782000541687,
    "insertion_time_sec": 605.0453441143036
  },
  "query_results": [
    {
      "top_k": 1,
      "num_queries": 10,
      "avg_latency_ms": 285.16829013824463,
      "p50_latency_ms": 42.1140193939209,
      "p95_latency_ms": 2561.3999366760254,
      "p99_latency_ms": 2561.3999366760254,
      "min_latency_ms": 11.955976486206055,
      "max_latency_ms": 2561.3999366760254,
      "queries_per_second": 3.5067012517949223,
      "avg_similarity": 0.66091389531386,
      "avg_top1_similarity": 0.66091389531386,
      "min_similarity": 0.66091389531386,
      "recall_at_1": 0.0,
      "precision_at_1": 0.0,
      "mrr": 0.0,
      "resource_metrics": {
        "duration": 2.518604040145874,
        "cpu": {
          "avg": 20.266666666666666,
          "max": 23.0,
          "min": 17.8
        },
        "memory": {
          "avg_mb": 9717.6875,
          "max_mb": 9912.703125,
          "min_mb": 9398.109375
        },
        "disk": {
          "read_total_mb": 1286.25390625,
          "write_total_mb": 357.59375
        },
        "network": {
          "sent_total_mb": 0.0498046875,
          "recv_total_mb": 0.0458984375
        }
      }
    },
    {
      "top_k": 3,
      "num_queries": 10,
      "avg_latency_ms": 10.74373722076416,
      "p50_latency_ms": 10.325908660888672,
      "p95_latency_ms": 13.515949249267578,
      "p99_latency_ms": 13.515949249267578,
      "min_latency_ms": 9.199857711791992,
      "max_latency_ms": 13.515949249267578,
      "queries_per_second": 93.07748127600554,
      "avg_similarity": 0.6381453653753935,
      "avg_top1_similarity": 0.66091389531386,
      "min_similarity": 0.617429116898659,
      "recall_at_3": 0.0,
      "precision_at_3": 0.0,
      "mrr": 0.0,
      "resource_metrics": {
        "duration": 0.0,
        "cpu": {
          "avg": 21.0,
          "max": 21.0,
          "min": 21.0
        },
        "memory": {
          "avg_mb": 9585.71875,
          "max_mb": 9585.71875,
          "min_mb": 9585.71875
        },
        "disk": {
          "read_total_mb": 0.0,
          "write_total_mb": 0.0
        },
        "network": {
          "sent_total_mb": 0.0,
          "recv_total_mb": 0.0
        }
      }
    },
    {
      "top_k": 5,
      "num_queries": 10,
      "avg_latency_ms": 10.433125495910645,
      "p50_latency_ms": 10.525226593017578,
      "p95_latency_ms": 12.293100357055664,
      "p99_latency_ms": 12.293100357055664,
      "min_latency_ms": 9.015083312988281,
      "max_latency_ms": 12.293100357055664,
      "queries_per_second": 95.84855472043913,
      "avg_similarity": 0.6227200671583266,
      "avg_top1_similarity": 0.66091389531386,
      "min_similarity": 0.5959627332723414,
      "recall_at_5": 0.0,
      "precision_at_5": 0.0,
      "mrr": 0.0,
      "resource_metrics": {
        "duration": 0.0,
        "cpu": {
          "avg": 17.0,
          "max": 17.0,
          "min": 17.0
        },
        "memory": {
          "avg_mb": 9444.59375,
          "max_mb": 9444.59375,
          "min_mb": 9444.59375
        },
        "disk": {
          "read_total_mb": 0.0,
          "write_total_mb": 0.0
        },
        "network": {
          "sent_total_mb": 0.0,
          "recv_total_mb": 0.0
        }
      }
    },
    {
      "top_k": 10,
      "num_queries": 10,
      "avg_latency_ms": 12.374162673950195,
      "p50_latency_ms": 12.490987777709961,
      "p95_latency_ms": 14.624834060668945,
      "p99_latency_ms": 14.624834060668945,
      "min_latency_ms": 10.09368896484375,
      "max_latency_ms": 14.624834060668945,
      "queries_per_second": 80.81354887189072,
      "avg_similarity": 0.5995994767417046,
      "avg_top1_similarity": 0.66091389531386,
      "min_similarity": 0.5663065761647823,
      "recall_at_10": 0.0,
      "precision_at_10": 0.0,
      "mrr": 0.0,
      "resource_metrics": {
        "duration": 0.0,
        "cpu": {
          "avg": 13.4,
          "max": 13.4,
          "min": 13.4
        },
        "memory": {
          "avg_mb": 9385.796875,
          "max_mb": 9385.796875,
          "min_mb": 9385.796875
        },
        "disk": {
          "read_total_mb": 0.0,
          "write_total_mb": 0.0
        },
        "network": {
          "sent_total_mb": 0.0,
          "recv_total_mb": 0.0
        }
      }
    },
    {
      "top_k": 20,
      "num_queries": 10,
      "avg_latency_ms": 13.135790824890137,
      "p50_latency_ms": 12.888908386230469,
      "p95_latency_ms": 15.965938568115234,
      "p99_latency_ms": 15.965938568115234,
      "min_latency_ms": 11.039018630981445,
      "max_latency_ms": 15.965938568115234,
      "queries_per_second": 76.12788703251627,
      "avg_similarity": 0.5702460435151667,
      "avg_top1_similarity": 0.66091389531386,
      "min_similarity": 0.5267550454041288,
      "recall_at_20": 0.0,
      "precision_at_20": 0.0,
      "mrr": 0.0,
      "resource_metrics": {
        "duration": 0.0,
        "cpu": {
          "avg": 12.8,
          "max": 12.8,
          "min": 12.8
        },
        "memory": {
          "avg_mb": 9365.046875,
          "max_mb": 9365.046875,
          "min_mb": 9365.046875
        },
        "disk": {
          "read_total_mb": 0.0,
          "write_total_mb": 0.0
        },
        "network": {
          "sent_total_mb": 0.0,
          "recv_total_mb": 0.0
        }
      }
    }
  ]
}