{
  "database": "milvus",
  "config": {
    "corpus_path": "Data/test_corpus/documents",
    "test_cases_path": "Data/test_corpus/test_cases.json",
    "output_dir": "results/milvus_scaling_n10/corpus_baseline/run_6",
    "milvus_config": {
      "host": "localhost",
      "port": 19530,
      "collection_name": "benchmark_test"
    },
    "embedding_model": "sentence-transformers/all-MiniLM-L6-v2",
    "embedding_type": "sentence-transformers",
    "chunk_size": 512,
    "chunk_overlap": 50,
    "chunk_strategy": "fixed",
    "top_k_values": [
      1,
      3,
      5,
      10,
      20
    ],
    "batch_size": 100
  },
  "timestamp": "2026-01-10 07:27:20",
  "ingestion": {
    "total_time_sec": 6.603129148483276,
    "num_documents": 20,
    "num_chunks": 175,
    "parsing_time_sec": 0.00039196014404296875,
    "embedding_time_sec": 0.31067585945129395,
    "insertion_time_sec": 5.915630102157593
  },
  "query_results": [
    {
      "top_k": 1,
      "num_queries": 10,
      "avg_latency_ms": 26.082444190979004,
      "p50_latency_ms": 28.072834014892578,
      "p95_latency_ms": 59.639930725097656,
      "p99_latency_ms": 59.639930725097656,
      "min_latency_ms": 10.080337524414062,
      "max_latency_ms": 59.639930725097656,
      "queries_per_second": 38.33996509981471,
      "avg_similarity": 0.7316954731941223,
      "avg_top1_similarity": 0.7316954731941223,
      "min_similarity": 0.7316954731941223,
      "recall_at_1": 0.0,
      "precision_at_1": 0.0,
      "mrr": 0.0,
      "resource_metrics": {
        "duration": 0.0,
        "cpu": {
          "avg": 9.1,
          "max": 9.1,
          "min": 9.1
        },
        "memory": {
          "avg_mb": 11243.65625,
          "max_mb": 11243.65625,
          "min_mb": 11243.65625
        },
        "disk": {
          "read_total_mb": 0.0,
          "write_total_mb": 0.0
        },
        "network": {
          "sent_total_mb": 0.0,
          "recv_total_mb": 0.0
        }
      }
    },
    {
      "top_k": 3,
      "num_queries": 10,
      "avg_latency_ms": 11.089444160461426,
      "p50_latency_ms": 10.157108306884766,
      "p95_latency_ms": 16.48712158203125,
      "p99_latency_ms": 16.48712158203125,
      "min_latency_ms": 8.891105651855469,
      "max_latency_ms": 16.48712158203125,
      "queries_per_second": 90.17584520290245,
      "avg_similarity": 0.6881673038005829,
      "avg_top1_similarity": 0.7316954731941223,
      "min_similarity": 0.6527654767036438,
      "recall_at_3": 0.0,
      "precision_at_3": 0.0,
      "mrr": 0.0,
      "resource_metrics": {
        "duration": 0.0,
        "cpu": {
          "avg": 18.2,
          "max": 18.2,
          "min": 18.2
        },
        "memory": {
          "avg_mb": 11827.46875,
          "max_mb": 11827.46875,
          "min_mb": 11827.46875
        },
        "disk": {
          "read_total_mb": 0.0,
          "write_total_mb": 0.0
        },
        "network": {
          "sent_total_mb": 0.0,
          "recv_total_mb": 0.0
        }
      }
    },
    {
      "top_k": 5,
      "num_queries": 10,
      "avg_latency_ms": 12.226510047912598,
      "p50_latency_ms": 12.02702522277832,
      "p95_latency_ms": 16.448974609375,
      "p99_latency_ms": 16.448974609375,
      "min_latency_ms": 9.911775588989258,
      "max_latency_ms": 16.448974609375,
      "queries_per_second": 81.78948825799456,
      "avg_similarity": 0.6663784158229829,
      "avg_top1_similarity": 0.7316954731941223,
      "min_similarity": 0.6243872046470642,
      "recall_at_5": 0.0,
      "precision_at_5": 0.0,
      "mrr": 0.0,
      "resource_metrics": {
        "duration": 0.0,
        "cpu": {
          "avg": 12.2,
          "max": 12.2,
          "min": 12.2
        },
        "memory": {
          "avg_mb": 11839.53125,
          "max_mb": 11839.53125,
          "min_mb": 11839.53125
        },
        "disk": {
          "read_total_mb": 0.0,
          "write_total_mb": 0.0
        },
        "network": {
          "sent_total_mb": 0.0,
          "recv_total_mb": 0.0
        }
      }
    },
    {
      "top_k": 10,
      "num_queries": 10,
      "avg_latency_ms": 9.815740585327148,
      "p50_latency_ms": 9.716987609863281,
      "p95_latency_ms": 12.691974639892578,
      "p99_latency_ms": 12.691974639892578,
      "min_latency_ms": 8.200883865356445,
      "max_latency_ms": 12.691974639892578,
      "queries_per_second": 101.87718301101282,
      "avg_similarity": 0.6292959207296371,
      "avg_top1_similarity": 0.7316954731941223,
      "min_similarity": 0.573929738998413,
      "recall_at_10": 0.0,
      "precision_at_10": 0.0,
      "mrr": 0.0,
      "resource_metrics": {
        "duration": 0.0,
        "cpu": {
          "avg": 11.8,
          "max": 11.8,
          "min": 11.8
        },
        "memory": {
          "avg_mb": 11840.453125,
          "max_mb": 11840.453125,
          "min_mb": 11840.453125
        },
        "disk": {
          "read_total_mb": 0.0,
          "write_total_mb": 0.0
        },
        "network": {
          "sent_total_mb": 0.0,
          "recv_total_mb": 0.0
        }
      }
    },
    {
      "top_k": 20,
      "num_queries": 10,
      "avg_latency_ms": 11.728715896606445,
      "p50_latency_ms": 11.389017105102539,
      "p95_latency_ms": 16.324996948242188,
      "p99_latency_ms": 16.324996948242188,
      "min_latency_ms": 9.592056274414062,
      "max_latency_ms": 16.324996948242188,
      "queries_per_second": 85.26082555118734,
      "avg_similarity": 0.5740239070355893,
      "avg_top1_similarity": 0.7316954731941223,
      "min_similarity": 0.49384818971157074,
      "recall_at_20": 0.0,
      "precision_at_20": 0.0,
      "mrr": 0.0,
      "resource_metrics": {
        "duration": 0.0,
        "cpu": {
          "avg": 11.2,
          "max": 11.2,
          "min": 11.2
        },
        "memory": {
          "avg_mb": 11915.734375,
          "max_mb": 11915.734375,
          "min_mb": 11915.734375
        },
        "disk": {
          "read_total_mb": 0.0,
          "write_total_mb": 0.0
        },
        "network": {
          "sent_total_mb": 0.0,
          "recv_total_mb": 0.0
        }
      }
    }
  ]
}