{
  "database": "faiss",
  "config": {
    "corpus_path": "Data/test_corpus/corpus_sizes/corpus_250k",
    "test_cases_path": "Data/test_corpus/test_cases.json",
    "output_dir": "results/faiss_scaling_n10/corpus_250k/run_7",
    "faiss_config": {
      "index_path": "./vector_stores/faiss_index.index",
      "index_type": "Flat"
    },
    "embedding_model": "sentence-transformers/all-MiniLM-L6-v2",
    "embedding_type": "sentence-transformers",
    "chunk_size": 512,
    "chunk_overlap": 50,
    "chunk_strategy": "fixed",
    "top_k_values": [
      1,
      3,
      5,
      10,
      20
    ],
    "batch_size": 100
  },
  "timestamp": "2026-01-08 12:10:47",
  "ingestion": {
    "total_time_sec": 4138.763942241669,
    "num_documents": 1,
    "num_chunks": 1775361,
    "parsing_time_sec": 2.4501900672912598,
    "embedding_time_sec": 4124.326725959778,
    "insertion_time_sec": 4.369534969329834
  },
  "query_results": [
    {
      "top_k": 1,
      "num_queries": 10,
      "avg_latency_ms": 170.11051177978516,
      "p50_latency_ms": 77.30889320373535,
      "p95_latency_ms": 1082.6852321624756,
      "p99_latency_ms": 1082.6852321624756,
      "min_latency_ms": 48.21920394897461,
      "max_latency_ms": 1082.6852321624756,
      "queries_per_second": 5.878531488368807,
      "avg_similarity": 0.6081104737846019,
      "avg_top1_similarity": 0.6081104737846019,
      "min_similarity": 0.6081104737846019,
      "recall_at_1": 0.0,
      "precision_at_1": 0.0,
      "mrr": 0.0,
      "resource_metrics": {
        "duration": 1.512566089630127,
        "cpu": {
          "avg": 18.05,
          "max": 28.3,
          "min": 0.0
        },
        "memory": {
          "avg_mb": 9753.359375,
          "max_mb": 10820.25,
          "min_mb": 8686.46875
        },
        "disk": {
          "read_total_mb": 179.59375,
          "write_total_mb": 0.609375
        },
        "network": {
          "sent_total_mb": 0.0107421875,
          "recv_total_mb": 0.01171875
        }
      }
    },
    {
      "top_k": 3,
      "num_queries": 10,
      "avg_latency_ms": 50.49233436584473,
      "p50_latency_ms": 48.861026763916016,
      "p95_latency_ms": 68.27998161315918,
      "p99_latency_ms": 68.27998161315918,
      "min_latency_ms": 46.42605781555176,
      "max_latency_ms": 68.27998161315918,
      "queries_per_second": 19.80498649071065,
      "avg_similarity": 0.5952397436535154,
      "avg_top1_similarity": 0.6081104737846019,
      "min_similarity": 0.5847209357153125,
      "recall_at_3": 0.0,
      "precision_at_3": 0.0,
      "mrr": 0.0,
      "resource_metrics": {
        "duration": 0.0,
        "cpu": {
          "avg": 14.1,
          "max": 14.1,
          "min": 14.1
        },
        "memory": {
          "avg_mb": 11071.40625,
          "max_mb": 11071.40625,
          "min_mb": 11071.40625
        },
        "disk": {
          "read_total_mb": 0.1875,
          "write_total_mb": 0.0
        },
        "network": {
          "sent_total_mb": 0.0,
          "recv_total_mb": 0.0
        }
      }
    },
    {
      "top_k": 5,
      "num_queries": 10,
      "avg_latency_ms": 48.7483024597168,
      "p50_latency_ms": 48.55084419250488,
      "p95_latency_ms": 50.67086219787598,
      "p99_latency_ms": 50.67086219787598,
      "min_latency_ms": 47.0120906829834,
      "max_latency_ms": 50.67086219787598,
      "queries_per_second": 20.51353482157355,
      "avg_similarity": 0.5875998204291968,
      "avg_top1_similarity": 0.6081104737846019,
      "min_similarity": 0.5742864525719634,
      "recall_at_5": 0.0,
      "precision_at_5": 0.0,
      "mrr": 0.0,
      "resource_metrics": {
        "duration": 0.0,
        "cpu": {
          "avg": 15.6,
          "max": 15.6,
          "min": 15.6
        },
        "memory": {
          "avg_mb": 10883.4375,
          "max_mb": 10883.4375,
          "min_mb": 10883.4375
        },
        "disk": {
          "read_total_mb": 0.0,
          "write_total_mb": 0.0
        },
        "network": {
          "sent_total_mb": 0.0,
          "recv_total_mb": 0.0
        }
      }
    },
    {
      "top_k": 10,
      "num_queries": 10,
      "avg_latency_ms": 49.187636375427246,
      "p50_latency_ms": 49.143075942993164,
      "p95_latency_ms": 50.148963928222656,
      "p99_latency_ms": 50.148963928222656,
      "min_latency_ms": 48.3551025390625,
      "max_latency_ms": 50.148963928222656,
      "queries_per_second": 20.330312120864008,
      "avg_similarity": 0.574710645832064,
      "avg_top1_similarity": 0.6081104737846019,
      "min_similarity": 0.5554166887164811,
      "recall_at_10": 0.0,
      "precision_at_10": 0.0,
      "mrr": 0.0,
      "resource_metrics": {
        "duration": 0.0,
        "cpu": {
          "avg": 17.7,
          "max": 17.7,
          "min": 17.7
        },
        "memory": {
          "avg_mb": 10937.140625,
          "max_mb": 10937.140625,
          "min_mb": 10937.140625
        },
        "disk": {
          "read_total_mb": 0.0,
          "write_total_mb": 0.0
        },
        "network": {
          "sent_total_mb": 0.0,
          "recv_total_mb": 0.0
        }
      }
    },
    {
      "top_k": 20,
      "num_queries": 10,
      "avg_latency_ms": 50.620484352111816,
      "p50_latency_ms": 49.77297782897949,
      "p95_latency_ms": 56.2281608581543,
      "p99_latency_ms": 56.2281608581543,
      "min_latency_ms": 48.357248306274414,
      "max_latency_ms": 56.2281608581543,
      "queries_per_second": 19.754848512394396,
      "avg_similarity": 0.5591137853012855,
      "avg_top1_similarity": 0.6081104737846019,
      "min_similarity": 0.5355763691815586,
      "recall_at_20": 0.0,
      "precision_at_20": 0.0,
      "mrr": 0.0,
      "resource_metrics": {
        "duration": 0.5058197975158691,
        "cpu": {
          "avg": 22.799999999999997,
          "max": 26.4,
          "min": 19.2
        },
        "memory": {
          "avg_mb": 11007.5,
          "max_mb": 11063.34375,
          "min_mb": 10951.65625
        },
        "disk": {
          "read_total_mb": 90.01953125,
          "write_total_mb": 0.125
        },
        "network": {
          "sent_total_mb": 0.001953125,
          "recv_total_mb": 0.0029296875
        }
      }
    }
  ]
}