{
  "database": "weaviate",
  "config": {
    "corpus_path": "Data/test_corpus/corpus_sizes/corpus_10k",
    "test_cases_path": "Data/test_corpus/test_cases.json",
    "output_dir": "results/weaviate_scaling_n10/corpus_10k/run_4",
    "weaviate_config": {
      "host": "localhost",
      "port": 8082,
      "class_name": "BenchmarkTest"
    },
    "embedding_model": "sentence-transformers/all-MiniLM-L6-v2",
    "embedding_type": "sentence-transformers",
    "chunk_size": 512,
    "chunk_overlap": 50,
    "chunk_strategy": "fixed",
    "top_k_values": [
      1,
      3,
      5,
      10,
      20
    ],
    "batch_size": 100
  },
  "timestamp": "2026-01-10 03:06:47",
  "ingestion": {
    "total_time_sec": 187.44085597991943,
    "num_documents": 1,
    "num_chunks": 69903,
    "parsing_time_sec": 0.17032599449157715,
    "embedding_time_sec": 170.51768493652344,
    "insertion_time_sec": 16.441632986068726
  },
  "query_results": [
    {
      "top_k": 1,
      "num_queries": 10,
      "avg_latency_ms": 46.642351150512695,
      "p50_latency_ms": 33.00976753234863,
      "p95_latency_ms": 234.1139316558838,
      "p99_latency_ms": 234.1139316558838,
      "min_latency_ms": 9.135246276855469,
      "max_latency_ms": 234.1139316558838,
      "queries_per_second": 21.43974253727147,
      "avg_similarity": 0.5972839415073394,
      "avg_top1_similarity": 0.5972839415073394,
      "min_similarity": 0.5972839415073394,
      "recall_at_1": 0.0,
      "precision_at_1": 0.0,
      "mrr": 0.0,
      "resource_metrics": {
        "duration": 0.0,
        "cpu": {
          "avg": 0.0,
          "max": 0.0,
          "min": 0.0
        },
        "memory": {
          "avg_mb": 9033.15625,
          "max_mb": 9033.15625,
          "min_mb": 9033.15625
        },
        "disk": {
          "read_total_mb": 0.0625,
          "write_total_mb": 0.0
        },
        "network": {
          "sent_total_mb": 0.0,
          "recv_total_mb": 0.0
        }
      }
    },
    {
      "top_k": 3,
      "num_queries": 10,
      "avg_latency_ms": 9.87083911895752,
      "p50_latency_ms": 9.12618637084961,
      "p95_latency_ms": 16.511917114257812,
      "p99_latency_ms": 16.511917114257812,
      "min_latency_ms": 7.77125358581543,
      "max_latency_ms": 16.511917114257812,
      "queries_per_second": 101.30850963617084,
      "avg_similarity": 0.5706729133923848,
      "avg_top1_similarity": 0.5972839415073394,
      "min_similarity": 0.5505420148372651,
      "recall_at_3": 0.0,
      "precision_at_3": 0.0,
      "mrr": 0.0,
      "resource_metrics": {
        "duration": 0.0,
        "cpu": {
          "avg": 24.8,
          "max": 24.8,
          "min": 24.8
        },
        "memory": {
          "avg_mb": 9839.1875,
          "max_mb": 9839.1875,
          "min_mb": 9839.1875
        },
        "disk": {
          "read_total_mb": 0.0,
          "write_total_mb": 0.0
        },
        "network": {
          "sent_total_mb": 0.0,
          "recv_total_mb": 0.0
        }
      }
    },
    {
      "top_k": 5,
      "num_queries": 10,
      "avg_latency_ms": 12.251734733581543,
      "p50_latency_ms": 11.790990829467773,
      "p95_latency_ms": 15.069961547851562,
      "p99_latency_ms": 15.069961547851562,
      "min_latency_ms": 9.608983993530273,
      "max_latency_ms": 15.069961547851562,
      "queries_per_second": 81.62109462417904,
      "avg_similarity": 0.5560519528388976,
      "avg_top1_similarity": 0.5972839415073394,
      "min_similarity": 0.5299822449684143,
      "recall_at_5": 0.0,
      "precision_at_5": 0.0,
      "mrr": 0.0,
      "resource_metrics": {
        "duration": 0.0,
        "cpu": {
          "avg": 0.0,
          "max": 0.0,
          "min": 0.0
        },
        "memory": {
          "avg_mb": 9817.109375,
          "max_mb": 9817.109375,
          "min_mb": 9817.109375
        },
        "disk": {
          "read_total_mb": 0.0,
          "write_total_mb": 0.0
        },
        "network": {
          "sent_total_mb": 0.0,
          "recv_total_mb": 0.0
        }
      }
    },
    {
      "top_k": 10,
      "num_queries": 10,
      "avg_latency_ms": 12.381505966186523,
      "p50_latency_ms": 12.627840042114258,
      "p95_latency_ms": 15.020132064819336,
      "p99_latency_ms": 15.020132064819336,
      "min_latency_ms": 10.242938995361328,
      "max_latency_ms": 15.020132064819336,
      "queries_per_second": 80.7656195240681,
      "avg_similarity": 0.5319314944744111,
      "avg_top1_similarity": 0.5972839415073394,
      "min_similarity": 0.4956180989742279,
      "recall_at_10": 0.0,
      "precision_at_10": 0.0,
      "mrr": 0.0,
      "resource_metrics": {
        "duration": 0.0,
        "cpu": {
          "avg": 11.2,
          "max": 11.2,
          "min": 11.2
        },
        "memory": {
          "avg_mb": 9895.078125,
          "max_mb": 9895.078125,
          "min_mb": 9895.078125
        },
        "disk": {
          "read_total_mb": 0.0,
          "write_total_mb": 0.0
        },
        "network": {
          "sent_total_mb": 0.0,
          "recv_total_mb": 0.0
        }
      }
    },
    {
      "top_k": 20,
      "num_queries": 10,
      "avg_latency_ms": 13.768839836120605,
      "p50_latency_ms": 13.625860214233398,
      "p95_latency_ms": 17.51089096069336,
      "p99_latency_ms": 17.51089096069336,
      "min_latency_ms": 11.260986328125,
      "max_latency_ms": 17.51089096069336,
      "queries_per_second": 72.62776035615153,
      "avg_similarity": 0.5037875854969024,
      "avg_top1_similarity": 0.5972839415073394,
      "min_similarity": 0.4634092628955841,
      "recall_at_20": 0.0,
      "precision_at_20": 0.0,
      "mrr": 0.0,
      "resource_metrics": {
        "duration": 0.0,
        "cpu": {
          "avg": 13.3,
          "max": 13.3,
          "min": 13.3
        },
        "memory": {
          "avg_mb": 9937.03125,
          "max_mb": 9937.03125,
          "min_mb": 9937.03125
        },
        "disk": {
          "read_total_mb": 0.0,
          "write_total_mb": 0.0
        },
        "network": {
          "sent_total_mb": 0.0,
          "recv_total_mb": 0.0
        }
      }
    }
  ]
}