{
  "database": "milvus",
  "config": {
    "corpus_path": "Data/test_corpus/corpus_sizes/corpus_10k",
    "test_cases_path": "Data/test_corpus/test_cases.json",
    "output_dir": "results/milvus_scaling_n3/corpus_10k/run_2",
    "milvus_config": {
      "host": "localhost",
      "port": 19530,
      "collection_name": "benchmark_test"
    },
    "embedding_model": "sentence-transformers/all-MiniLM-L6-v2",
    "embedding_type": "sentence-transformers",
    "chunk_size": 512,
    "chunk_overlap": 50,
    "chunk_strategy": "fixed",
    "top_k_values": [
      1,
      3,
      5,
      10,
      20
    ],
    "batch_size": 100
  },
  "timestamp": "2025-12-22 15:46:38",
  "ingestion": {
    "total_time_sec": 523.2851707935333,
    "num_documents": 1,
    "num_chunks": 69903,
    "parsing_time_sec": 0.2617769241333008,
    "embedding_time_sec": 475.60469603538513,
    "insertion_time_sec": 43.69820284843445
  },
  "query_results": [
    {
      "top_k": 1,
      "num_queries": 10,
      "avg_latency_ms": 2436.5492820739746,
      "p50_latency_ms": 147.4599838256836,
      "p95_latency_ms": 21821.64192199707,
      "p99_latency_ms": 21821.64192199707,
      "min_latency_ms": 92.18597412109375,
      "max_latency_ms": 21821.64192199707,
      "queries_per_second": 0.4104164883333723,
      "avg_similarity": 0.597283911705017,
      "avg_top1_similarity": 0.597283911705017,
      "min_similarity": 0.597283911705017,
      "recall_at_1": 0.0,
      "precision_at_1": 0.0,
      "mrr": 0.0,
      "resource_metrics": {
        "duration": 23.94874405860901,
        "cpu": {
          "avg": 21.61276595744681,
          "max": 50.0,
          "min": 0.0
        },
        "memory": {
          "avg_mb": 14402.048204787234,
          "max_mb": 17217.3125,
          "min_mb": 12013.25
        },
        "disk": {
          "read_total_mb": 8123.29296875,
          "write_total_mb": 8151.0
        },
        "network": {
          "sent_total_mb": 0.087890625,
          "recv_total_mb": 0.07421875
        }
      }
    },
    {
      "top_k": 3,
      "num_queries": 10,
      "avg_latency_ms": 50.389957427978516,
      "p50_latency_ms": 47.16897010803223,
      "p95_latency_ms": 98.92392158508301,
      "p99_latency_ms": 98.92392158508301,
      "min_latency_ms": 23.99277687072754,
      "max_latency_ms": 98.92392158508301,
      "queries_per_second": 19.845224148666578,
      "avg_similarity": 0.5706728716691334,
      "avg_top1_similarity": 0.597283911705017,
      "min_similarity": 0.5505419582128525,
      "recall_at_3": 0.0,
      "precision_at_3": 0.0,
      "mrr": 0.0,
      "resource_metrics": {
        "duration": 0.5017869472503662,
        "cpu": {
          "avg": 11.05,
          "max": 22.1,
          "min": 0.0
        },
        "memory": {
          "avg_mb": 16844.875,
          "max_mb": 17397.890625,
          "min_mb": 16291.859375
        },
        "disk": {
          "read_total_mb": 121.6328125,
          "write_total_mb": 0.578125
        },
        "network": {
          "sent_total_mb": 0.025390625,
          "recv_total_mb": 0.025390625
        }
      }
    },
    {
      "top_k": 5,
      "num_queries": 10,
      "avg_latency_ms": 22.000408172607422,
      "p50_latency_ms": 17.74311065673828,
      "p95_latency_ms": 39.643049240112305,
      "p99_latency_ms": 39.643049240112305,
      "min_latency_ms": 13.023138046264648,
      "max_latency_ms": 39.643049240112305,
      "queries_per_second": 45.45370213835824,
      "avg_similarity": 0.556051908135414,
      "avg_top1_similarity": 0.597283911705017,
      "min_similarity": 0.5299822092056274,
      "recall_at_5": 0.0,
      "precision_at_5": 0.0,
      "mrr": 0.0,
      "resource_metrics": {
        "duration": 0.0,
        "cpu": {
          "avg": 0.0,
          "max": 0.0,
          "min": 0.0
        },
        "memory": {
          "avg_mb": 15838.640625,
          "max_mb": 15838.640625,
          "min_mb": 15838.640625
        },
        "disk": {
          "read_total_mb": 1.21875,
          "write_total_mb": 0.0
        },
        "network": {
          "sent_total_mb": 0.0,
          "recv_total_mb": 0.0
        }
      }
    },
    {
      "top_k": 10,
      "num_queries": 10,
      "avg_latency_ms": 30.441761016845703,
      "p50_latency_ms": 31.19206428527832,
      "p95_latency_ms": 57.96098709106445,
      "p99_latency_ms": 57.96098709106445,
      "min_latency_ms": 12.160062789916992,
      "max_latency_ms": 57.96098709106445,
      "queries_per_second": 32.84961075171128,
      "avg_similarity": 0.5319314530491829,
      "avg_top1_similarity": 0.597283911705017,
      "min_similarity": 0.49561808705329896,
      "recall_at_10": 0.0,
      "precision_at_10": 0.0,
      "mrr": 0.0,
      "resource_metrics": {
        "duration": 0.0,
        "cpu": {
          "avg": 26.7,
          "max": 26.7,
          "min": 26.7
        },
        "memory": {
          "avg_mb": 15162.015625,
          "max_mb": 15162.015625,
          "min_mb": 15162.015625
        },
        "disk": {
          "read_total_mb": 0.34375,
          "write_total_mb": 0.25
        },
        "network": {
          "sent_total_mb": 0.0,
          "recv_total_mb": 0.0
        }
      }
    },
    {
      "top_k": 20,
      "num_queries": 10,
      "avg_latency_ms": 29.01747226715088,
      "p50_latency_ms": 28.610944747924805,
      "p95_latency_ms": 51.38111114501953,
      "p99_latency_ms": 51.38111114501953,
      "min_latency_ms": 16.986846923828125,
      "max_latency_ms": 51.38111114501953,
      "queries_per_second": 34.46199554507876,
      "avg_similarity": 0.5037875387072563,
      "avg_top1_similarity": 0.597283911705017,
      "min_similarity": 0.46340918242931367,
      "recall_at_20": 0.0,
      "precision_at_20": 0.0,
      "mrr": 0.0,
      "resource_metrics": {
        "duration": 0.0,
        "cpu": {
          "avg": 19.0,
          "max": 19.0,
          "min": 19.0
        },
        "memory": {
          "avg_mb": 15401.34375,
          "max_mb": 15401.34375,
          "min_mb": 15401.34375
        },
        "disk": {
          "read_total_mb": 0.1875,
          "write_total_mb": 0.0
        },
        "network": {
          "sent_total_mb": 0.0,
          "recv_total_mb": 0.0
        }
      }
    }
  ]
}