{
  "database": "qdrant",
  "config": {
    "corpus_path": "Data/test_corpus/documents",
    "test_cases_path": "Data/test_corpus/test_cases.json",
    "output_dir": "results/qdrant_scaling_n10/corpus_baseline/run_4",
    "qdrant_config": {
      "host": "localhost",
      "port": 6333,
      "collection_name": "benchmark_test"
    },
    "embedding_model": "sentence-transformers/all-MiniLM-L6-v2",
    "embedding_type": "sentence-transformers",
    "chunk_size": 512,
    "chunk_overlap": 50,
    "chunk_strategy": "fixed",
    "top_k_values": [
      1,
      3,
      5,
      10,
      20
    ],
    "batch_size": 100
  },
  "timestamp": "2026-01-10 03:02:43",
  "ingestion": {
    "total_time_sec": 0.5094277858734131,
    "num_documents": 20,
    "num_chunks": 175,
    "parsing_time_sec": 0.00014400482177734375,
    "embedding_time_sec": 0.29488110542297363,
    "insertion_time_sec": 0.040969133377075195
  },
  "query_results": [
    {
      "top_k": 1,
      "num_queries": 10,
      "avg_latency_ms": 24.92825984954834,
      "p50_latency_ms": 28.16009521484375,
      "p95_latency_ms": 51.06091499328613,
      "p99_latency_ms": 51.06091499328613,
      "min_latency_ms": 8.401870727539062,
      "max_latency_ms": 51.06091499328613,
      "queries_per_second": 40.11511457419754,
      "avg_similarity": 0.7316954950000001,
      "avg_top1_similarity": 0.7316954950000001,
      "min_similarity": 0.7316954950000001,
      "recall_at_1": 0.0,
      "precision_at_1": 0.0,
      "mrr": 0.0,
      "resource_metrics": {
        "duration": 0.0,
        "cpu": {
          "avg": 24.5,
          "max": 24.5,
          "min": 24.5
        },
        "memory": {
          "avg_mb": 10238.65625,
          "max_mb": 10238.65625,
          "min_mb": 10238.65625
        },
        "disk": {
          "read_total_mb": 0.0,
          "write_total_mb": 0.0
        },
        "network": {
          "sent_total_mb": 0.0,
          "recv_total_mb": 0.0
        }
      }
    },
    {
      "top_k": 3,
      "num_queries": 10,
      "avg_latency_ms": 21.135306358337402,
      "p50_latency_ms": 11.718034744262695,
      "p95_latency_ms": 105.51977157592773,
      "p99_latency_ms": 105.51977157592773,
      "min_latency_ms": 10.288000106811523,
      "max_latency_ms": 105.51977157592773,
      "queries_per_second": 47.31419469609545,
      "avg_similarity": 0.6881672943333332,
      "avg_top1_similarity": 0.7316954950000001,
      "min_similarity": 0.6527654500000001,
      "recall_at_3": 0.0,
      "precision_at_3": 0.0,
      "mrr": 0.0,
      "resource_metrics": {
        "duration": 0.0,
        "cpu": {
          "avg": 21.3,
          "max": 21.3,
          "min": 21.3
        },
        "memory": {
          "avg_mb": 10289.984375,
          "max_mb": 10289.984375,
          "min_mb": 10289.984375
        },
        "disk": {
          "read_total_mb": 0.0,
          "write_total_mb": 0.0
        },
        "network": {
          "sent_total_mb": 0.0,
          "recv_total_mb": 0.0
        }
      }
    },
    {
      "top_k": 5,
      "num_queries": 10,
      "avg_latency_ms": 9.939384460449219,
      "p50_latency_ms": 9.598016738891602,
      "p95_latency_ms": 13.560771942138672,
      "p99_latency_ms": 13.560771942138672,
      "min_latency_ms": 8.42595100402832,
      "max_latency_ms": 13.560771942138672,
      "queries_per_second": 100.60985204659285,
      "avg_similarity": 0.6663784032,
      "avg_top1_similarity": 0.7316954950000001,
      "min_similarity": 0.624387176,
      "recall_at_5": 0.0,
      "precision_at_5": 0.0,
      "mrr": 0.0,
      "resource_metrics": {
        "duration": 0.0,
        "cpu": {
          "avg": 22.2,
          "max": 22.2,
          "min": 22.2
        },
        "memory": {
          "avg_mb": 10307.265625,
          "max_mb": 10307.265625,
          "min_mb": 10307.265625
        },
        "disk": {
          "read_total_mb": 0.0,
          "write_total_mb": 0.0
        },
        "network": {
          "sent_total_mb": 0.0,
          "recv_total_mb": 0.0
        }
      }
    },
    {
      "top_k": 10,
      "num_queries": 10,
      "avg_latency_ms": 12.445259094238281,
      "p50_latency_ms": 12.029886245727539,
      "p95_latency_ms": 16.776084899902344,
      "p99_latency_ms": 16.776084899902344,
      "min_latency_ms": 10.43701171875,
      "max_latency_ms": 16.776084899902344,
      "queries_per_second": 80.35188278747567,
      "avg_similarity": 0.6292959034,
      "avg_top1_similarity": 0.7316954950000001,
      "min_similarity": 0.573929708,
      "recall_at_10": 0.0,
      "precision_at_10": 0.0,
      "mrr": 0.0,
      "resource_metrics": {
        "duration": 0.0,
        "cpu": {
          "avg": 11.9,
          "max": 11.9,
          "min": 11.9
        },
        "memory": {
          "avg_mb": 10317.1875,
          "max_mb": 10317.1875,
          "min_mb": 10317.1875
        },
        "disk": {
          "read_total_mb": 0.0,
          "write_total_mb": 0.0
        },
        "network": {
          "sent_total_mb": 0.0,
          "recv_total_mb": 0.0
        }
      }
    },
    {
      "top_k": 20,
      "num_queries": 10,
      "avg_latency_ms": 12.349534034729004,
      "p50_latency_ms": 12.063980102539062,
      "p95_latency_ms": 16.404151916503906,
      "p99_latency_ms": 16.404151916503906,
      "min_latency_ms": 10.54692268371582,
      "max_latency_ms": 16.404151916503906,
      "queries_per_second": 80.97471509352732,
      "avg_similarity": 0.5740238879499999,
      "avg_top1_similarity": 0.7316954950000001,
      "min_similarity": 0.493848167,
      "recall_at_20": 0.0,
      "precision_at_20": 0.0,
      "mrr": 0.0,
      "resource_metrics": {
        "duration": 0.0,
        "cpu": {
          "avg": 11.9,
          "max": 11.9,
          "min": 11.9
        },
        "memory": {
          "avg_mb": 10318.109375,
          "max_mb": 10318.109375,
          "min_mb": 10318.109375
        },
        "disk": {
          "read_total_mb": 0.0,
          "write_total_mb": 0.0
        },
        "network": {
          "sent_total_mb": 0.0,
          "recv_total_mb": 0.0
        }
      }
    }
  ]
}