{
  "database": "faiss",
  "config": {
    "corpus_path": "Data/test_corpus/documents",
    "test_cases_path": "Data/test_corpus/test_cases.json",
    "output_dir": "results/faiss_scaling_n10/corpus_baseline/run_7",
    "faiss_config": {
      "index_path": "./vector_stores/faiss_index.index",
      "index_type": "Flat"
    },
    "embedding_model": "sentence-transformers/all-MiniLM-L6-v2",
    "embedding_type": "sentence-transformers",
    "chunk_size": 512,
    "chunk_overlap": 50,
    "chunk_strategy": "fixed",
    "top_k_values": [
      1,
      3,
      5,
      10,
      20
    ],
    "batch_size": 100
  },
  "timestamp": "2026-01-09 04:17:05",
  "ingestion": {
    "total_time_sec": 0.503180980682373,
    "num_documents": 20,
    "num_chunks": 175,
    "parsing_time_sec": 0.0001690387725830078,
    "embedding_time_sec": 0.29094409942626953,
    "insertion_time_sec": 0.00014519691467285156
  },
  "query_results": [
    {
      "top_k": 1,
      "num_queries": 10,
      "avg_latency_ms": 20.68500518798828,
      "p50_latency_ms": 21.620988845825195,
      "p95_latency_ms": 56.81180953979492,
      "p99_latency_ms": 56.81180953979492,
      "min_latency_ms": 4.757881164550781,
      "max_latency_ms": 56.81180953979492,
      "queries_per_second": 48.34419865558926,
      "avg_similarity": 0.6558685830481964,
      "avg_top1_similarity": 0.6558685830481964,
      "min_similarity": 0.6558685830481964,
      "recall_at_1": 0.0,
      "precision_at_1": 0.0,
      "mrr": 0.0,
      "resource_metrics": {
        "duration": 0.0,
        "cpu": {
          "avg": 8.1,
          "max": 8.1,
          "min": 8.1
        },
        "memory": {
          "avg_mb": 9438.75,
          "max_mb": 9438.75,
          "min_mb": 9438.75
        },
        "disk": {
          "read_total_mb": 0.0,
          "write_total_mb": 0.0
        },
        "network": {
          "sent_total_mb": 0.0,
          "recv_total_mb": 0.0
        }
      }
    },
    {
      "top_k": 3,
      "num_queries": 10,
      "avg_latency_ms": 9.561657905578613,
      "p50_latency_ms": 9.697914123535156,
      "p95_latency_ms": 14.179229736328125,
      "p99_latency_ms": 14.179229736328125,
      "min_latency_ms": 7.269144058227539,
      "max_latency_ms": 14.179229736328125,
      "queries_per_second": 104.58437332468925,
      "avg_similarity": 0.6207565974181617,
      "avg_top1_similarity": 0.6558685830481964,
      "min_similarity": 0.5930177544379064,
      "recall_at_3": 0.0,
      "precision_at_3": 0.0,
      "mrr": 0.0,
      "resource_metrics": {
        "duration": 0.0,
        "cpu": {
          "avg": 9.6,
          "max": 9.6,
          "min": 9.6
        },
        "memory": {
          "avg_mb": 9403.078125,
          "max_mb": 9403.078125,
          "min_mb": 9403.078125
        },
        "disk": {
          "read_total_mb": 0.0,
          "write_total_mb": 0.0
        },
        "network": {
          "sent_total_mb": 0.0,
          "recv_total_mb": 0.0
        }
      }
    },
    {
      "top_k": 5,
      "num_queries": 10,
      "avg_latency_ms": 9.311366081237793,
      "p50_latency_ms": 9.047985076904297,
      "p95_latency_ms": 12.981891632080078,
      "p99_latency_ms": 12.981891632080078,
      "min_latency_ms": 7.55000114440918,
      "max_latency_ms": 12.981891632080078,
      "queries_per_second": 107.39562715883108,
      "avg_similarity": 0.6046052149619034,
      "avg_top1_similarity": 0.6558685830481964,
      "min_similarity": 0.574238389256997,
      "recall_at_5": 0.0,
      "precision_at_5": 0.0,
      "mrr": 0.0,
      "resource_metrics": {
        "duration": 0.0,
        "cpu": {
          "avg": 5.9,
          "max": 5.9,
          "min": 5.9
        },
        "memory": {
          "avg_mb": 9402.484375,
          "max_mb": 9402.484375,
          "min_mb": 9402.484375
        },
        "disk": {
          "read_total_mb": 0.0,
          "write_total_mb": 0.0
        },
        "network": {
          "sent_total_mb": 0.0,
          "recv_total_mb": 0.0
        }
      }
    },
    {
      "top_k": 10,
      "num_queries": 10,
      "avg_latency_ms": 9.647965431213379,
      "p50_latency_ms": 9.341955184936523,
      "p95_latency_ms": 13.508796691894531,
      "p99_latency_ms": 13.508796691894531,
      "min_latency_ms": 7.130146026611328,
      "max_latency_ms": 13.508796691894531,
      "queries_per_second": 103.64879591761087,
      "avg_similarity": 0.5790956195186044,
      "avg_top1_similarity": 0.6558685830481964,
      "min_similarity": 0.5425923134499462,
      "recall_at_10": 0.0,
      "precision_at_10": 0.0,
      "mrr": 0.0,
      "resource_metrics": {
        "duration": 0.0,
        "cpu": {
          "avg": 6.4,
          "max": 6.4,
          "min": 6.4
        },
        "memory": {
          "avg_mb": 9367.953125,
          "max_mb": 9367.953125,
          "min_mb": 9367.953125
        },
        "disk": {
          "read_total_mb": 0.0,
          "write_total_mb": 0.0
        },
        "network": {
          "sent_total_mb": 0.0,
          "recv_total_mb": 0.0
        }
      }
    },
    {
      "top_k": 20,
      "num_queries": 10,
      "avg_latency_ms": 7.797694206237793,
      "p50_latency_ms": 6.934881210327148,
      "p95_latency_ms": 13.740777969360352,
      "p99_latency_ms": 13.740777969360352,
      "min_latency_ms": 5.857944488525391,
      "max_latency_ms": 13.740777969360352,
      "queries_per_second": 128.24303871778486,
      "avg_similarity": 0.5453628752030946,
      "avg_top1_similarity": 0.6558685830481964,
      "min_similarity": 0.4985174671610725,
      "recall_at_20": 0.0,
      "precision_at_20": 0.0,
      "mrr": 0.0,
      "resource_metrics": {
        "duration": 0.0,
        "cpu": {
          "avg": 13.9,
          "max": 13.9,
          "min": 13.9
        },
        "memory": {
          "avg_mb": 9533.703125,
          "max_mb": 9533.703125,
          "min_mb": 9533.703125
        },
        "disk": {
          "read_total_mb": 0.0,
          "write_total_mb": 0.0
        },
        "network": {
          "sent_total_mb": 0.0,
          "recv_total_mb": 0.0
        }
      }
    }
  ]
}