{
  "database": "milvus",
  "config": {
    "corpus_path": "Data/test_corpus/corpus_sizes/corpus_50k",
    "test_cases_path": "Data/test_corpus/test_cases.json",
    "output_dir": "results/milvus_scaling_n10/corpus_50k/run_7",
    "milvus_config": {
      "host": "localhost",
      "port": 19530,
      "collection_name": "benchmark_test"
    },
    "embedding_model": "sentence-transformers/all-MiniLM-L6-v2",
    "embedding_type": "sentence-transformers",
    "chunk_size": 512,
    "chunk_overlap": 50,
    "chunk_strategy": "fixed",
    "top_k_values": [
      1,
      3,
      5,
      10,
      20
    ],
    "batch_size": 100
  },
  "timestamp": "2026-01-10 06:44:00",
  "ingestion": {
    "total_time_sec": 839.0668840408325,
    "num_documents": 1,
    "num_chunks": 345046,
    "parsing_time_sec": 0.6746878623962402,
    "embedding_time_sec": 808.216066122055,
    "insertion_time_sec": 28.261500120162964
  },
  "query_results": [
    {
      "top_k": 1,
      "num_queries": 10,
      "avg_latency_ms": 96.54562473297119,
      "p50_latency_ms": 54.45718765258789,
      "p95_latency_ms": 512.7789974212646,
      "p99_latency_ms": 512.7789974212646,
      "min_latency_ms": 19.884824752807617,
      "max_latency_ms": 512.7789974212646,
      "queries_per_second": 10.357797184137866,
      "avg_similarity": 0.6609138965606689,
      "avg_top1_similarity": 0.6609138965606689,
      "min_similarity": 0.6609138965606689,
      "recall_at_1": 0.0,
      "precision_at_1": 0.0,
      "mrr": 0.0,
      "resource_metrics": {
        "duration": 0.5016927719116211,
        "cpu": {
          "avg": 34.8,
          "max": 51.3,
          "min": 18.3
        },
        "memory": {
          "avg_mb": 8613.1015625,
          "max_mb": 9114.453125,
          "min_mb": 8111.75
        },
        "disk": {
          "read_total_mb": 190.80078125,
          "write_total_mb": 523.44921875
        },
        "network": {
          "sent_total_mb": 0.0283203125,
          "recv_total_mb": 0.025390625
        }
      }
    },
    {
      "top_k": 3,
      "num_queries": 10,
      "avg_latency_ms": 16.315889358520508,
      "p50_latency_ms": 17.252206802368164,
      "p95_latency_ms": 21.676063537597656,
      "p99_latency_ms": 21.676063537597656,
      "min_latency_ms": 12.640237808227539,
      "max_latency_ms": 21.676063537597656,
      "queries_per_second": 61.28994736519088,
      "avg_similarity": 0.6381453613440196,
      "avg_top1_similarity": 0.6609138965606689,
      "min_similarity": 0.6174291014671326,
      "recall_at_3": 0.0,
      "precision_at_3": 0.0,
      "mrr": 0.0,
      "resource_metrics": {
        "duration": 0.0,
        "cpu": {
          "avg": 53.6,
          "max": 53.6,
          "min": 53.6
        },
        "memory": {
          "avg_mb": 8933.65625,
          "max_mb": 8933.65625,
          "min_mb": 8933.65625
        },
        "disk": {
          "read_total_mb": 0.0,
          "write_total_mb": 1.875
        },
        "network": {
          "sent_total_mb": 0.0,
          "recv_total_mb": 0.0
        }
      }
    },
    {
      "top_k": 5,
      "num_queries": 10,
      "avg_latency_ms": 13.232707977294922,
      "p50_latency_ms": 12.78376579284668,
      "p95_latency_ms": 17.28081703186035,
      "p99_latency_ms": 17.28081703186035,
      "min_latency_ms": 10.218143463134766,
      "max_latency_ms": 17.28081703186035,
      "queries_per_second": 75.57032179020575,
      "avg_similarity": 0.6227200627326965,
      "avg_top1_similarity": 0.6609138965606689,
      "min_similarity": 0.5959627389907837,
      "recall_at_5": 0.0,
      "precision_at_5": 0.0,
      "mrr": 0.0,
      "resource_metrics": {
        "duration": 0.0,
        "cpu": {
          "avg": 60.5,
          "max": 60.5,
          "min": 60.5
        },
        "memory": {
          "avg_mb": 8933.96875,
          "max_mb": 8933.96875,
          "min_mb": 8933.96875
        },
        "disk": {
          "read_total_mb": 0.25,
          "write_total_mb": 0.0
        },
        "network": {
          "sent_total_mb": 0.0,
          "recv_total_mb": 0.0
        }
      }
    },
    {
      "top_k": 10,
      "num_queries": 10,
      "avg_latency_ms": 12.73353099822998,
      "p50_latency_ms": 12.495994567871094,
      "p95_latency_ms": 20.122051239013672,
      "p99_latency_ms": 20.122051239013672,
      "min_latency_ms": 10.024309158325195,
      "max_latency_ms": 20.122051239013672,
      "queries_per_second": 78.53281231568876,
      "avg_similarity": 0.5995994764566421,
      "avg_top1_similarity": 0.6609138965606689,
      "min_similarity": 0.5663065493106842,
      "recall_at_10": 0.0,
      "precision_at_10": 0.0,
      "mrr": 0.0,
      "resource_metrics": {
        "duration": 0.0,
        "cpu": {
          "avg": 19.3,
          "max": 19.3,
          "min": 19.3
        },
        "memory": {
          "avg_mb": 8952.359375,
          "max_mb": 8952.359375,
          "min_mb": 8952.359375
        },
        "disk": {
          "read_total_mb": 0.0625,
          "write_total_mb": 0.0
        },
        "network": {
          "sent_total_mb": 0.0,
          "recv_total_mb": 0.0
        }
      }
    },
    {
      "top_k": 20,
      "num_queries": 10,
      "avg_latency_ms": 13.067436218261719,
      "p50_latency_ms": 12.425899505615234,
      "p95_latency_ms": 21.530866622924805,
      "p99_latency_ms": 21.530866622924805,
      "min_latency_ms": 9.886026382446289,
      "max_latency_ms": 21.530866622924805,
      "queries_per_second": 76.52610529695961,
      "avg_similarity": 0.5703478009998798,
      "avg_top1_similarity": 0.6609138965606689,
      "min_similarity": 0.5275020241737366,
      "recall_at_20": 0.0,
      "precision_at_20": 0.0,
      "mrr": 0.0,
      "resource_metrics": {
        "duration": 0.0,
        "cpu": {
          "avg": 41.2,
          "max": 41.2,
          "min": 41.2
        },
        "memory": {
          "avg_mb": 9116.140625,
          "max_mb": 9116.140625,
          "min_mb": 9116.140625
        },
        "disk": {
          "read_total_mb": 0.3125,
          "write_total_mb": 4.375
        },
        "network": {
          "sent_total_mb": 0.0,
          "recv_total_mb": 0.0
        }
      }
    }
  ]
}