{
  "database": "qdrant",
  "config": {
    "corpus_path": "Data/test_corpus/corpus_sizes/corpus_50k",
    "test_cases_path": "Data/test_corpus/test_cases.json",
    "output_dir": "results/qdrant_scaling_n3/corpus_50k/run_2",
    "qdrant_config": {
      "host": "localhost",
      "port": 6333,
      "collection_name": "benchmark_test"
    },
    "embedding_model": "sentence-transformers/all-MiniLM-L6-v2",
    "embedding_type": "sentence-transformers",
    "chunk_size": 512,
    "chunk_overlap": 50,
    "chunk_strategy": "fixed",
    "top_k_values": [
      1,
      3,
      5,
      10,
      20
    ],
    "batch_size": 100
  },
  "timestamp": "2025-12-22 17:18:10",
  "ingestion": {
    "total_time_sec": 3032.749621152878,
    "num_documents": 1,
    "num_chunks": 345046,
    "parsing_time_sec": 0.8407800197601318,
    "embedding_time_sec": 2902.6598670482635,
    "insertion_time_sec": 123.52973890304565
  },
  "query_results": [
    {
      "top_k": 1,
      "num_queries": 10,
      "avg_latency_ms": 692.4809455871582,
      "p50_latency_ms": 133.90016555786133,
      "p95_latency_ms": 5695.653915405273,
      "p99_latency_ms": 5695.653915405273,
      "min_latency_ms": 109.21573638916016,
      "max_latency_ms": 5695.653915405273,
      "queries_per_second": 1.4440830558190951,
      "avg_similarity": 0.660913883,
      "avg_top1_similarity": 0.660913883,
      "min_similarity": 0.660913883,
      "recall_at_1": 0.0,
      "precision_at_1": 0.0,
      "mrr": 0.0,
      "resource_metrics": {
        "duration": 6.6022789478302,
        "cpu": {
          "avg": 18.914285714285715,
          "max": 29.7,
          "min": 0.0
        },
        "memory": {
          "avg_mb": 12920.135044642857,
          "max_mb": 13246.25,
          "min_mb": 12121.484375
        },
        "disk": {
          "read_total_mb": 2191.109375,
          "write_total_mb": 1206.92578125
        },
        "network": {
          "sent_total_mb": 0.0771484375,
          "recv_total_mb": 0.07421875
        }
      }
    },
    {
      "top_k": 3,
      "num_queries": 10,
      "avg_latency_ms": 30.857229232788086,
      "p50_latency_ms": 20.987749099731445,
      "p95_latency_ms": 99.97415542602539,
      "p99_latency_ms": 99.97415542602539,
      "min_latency_ms": 8.980989456176758,
      "max_latency_ms": 99.97415542602539,
      "queries_per_second": 32.40731669249895,
      "avg_similarity": 0.6381453456666666,
      "avg_top1_similarity": 0.660913883,
      "min_similarity": 0.617429094,
      "recall_at_3": 0.0,
      "precision_at_3": 0.0,
      "mrr": 0.0,
      "resource_metrics": {
        "duration": 0.0,
        "cpu": {
          "avg": 17.0,
          "max": 17.0,
          "min": 17.0
        },
        "memory": {
          "avg_mb": 12996.515625,
          "max_mb": 12996.515625,
          "min_mb": 12996.515625
        },
        "disk": {
          "read_total_mb": 0.0625,
          "write_total_mb": 0.0
        },
        "network": {
          "sent_total_mb": 0.0,
          "recv_total_mb": 0.0
        }
      }
    },
    {
      "top_k": 5,
      "num_queries": 10,
      "avg_latency_ms": 22.799205780029297,
      "p50_latency_ms": 26.36098861694336,
      "p95_latency_ms": 46.00811004638672,
      "p99_latency_ms": 46.00811004638672,
      "min_latency_ms": 10.19430160522461,
      "max_latency_ms": 46.00811004638672,
      "queries_per_second": 43.86117699222394,
      "avg_similarity": 0.6227200552000001,
      "avg_top1_similarity": 0.660913883,
      "min_similarity": 0.595962745,
      "recall_at_5": 0.0,
      "precision_at_5": 0.0,
      "mrr": 0.0,
      "resource_metrics": {
        "duration": 0.0,
        "cpu": {
          "avg": 15.7,
          "max": 15.7,
          "min": 15.7
        },
        "memory": {
          "avg_mb": 13026.953125,
          "max_mb": 13026.953125,
          "min_mb": 13026.953125
        },
        "disk": {
          "read_total_mb": 0.046875,
          "write_total_mb": 0.0
        },
        "network": {
          "sent_total_mb": 0.0,
          "recv_total_mb": 0.0
        }
      }
    },
    {
      "top_k": 10,
      "num_queries": 10,
      "avg_latency_ms": 27.031397819519043,
      "p50_latency_ms": 22.82881736755371,
      "p95_latency_ms": 63.53902816772461,
      "p99_latency_ms": 63.53902816772461,
      "min_latency_ms": 10.430097579956055,
      "max_latency_ms": 63.53902816772461,
      "queries_per_second": 36.994017352588116,
      "avg_similarity": 0.5995994688,
      "avg_top1_similarity": 0.660913883,
      "min_similarity": 0.5663065460000001,
      "recall_at_10": 0.0,
      "precision_at_10": 0.0,
      "mrr": 0.0,
      "resource_metrics": {
        "duration": 0.0,
        "cpu": {
          "avg": 18.6,
          "max": 18.6,
          "min": 18.6
        },
        "memory": {
          "avg_mb": 12955.859375,
          "max_mb": 12955.859375,
          "min_mb": 12955.859375
        },
        "disk": {
          "read_total_mb": 0.203125,
          "write_total_mb": 0.125
        },
        "network": {
          "sent_total_mb": 0.0,
          "recv_total_mb": 0.0
        }
      }
    },
    {
      "top_k": 20,
      "num_queries": 10,
      "avg_latency_ms": 34.26864147186279,
      "p50_latency_ms": 43.49112510681152,
      "p95_latency_ms": 64.72492218017578,
      "p99_latency_ms": 64.72492218017578,
      "min_latency_ms": 9.067058563232422,
      "max_latency_ms": 64.72492218017578,
      "queries_per_second": 29.181197650367242,
      "avg_similarity": 0.5704182843,
      "avg_top1_similarity": 0.660913883,
      "min_similarity": 0.527518775,
      "recall_at_20": 0.0,
      "precision_at_20": 0.0,
      "mrr": 0.0,
      "resource_metrics": {
        "duration": 0.0,
        "cpu": {
          "avg": 15.9,
          "max": 15.9,
          "min": 15.9
        },
        "memory": {
          "avg_mb": 13014.78125,
          "max_mb": 13014.78125,
          "min_mb": 13014.78125
        },
        "disk": {
          "read_total_mb": 0.0,
          "write_total_mb": 0.0
        },
        "network": {
          "sent_total_mb": 0.0,
          "recv_total_mb": 0.0
        }
      }
    }
  ]
}