{
  "database": "faiss",
  "config": {
    "corpus_path": "Data/test_corpus/corpus_sizes/corpus_250k",
    "test_cases_path": "Data/test_corpus/test_cases.json",
    "output_dir": "results/faiss_scaling_experiment/corpus_250k",
    "faiss_config": {
      "index_path": "./vector_stores/faiss_index.index",
      "index_type": "Flat"
    },
    "embedding_model": "sentence-transformers/all-MiniLM-L6-v2",
    "embedding_type": "sentence-transformers",
    "chunk_size": 512,
    "chunk_overlap": 50,
    "chunk_strategy": "fixed",
    "top_k_values": [
      1,
      3,
      5,
      10,
      20
    ],
    "batch_size": 100
  },
  "timestamp": "2025-12-16 10:58:27",
  "ingestion": {
    "total_time_sec": 4211.72021317482,
    "num_documents": 1,
    "num_chunks": 1775361,
    "parsing_time_sec": 3.1629068851470947,
    "embedding_time_sec": 4197.523872852325,
    "insertion_time_sec": 3.840048313140869
  },
  "query_results": [
    {
      "top_k": 1,
      "num_queries": 10,
      "avg_latency_ms": 143.35544109344482,
      "p50_latency_ms": 69.57626342773438,
      "p95_latency_ms": 859.5840930938721,
      "p99_latency_ms": 859.5840930938721,
      "min_latency_ms": 45.458316802978516,
      "max_latency_ms": 859.5840930938721,
      "queries_per_second": 6.975668257671224,
      "avg_similarity": 0.6081104737846019,
      "avg_top1_similarity": 0.6081104737846019,
      "min_similarity": 0.6081104737846019,
      "recall_at_1": 0.0,
      "precision_at_1": 0.0,
      "mrr": 0.0,
      "resource_metrics": {
        "duration": 1.0113849639892578,
        "cpu": {
          "avg": 9.133333333333333,
          "max": 14.4,
          "min": 0.0
        },
        "memory": {
          "avg_mb": 8680.239583333334,
          "max_mb": 9917.078125,
          "min_mb": 7331.359375
        },
        "disk": {
          "read_total_mb": 65.7421875,
          "write_total_mb": 2.2578125
        },
        "network": {
          "sent_total_mb": 0.0107421875,
          "recv_total_mb": 0.00390625
        }
      }
    },
    {
      "top_k": 3,
      "num_queries": 10,
      "avg_latency_ms": 46.62184715270996,
      "p50_latency_ms": 46.20003700256348,
      "p95_latency_ms": 51.1319637298584,
      "p99_latency_ms": 51.1319637298584,
      "min_latency_ms": 45.41301727294922,
      "max_latency_ms": 51.1319637298584,
      "queries_per_second": 21.44917160241416,
      "avg_similarity": 0.5952397436535154,
      "avg_top1_similarity": 0.6081104737846019,
      "min_similarity": 0.5847209357153125,
      "recall_at_3": 0.0,
      "precision_at_3": 0.0,
      "mrr": 0.0,
      "resource_metrics": {
        "duration": 0.0,
        "cpu": {
          "avg": 10.6,
          "max": 10.6,
          "min": 10.6
        },
        "memory": {
          "avg_mb": 9951.125,
          "max_mb": 9951.125,
          "min_mb": 9951.125
        },
        "disk": {
          "read_total_mb": 0.0,
          "write_total_mb": 0.0
        },
        "network": {
          "sent_total_mb": 0.0,
          "recv_total_mb": 0.0
        }
      }
    },
    {
      "top_k": 5,
      "num_queries": 10,
      "avg_latency_ms": 47.67482280731201,
      "p50_latency_ms": 47.48725891113281,
      "p95_latency_ms": 51.85508728027344,
      "p99_latency_ms": 51.85508728027344,
      "min_latency_ms": 45.28999328613281,
      "max_latency_ms": 51.85508728027344,
      "queries_per_second": 20.975431918052717,
      "avg_similarity": 0.5875998204291968,
      "avg_top1_similarity": 0.6081104737846019,
      "min_similarity": 0.5742864525719634,
      "recall_at_5": 0.0,
      "precision_at_5": 0.0,
      "mrr": 0.0,
      "resource_metrics": {
        "duration": 0.0,
        "cpu": {
          "avg": 11.4,
          "max": 11.4,
          "min": 11.4
        },
        "memory": {
          "avg_mb": 9963.03125,
          "max_mb": 9963.03125,
          "min_mb": 9963.03125
        },
        "disk": {
          "read_total_mb": 0.0,
          "write_total_mb": 0.0
        },
        "network": {
          "sent_total_mb": 0.0,
          "recv_total_mb": 0.0
        }
      }
    },
    {
      "top_k": 10,
      "num_queries": 10,
      "avg_latency_ms": 45.97671031951904,
      "p50_latency_ms": 46.182870864868164,
      "p95_latency_ms": 46.93913459777832,
      "p99_latency_ms": 46.93913459777832,
      "min_latency_ms": 45.0129508972168,
      "max_latency_ms": 46.93913459777832,
      "queries_per_second": 21.750142475405816,
      "avg_similarity": 0.574710645832064,
      "avg_top1_similarity": 0.6081104737846019,
      "min_similarity": 0.5554166887164811,
      "recall_at_10": 0.0,
      "precision_at_10": 0.0,
      "mrr": 0.0,
      "resource_metrics": {
        "duration": 0.0,
        "cpu": {
          "avg": 13.8,
          "max": 13.8,
          "min": 13.8
        },
        "memory": {
          "avg_mb": 9968.84375,
          "max_mb": 9968.84375,
          "min_mb": 9968.84375
        },
        "disk": {
          "read_total_mb": 0.0,
          "write_total_mb": 0.0
        },
        "network": {
          "sent_total_mb": 0.0,
          "recv_total_mb": 0.0
        }
      }
    },
    {
      "top_k": 20,
      "num_queries": 10,
      "avg_latency_ms": 46.59276008605957,
      "p50_latency_ms": 46.79608345031738,
      "p95_latency_ms": 47.60098457336426,
      "p99_latency_ms": 47.60098457336426,
      "min_latency_ms": 45.59612274169922,
      "max_latency_ms": 47.60098457336426,
      "queries_per_second": 21.462561954967708,
      "avg_similarity": 0.5591137853012855,
      "avg_top1_similarity": 0.6081104737846019,
      "min_similarity": 0.5355763691815586,
      "recall_at_20": 0.0,
      "precision_at_20": 0.0,
      "mrr": 0.0,
      "resource_metrics": {
        "duration": 0.0,
        "cpu": {
          "avg": 12.4,
          "max": 12.4,
          "min": 12.4
        },
        "memory": {
          "avg_mb": 9983.640625,
          "max_mb": 9983.640625,
          "min_mb": 9983.640625
        },
        "disk": {
          "read_total_mb": 0.25,
          "write_total_mb": 0.0
        },
        "network": {
          "sent_total_mb": 0.0,
          "recv_total_mb": 0.0
        }
      }
    }
  ]
}