{
  "database": "opensearch",
  "config": {
    "corpus_path": "Data/test_corpus/documents",
    "test_cases_path": "Data/test_corpus/test_cases.json",
    "output_dir": "results/opensearch_scaling_n10/corpus_baseline/run_8",
    "opensearch_config": {
      "host": "localhost",
      "port": 9200,
      "index_name": "benchmark_test"
    },
    "embedding_model": "sentence-transformers/all-MiniLM-L6-v2",
    "embedding_type": "sentence-transformers",
    "chunk_size": 512,
    "chunk_overlap": 50,
    "chunk_strategy": "fixed",
    "top_k_values": [
      1,
      3,
      5,
      10,
      20
    ],
    "batch_size": 100
  },
  "timestamp": "2026-01-10 08:02:15",
  "ingestion": {
    "total_time_sec": 1.010155200958252,
    "num_documents": 20,
    "num_chunks": 175,
    "parsing_time_sec": 0.00014901161193847656,
    "embedding_time_sec": 0.3019540309906006,
    "insertion_time_sec": 0.20246291160583496
  },
  "query_results": [
    {
      "top_k": 1,
      "num_queries": 10,
      "avg_latency_ms": 25.340890884399414,
      "p50_latency_ms": 28.447866439819336,
      "p95_latency_ms": 49.90577697753906,
      "p99_latency_ms": 49.90577697753906,
      "min_latency_ms": 10.165929794311523,
      "max_latency_ms": 49.90577697753906,
      "queries_per_second": 39.461911760001655,
      "avg_similarity": 0.7316955051495089,
      "avg_top1_similarity": 0.7316955051495089,
      "min_similarity": 0.7316955051495089,
      "recall_at_1": 0.0,
      "precision_at_1": 0.0,
      "mrr": 0.0,
      "resource_metrics": {
        "duration": 0.0,
        "cpu": {
          "avg": 22.6,
          "max": 22.6,
          "min": 22.6
        },
        "memory": {
          "avg_mb": 11186.21875,
          "max_mb": 11186.21875,
          "min_mb": 11186.21875
        },
        "disk": {
          "read_total_mb": 0.0,
          "write_total_mb": 0.0
        },
        "network": {
          "sent_total_mb": 0.0,
          "recv_total_mb": 0.0
        }
      }
    },
    {
      "top_k": 3,
      "num_queries": 10,
      "avg_latency_ms": 13.7434720993042,
      "p50_latency_ms": 13.257026672363281,
      "p95_latency_ms": 20.250797271728516,
      "p99_latency_ms": 20.250797271728516,
      "min_latency_ms": 11.608123779296875,
      "max_latency_ms": 20.250797271728516,
      "queries_per_second": 72.76181686654188,
      "avg_similarity": 0.6881673174571981,
      "avg_top1_similarity": 0.7316955051495089,
      "min_similarity": 0.6527654327268795,
      "recall_at_3": 0.0,
      "precision_at_3": 0.0,
      "mrr": 0.0,
      "resource_metrics": {
        "duration": 0.0,
        "cpu": {
          "avg": 21.1,
          "max": 21.1,
          "min": 21.1
        },
        "memory": {
          "avg_mb": 11085.1875,
          "max_mb": 11085.1875,
          "min_mb": 11085.1875
        },
        "disk": {
          "read_total_mb": 0.0,
          "write_total_mb": 0.0
        },
        "network": {
          "sent_total_mb": 0.0,
          "recv_total_mb": 0.0
        }
      }
    },
    {
      "top_k": 5,
      "num_queries": 10,
      "avg_latency_ms": 15.690779685974121,
      "p50_latency_ms": 16.284942626953125,
      "p95_latency_ms": 20.135879516601562,
      "p99_latency_ms": 20.135879516601562,
      "min_latency_ms": 11.559247970581055,
      "max_latency_ms": 20.135879516601562,
      "queries_per_second": 63.73169593948815,
      "avg_similarity": 0.6663784365523261,
      "avg_top1_similarity": 0.7316955051495089,
      "min_similarity": 0.6243872257648605,
      "recall_at_5": 0.0,
      "precision_at_5": 0.0,
      "mrr": 0.0,
      "resource_metrics": {
        "duration": 0.0,
        "cpu": {
          "avg": 18.8,
          "max": 18.8,
          "min": 18.8
        },
        "memory": {
          "avg_mb": 11055.484375,
          "max_mb": 11055.484375,
          "min_mb": 11055.484375
        },
        "disk": {
          "read_total_mb": 0.0,
          "write_total_mb": 0.0
        },
        "network": {
          "sent_total_mb": 0.0,
          "recv_total_mb": 0.0
        }
      }
    },
    {
      "top_k": 10,
      "num_queries": 10,
      "avg_latency_ms": 13.640379905700684,
      "p50_latency_ms": 13.948202133178711,
      "p95_latency_ms": 16.956090927124023,
      "p99_latency_ms": 16.956090927124023,
      "min_latency_ms": 11.641263961791992,
      "max_latency_ms": 16.956090927124023,
      "queries_per_second": 73.31174108882942,
      "avg_similarity": 0.6292959425151484,
      "avg_top1_similarity": 0.7316955051495089,
      "min_similarity": 0.5739297547011815,
      "recall_at_10": 0.0,
      "precision_at_10": 0.0,
      "mrr": 0.0,
      "resource_metrics": {
        "duration": 0.0,
        "cpu": {
          "avg": 20.7,
          "max": 20.7,
          "min": 20.7
        },
        "memory": {
          "avg_mb": 11124.25,
          "max_mb": 11124.25,
          "min_mb": 11124.25
        },
        "disk": {
          "read_total_mb": 0.0,
          "write_total_mb": 0.0
        },
        "network": {
          "sent_total_mb": 0.0,
          "recv_total_mb": 0.0
        }
      }
    },
    {
      "top_k": 20,
      "num_queries": 10,
      "avg_latency_ms": 17.19188690185547,
      "p50_latency_ms": 15.52891731262207,
      "p95_latency_ms": 27.472972869873047,
      "p99_latency_ms": 27.472972869873047,
      "min_latency_ms": 13.826131820678711,
      "max_latency_ms": 27.472972869873047,
      "queries_per_second": 58.16697176457536,
      "avg_similarity": 0.574023922469125,
      "avg_top1_similarity": 0.7316955051495089,
      "min_similarity": 0.4938481953127697,
      "recall_at_20": 0.0,
      "precision_at_20": 0.0,
      "mrr": 0.0,
      "resource_metrics": {
        "duration": 0.0,
        "cpu": {
          "avg": 18.2,
          "max": 18.2,
          "min": 18.2
        },
        "memory": {
          "avg_mb": 11126.890625,
          "max_mb": 11126.890625,
          "min_mb": 11126.890625
        },
        "disk": {
          "read_total_mb": 0.0,
          "write_total_mb": 0.0
        },
        "network": {
          "sent_total_mb": 0.0,
          "recv_total_mb": 0.0
        }
      }
    }
  ]
}