{
  "database": "pgvector",
  "config": {
    "corpus_path": "Data/test_corpus/corpus_sizes/corpus_50k",
    "test_cases_path": "Data/test_corpus/test_cases.json",
    "output_dir": "results/pgvector_ivfflat_scaling_n3/corpus_50k/run_1",
    "pgvector_config": {
      "host": "localhost",
      "port": 5433,
      "database": "vectordb",
      "user": "postgres",
      "password": "postgres",
      "table_name": "benchmark_test",
      "index_type": "ivfflat"
    },
    "embedding_model": "sentence-transformers/all-MiniLM-L6-v2",
    "embedding_type": "sentence-transformers",
    "chunk_size": 512,
    "chunk_overlap": 50,
    "chunk_strategy": "fixed",
    "top_k_values": [
      1,
      3,
      5,
      10,
      20
    ],
    "batch_size": 100
  },
  "timestamp": "2026-01-05 13:51:29",
  "ingestion": {
    "total_time_sec": 977.9829988479614,
    "num_documents": 1,
    "num_chunks": 345046,
    "parsing_time_sec": 0.596228837966919,
    "embedding_time_sec": 817.2997009754181,
    "insertion_time_sec": 157.23679089546204
  },
  "query_results": [
    {
      "top_k": 1,
      "num_queries": 10,
      "avg_latency_ms": 60.672926902770996,
      "p50_latency_ms": 44.13127899169922,
      "p95_latency_ms": 287.6150608062744,
      "p99_latency_ms": 287.6150608062744,
      "min_latency_ms": 16.11781120300293,
      "max_latency_ms": 287.6150608062744,
      "queries_per_second": 16.481815713333074,
      "avg_similarity": 0.66091389531386,
      "avg_top1_similarity": 0.66091389531386,
      "min_similarity": 0.66091389531386,
      "recall_at_1": 0.0,
      "precision_at_1": 0.0,
      "mrr": 0.0,
      "resource_metrics": {
        "duration": 0.502758264541626,
        "cpu": {
          "avg": 9.95,
          "max": 11.6,
          "min": 8.3
        },
        "memory": {
          "avg_mb": 8868.3828125,
          "max_mb": 9474.65625,
          "min_mb": 8262.109375
        },
        "disk": {
          "read_total_mb": 49.26953125,
          "write_total_mb": 1.609375
        },
        "network": {
          "sent_total_mb": 0.0537109375,
          "recv_total_mb": 0.0546875
        }
      }
    },
    {
      "top_k": 3,
      "num_queries": 10,
      "avg_latency_ms": 23.79131317138672,
      "p50_latency_ms": 23.59795570373535,
      "p95_latency_ms": 27.894973754882812,
      "p99_latency_ms": 27.894973754882812,
      "min_latency_ms": 19.362211227416992,
      "max_latency_ms": 27.894973754882812,
      "queries_per_second": 42.03214815408666,
      "avg_similarity": 0.6381453653753935,
      "avg_top1_similarity": 0.66091389531386,
      "min_similarity": 0.617429116898659,
      "recall_at_3": 0.0,
      "precision_at_3": 0.0,
      "mrr": 0.0,
      "resource_metrics": {
        "duration": 0.0,
        "cpu": {
          "avg": 7.9,
          "max": 7.9,
          "min": 7.9
        },
        "memory": {
          "avg_mb": 9594.125,
          "max_mb": 9594.125,
          "min_mb": 9594.125
        },
        "disk": {
          "read_total_mb": 0.0,
          "write_total_mb": 0.0
        },
        "network": {
          "sent_total_mb": 0.0,
          "recv_total_mb": 0.0
        }
      }
    },
    {
      "top_k": 5,
      "num_queries": 10,
      "avg_latency_ms": 25.216341018676758,
      "p50_latency_ms": 25.65479278564453,
      "p95_latency_ms": 32.855987548828125,
      "p99_latency_ms": 32.855987548828125,
      "min_latency_ms": 18.2039737701416,
      "max_latency_ms": 32.855987548828125,
      "queries_per_second": 39.65682409114547,
      "avg_similarity": 0.6227200671583266,
      "avg_top1_similarity": 0.66091389531386,
      "min_similarity": 0.5959627332723414,
      "recall_at_5": 0.0,
      "precision_at_5": 0.0,
      "mrr": 0.0,
      "resource_metrics": {
        "duration": 0.0,
        "cpu": {
          "avg": 9.3,
          "max": 9.3,
          "min": 9.3
        },
        "memory": {
          "avg_mb": 9586.484375,
          "max_mb": 9586.484375,
          "min_mb": 9586.484375
        },
        "disk": {
          "read_total_mb": 0.0,
          "write_total_mb": 0.0
        },
        "network": {
          "sent_total_mb": 0.0,
          "recv_total_mb": 0.0
        }
      }
    },
    {
      "top_k": 10,
      "num_queries": 10,
      "avg_latency_ms": 25.685667991638184,
      "p50_latency_ms": 26.78203582763672,
      "p95_latency_ms": 30.487060546875,
      "p99_latency_ms": 30.487060546875,
      "min_latency_ms": 21.011829376220703,
      "max_latency_ms": 30.487060546875,
      "queries_per_second": 38.932216998426675,
      "avg_similarity": 0.5995601583721168,
      "avg_top1_similarity": 0.66091389531386,
      "min_similarity": 0.5662767218187866,
      "recall_at_10": 0.0,
      "precision_at_10": 0.0,
      "mrr": 0.0,
      "resource_metrics": {
        "duration": 0.0,
        "cpu": {
          "avg": 13.9,
          "max": 13.9,
          "min": 13.9
        },
        "memory": {
          "avg_mb": 9593.625,
          "max_mb": 9593.625,
          "min_mb": 9593.625
        },
        "disk": {
          "read_total_mb": 0.0,
          "write_total_mb": 0.0
        },
        "network": {
          "sent_total_mb": 0.0,
          "recv_total_mb": 0.0
        }
      }
    },
    {
      "top_k": 20,
      "num_queries": 10,
      "avg_latency_ms": 21.207165718078613,
      "p50_latency_ms": 21.037817001342773,
      "p95_latency_ms": 28.717756271362305,
      "p99_latency_ms": 28.717756271362305,
      "min_latency_ms": 16.89910888671875,
      "max_latency_ms": 28.717756271362305,
      "queries_per_second": 47.15387304902905,
      "avg_similarity": 0.570319886739178,
      "avg_top1_similarity": 0.66091389531386,
      "min_similarity": 0.5272485867170176,
      "recall_at_20": 0.0,
      "precision_at_20": 0.0,
      "mrr": 0.0,
      "resource_metrics": {
        "duration": 0.0,
        "cpu": {
          "avg": 9.1,
          "max": 9.1,
          "min": 9.1
        },
        "memory": {
          "avg_mb": 9685.3125,
          "max_mb": 9685.3125,
          "min_mb": 9685.3125
        },
        "disk": {
          "read_total_mb": 0.0,
          "write_total_mb": 0.0
        },
        "network": {
          "sent_total_mb": 0.0009765625,
          "recv_total_mb": 0.0
        }
      }
    }
  ]
}