{
  "database": "milvus",
  "config": {
    "corpus_path": "Data/test_corpus/corpus_sizes/corpus_1k",
    "test_cases_path": "Data/test_corpus/test_cases.json",
    "output_dir": "results/milvus_scaling_n10/corpus_1k/run_9",
    "milvus_config": {
      "host": "localhost",
      "port": 19530,
      "collection_name": "benchmark_test"
    },
    "embedding_model": "sentence-transformers/all-MiniLM-L6-v2",
    "embedding_type": "sentence-transformers",
    "chunk_size": 512,
    "chunk_overlap": 50,
    "chunk_strategy": "fixed",
    "top_k_values": [
      1,
      3,
      5,
      10,
      20
    ],
    "batch_size": 100
  },
  "timestamp": "2026-01-10 05:46:42",
  "ingestion": {
    "total_time_sec": 20.8197078704834,
    "num_documents": 1,
    "num_chunks": 5562,
    "parsing_time_sec": 0.010722160339355469,
    "embedding_time_sec": 14.142133951187134,
    "insertion_time_sec": 6.209492921829224
  },
  "query_results": [
    {
      "top_k": 1,
      "num_queries": 10,
      "avg_latency_ms": 28.009891510009766,
      "p50_latency_ms": 29.749155044555664,
      "p95_latency_ms": 67.41786003112793,
      "p99_latency_ms": 67.41786003112793,
      "min_latency_ms": 9.965181350708008,
      "max_latency_ms": 67.41786003112793,
      "queries_per_second": 35.70167344784733,
      "avg_similarity": 0.5281620055437088,
      "avg_top1_similarity": 0.5281620055437088,
      "min_similarity": 0.5281620055437088,
      "recall_at_1": 0.0,
      "precision_at_1": 0.0,
      "mrr": 0.0,
      "resource_metrics": {
        "duration": 0.0,
        "cpu": {
          "avg": 0.0,
          "max": 0.0,
          "min": 0.0
        },
        "memory": {
          "avg_mb": 9869.53125,
          "max_mb": 9869.53125,
          "min_mb": 9869.53125
        },
        "disk": {
          "read_total_mb": 0.0,
          "write_total_mb": 0.0
        },
        "network": {
          "sent_total_mb": 0.0,
          "recv_total_mb": 0.0
        }
      }
    },
    {
      "top_k": 3,
      "num_queries": 10,
      "avg_latency_ms": 12.723112106323242,
      "p50_latency_ms": 12.305259704589844,
      "p95_latency_ms": 17.21024513244629,
      "p99_latency_ms": 17.21024513244629,
      "min_latency_ms": 9.294748306274414,
      "max_latency_ms": 17.21024513244629,
      "queries_per_second": 78.59712243697133,
      "avg_similarity": 0.5003335307041804,
      "avg_top1_similarity": 0.5281620055437088,
      "min_similarity": 0.476975554227829,
      "recall_at_3": 0.0,
      "precision_at_3": 0.0,
      "mrr": 0.0,
      "resource_metrics": {
        "duration": 0.0,
        "cpu": {
          "avg": 14.1,
          "max": 14.1,
          "min": 14.1
        },
        "memory": {
          "avg_mb": 10435.71875,
          "max_mb": 10435.71875,
          "min_mb": 10435.71875
        },
        "disk": {
          "read_total_mb": 0.0,
          "write_total_mb": 0.0
        },
        "network": {
          "sent_total_mb": 0.0,
          "recv_total_mb": 0.0
        }
      }
    },
    {
      "top_k": 5,
      "num_queries": 10,
      "avg_latency_ms": 12.372422218322754,
      "p50_latency_ms": 12.660980224609375,
      "p95_latency_ms": 16.589879989624023,
      "p99_latency_ms": 16.589879989624023,
      "min_latency_ms": 9.90605354309082,
      "max_latency_ms": 16.589879989624023,
      "queries_per_second": 80.82491709012848,
      "avg_similarity": 0.4823250257968903,
      "avg_top1_similarity": 0.5281620055437088,
      "min_similarity": 0.4517365336418152,
      "recall_at_5": 0.0,
      "precision_at_5": 0.0,
      "mrr": 0.0,
      "resource_metrics": {
        "duration": 0.0,
        "cpu": {
          "avg": 11.3,
          "max": 11.3,
          "min": 11.3
        },
        "memory": {
          "avg_mb": 10419.5625,
          "max_mb": 10419.5625,
          "min_mb": 10419.5625
        },
        "disk": {
          "read_total_mb": 0.0,
          "write_total_mb": 0.0
        },
        "network": {
          "sent_total_mb": 0.0,
          "recv_total_mb": 0.0
        }
      }
    },
    {
      "top_k": 10,
      "num_queries": 10,
      "avg_latency_ms": 12.0758056640625,
      "p50_latency_ms": 11.818885803222656,
      "p95_latency_ms": 16.49785041809082,
      "p99_latency_ms": 16.49785041809082,
      "min_latency_ms": 9.825944900512695,
      "max_latency_ms": 16.49785041809082,
      "queries_per_second": 82.8102097548648,
      "avg_similarity": 0.4576154735684394,
      "avg_top1_similarity": 0.5281620055437088,
      "min_similarity": 0.42120504677295684,
      "recall_at_10": 0.0,
      "precision_at_10": 0.0,
      "mrr": 0.0,
      "resource_metrics": {
        "duration": 0.0,
        "cpu": {
          "avg": 10.8,
          "max": 10.8,
          "min": 10.8
        },
        "memory": {
          "avg_mb": 10429.296875,
          "max_mb": 10429.296875,
          "min_mb": 10429.296875
        },
        "disk": {
          "read_total_mb": 0.0,
          "write_total_mb": 0.0
        },
        "network": {
          "sent_total_mb": 0.0,
          "recv_total_mb": 0.0
        }
      }
    },
    {
      "top_k": 20,
      "num_queries": 10,
      "avg_latency_ms": 11.850595474243164,
      "p50_latency_ms": 10.56814193725586,
      "p95_latency_ms": 16.546964645385742,
      "p99_latency_ms": 16.546964645385742,
      "min_latency_ms": 10.015010833740234,
      "max_latency_ms": 16.546964645385742,
      "queries_per_second": 84.3839452771351,
      "avg_similarity": 0.4268869496881962,
      "avg_top1_similarity": 0.5281620055437088,
      "min_similarity": 0.3815583735704422,
      "recall_at_20": 0.0,
      "precision_at_20": 0.0,
      "mrr": 0.0,
      "resource_metrics": {
        "duration": 0.0,
        "cpu": {
          "avg": 12.5,
          "max": 12.5,
          "min": 12.5
        },
        "memory": {
          "avg_mb": 10514.59375,
          "max_mb": 10514.59375,
          "min_mb": 10514.59375
        },
        "disk": {
          "read_total_mb": 0.0,
          "write_total_mb": 0.0
        },
        "network": {
          "sent_total_mb": 0.0,
          "recv_total_mb": 0.0
        }
      }
    }
  ]
}