{
  "database": "chroma",
  "config": {
    "corpus_path": "Data/test_corpus/corpus_sizes/corpus_1k",
    "test_cases_path": "Data/test_corpus/test_cases.json",
    "output_dir": "results/chroma_scaling_n10/corpus_1k/run_9",
    "chroma_config": {
      "persist_directory": "./vector_stores/chroma_db",
      "collection_name": "benchmark_test"
    },
    "embedding_model": "sentence-transformers/all-MiniLM-L6-v2",
    "embedding_type": "sentence-transformers",
    "chunk_size": 512,
    "chunk_overlap": 50,
    "chunk_strategy": "fixed",
    "top_k_values": [
      1,
      3,
      5,
      10,
      20
    ],
    "batch_size": 100
  },
  "timestamp": "2026-01-22 12:41:01",
  "ingestion": {
    "total_time_sec": 16.902107000350952,
    "num_documents": 1,
    "num_chunks": 5562,
    "parsing_time_sec": 0.005803108215332031,
    "embedding_time_sec": 12.907203197479248,
    "insertion_time_sec": 3.6087400913238525
  },
  "query_results": [
    {
      "top_k": 1,
      "num_queries": 10,
      "avg_latency_ms": 21.663761138916016,
      "p50_latency_ms": 21.88706398010254,
      "p95_latency_ms": 56.83493614196777,
      "p99_latency_ms": 56.83493614196777,
      "min_latency_ms": 5.727052688598633,
      "max_latency_ms": 56.83493614196777,
      "queries_per_second": 46.16003627383222,
      "avg_similarity": 0.5281620383262634,
      "avg_top1_similarity": 0.5281620383262634,
      "min_similarity": 0.5281620383262634,
      "recall_at_1": 0.0,
      "precision_at_1": 0.0,
      "mrr": 0.0,
      "resource_metrics": {
        "duration": 0.0,
        "cpu": {
          "avg": 0.0,
          "max": 0.0,
          "min": 0.0
        },
        "memory": {
          "avg_mb": 11204.65625,
          "max_mb": 11204.65625,
          "min_mb": 11204.65625
        },
        "disk": {
          "read_total_mb": 0.0,
          "write_total_mb": 0.0
        },
        "network": {
          "sent_total_mb": 0.0,
          "recv_total_mb": 0.0
        }
      }
    },
    {
      "top_k": 3,
      "num_queries": 10,
      "avg_latency_ms": 7.677459716796875,
      "p50_latency_ms": 7.618904113769531,
      "p95_latency_ms": 11.594057083129883,
      "p99_latency_ms": 11.594057083129883,
      "min_latency_ms": 6.030082702636719,
      "max_latency_ms": 11.594057083129883,
      "queries_per_second": 130.25141607870415,
      "avg_similarity": 0.5003336449464162,
      "avg_top1_similarity": 0.5281620383262634,
      "min_similarity": 0.4769756615161896,
      "recall_at_3": 0.0,
      "precision_at_3": 0.0,
      "mrr": 0.0,
      "resource_metrics": {
        "duration": 0.0,
        "cpu": {
          "avg": 15.1,
          "max": 15.1,
          "min": 15.1
        },
        "memory": {
          "avg_mb": 11829.6875,
          "max_mb": 11829.6875,
          "min_mb": 11829.6875
        },
        "disk": {
          "read_total_mb": 0.0,
          "write_total_mb": 0.0
        },
        "network": {
          "sent_total_mb": 0.0,
          "recv_total_mb": 0.0
        }
      }
    },
    {
      "top_k": 5,
      "num_queries": 10,
      "avg_latency_ms": 8.092689514160156,
      "p50_latency_ms": 7.747888565063477,
      "p95_latency_ms": 10.989904403686523,
      "p99_latency_ms": 10.989904403686523,
      "min_latency_ms": 6.801128387451172,
      "max_latency_ms": 10.989904403686523,
      "queries_per_second": 123.56831412477315,
      "avg_similarity": 0.4829401302337647,
      "avg_top1_similarity": 0.5281620383262634,
      "min_similarity": 0.4524800479412079,
      "recall_at_5": 0.0,
      "precision_at_5": 0.0,
      "mrr": 0.0,
      "resource_metrics": {
        "duration": 0.0,
        "cpu": {
          "avg": 16.2,
          "max": 16.2,
          "min": 16.2
        },
        "memory": {
          "avg_mb": 10790.328125,
          "max_mb": 10790.328125,
          "min_mb": 10790.328125
        },
        "disk": {
          "read_total_mb": 0.0,
          "write_total_mb": 0.0
        },
        "network": {
          "sent_total_mb": 0.0,
          "recv_total_mb": 0.0
        }
      }
    },
    {
      "top_k": 10,
      "num_queries": 10,
      "avg_latency_ms": 7.717585563659668,
      "p50_latency_ms": 7.339954376220703,
      "p95_latency_ms": 12.529850006103516,
      "p99_latency_ms": 12.529850006103516,
      "min_latency_ms": 6.218910217285156,
      "max_latency_ms": 12.529850006103516,
      "queries_per_second": 129.57420319494346,
      "avg_similarity": 0.45815175652503976,
      "avg_top1_similarity": 0.5281620383262634,
      "min_similarity": 0.42196530699729917,
      "recall_at_10": 0.0,
      "precision_at_10": 0.0,
      "mrr": 0.0,
      "resource_metrics": {
        "duration": 0.0,
        "cpu": {
          "avg": 16.2,
          "max": 16.2,
          "min": 16.2
        },
        "memory": {
          "avg_mb": 10813.90625,
          "max_mb": 10813.90625,
          "min_mb": 10813.90625
        },
        "disk": {
          "read_total_mb": 0.0,
          "write_total_mb": 0.0
        },
        "network": {
          "sent_total_mb": 0.0,
          "recv_total_mb": 0.0
        }
      }
    },
    {
      "top_k": 20,
      "num_queries": 10,
      "avg_latency_ms": 7.741379737854004,
      "p50_latency_ms": 7.741212844848633,
      "p95_latency_ms": 12.293100357055664,
      "p99_latency_ms": 12.293100357055664,
      "min_latency_ms": 6.134033203125,
      "max_latency_ms": 12.293100357055664,
      "queries_per_second": 129.1759394142847,
      "avg_similarity": 0.4276216015219688,
      "avg_top1_similarity": 0.5281620383262634,
      "min_similarity": 0.38250707983970644,
      "recall_at_20": 0.0,
      "precision_at_20": 0.0,
      "mrr": 0.0,
      "resource_metrics": {
        "duration": 0.0,
        "cpu": {
          "avg": 16.6,
          "max": 16.6,
          "min": 16.6
        },
        "memory": {
          "avg_mb": 10792.296875,
          "max_mb": 10792.296875,
          "min_mb": 10792.296875
        },
        "disk": {
          "read_total_mb": 0.0,
          "write_total_mb": 0.0
        },
        "network": {
          "sent_total_mb": 0.0,
          "recv_total_mb": 0.0
        }
      }
    }
  ]
}