{
  "database": "milvus",
  "config": {
    "corpus_path": "Data/test_corpus/corpus_sizes/corpus_50k",
    "test_cases_path": "Data/test_corpus/test_cases.json",
    "output_dir": "results/milvus_scaling_n10/corpus_50k/run_8",
    "milvus_config": {
      "host": "localhost",
      "port": 19530,
      "collection_name": "benchmark_test"
    },
    "embedding_model": "sentence-transformers/all-MiniLM-L6-v2",
    "embedding_type": "sentence-transformers",
    "chunk_size": 512,
    "chunk_overlap": 50,
    "chunk_strategy": "fixed",
    "top_k_values": [
      1,
      3,
      5,
      10,
      20
    ],
    "batch_size": 100
  },
  "timestamp": "2026-01-10 06:58:14",
  "ingestion": {
    "total_time_sec": 842.6036520004272,
    "num_documents": 1,
    "num_chunks": 345046,
    "parsing_time_sec": 0.6351480484008789,
    "embedding_time_sec": 808.7696709632874,
    "insertion_time_sec": 31.372066020965576
  },
  "query_results": [
    {
      "top_k": 1,
      "num_queries": 10,
      "avg_latency_ms": 64.61553573608398,
      "p50_latency_ms": 40.956974029541016,
      "p95_latency_ms": 338.594913482666,
      "p99_latency_ms": 338.594913482666,
      "min_latency_ms": 11.054039001464844,
      "max_latency_ms": 338.594913482666,
      "queries_per_second": 15.476154280982904,
      "avg_similarity": 0.6609138965606689,
      "avg_top1_similarity": 0.6609138965606689,
      "min_similarity": 0.6609138965606689,
      "recall_at_1": 0.0,
      "precision_at_1": 0.0,
      "mrr": 0.0,
      "resource_metrics": {
        "duration": 0.5033431053161621,
        "cpu": {
          "avg": 24.950000000000003,
          "max": 30.6,
          "min": 19.3
        },
        "memory": {
          "avg_mb": 8511.875,
          "max_mb": 9016.453125,
          "min_mb": 8007.296875
        },
        "disk": {
          "read_total_mb": 51.46484375,
          "write_total_mb": 24.8125
        },
        "network": {
          "sent_total_mb": 0.0126953125,
          "recv_total_mb": 0.0146484375
        }
      }
    },
    {
      "top_k": 3,
      "num_queries": 10,
      "avg_latency_ms": 11.833691596984863,
      "p50_latency_ms": 11.84988021850586,
      "p95_latency_ms": 14.190196990966797,
      "p99_latency_ms": 14.190196990966797,
      "min_latency_ms": 9.890079498291016,
      "max_latency_ms": 14.190196990966797,
      "queries_per_second": 84.50448381254017,
      "avg_similarity": 0.6381453613440196,
      "avg_top1_similarity": 0.6609138965606689,
      "min_similarity": 0.6174291014671326,
      "recall_at_3": 0.0,
      "precision_at_3": 0.0,
      "mrr": 0.0,
      "resource_metrics": {
        "duration": 0.0,
        "cpu": {
          "avg": 18.0,
          "max": 18.0,
          "min": 18.0
        },
        "memory": {
          "avg_mb": 9082.953125,
          "max_mb": 9082.953125,
          "min_mb": 9082.953125
        },
        "disk": {
          "read_total_mb": 0.0,
          "write_total_mb": 0.0
        },
        "network": {
          "sent_total_mb": 0.0,
          "recv_total_mb": 0.0
        }
      }
    },
    {
      "top_k": 5,
      "num_queries": 10,
      "avg_latency_ms": 12.91508674621582,
      "p50_latency_ms": 11.883020401000977,
      "p95_latency_ms": 19.615888595581055,
      "p99_latency_ms": 19.615888595581055,
      "min_latency_ms": 9.948015213012695,
      "max_latency_ms": 19.615888595581055,
      "queries_per_second": 77.42882565562361,
      "avg_similarity": 0.6227200627326965,
      "avg_top1_similarity": 0.6609138965606689,
      "min_similarity": 0.5959627389907837,
      "recall_at_5": 0.0,
      "precision_at_5": 0.0,
      "mrr": 0.0,
      "resource_metrics": {
        "duration": 0.0,
        "cpu": {
          "avg": 17.0,
          "max": 17.0,
          "min": 17.0
        },
        "memory": {
          "avg_mb": 9133.421875,
          "max_mb": 9133.421875,
          "min_mb": 9133.421875
        },
        "disk": {
          "read_total_mb": 0.125,
          "write_total_mb": 0.0
        },
        "network": {
          "sent_total_mb": 0.0,
          "recv_total_mb": 0.0
        }
      }
    },
    {
      "top_k": 10,
      "num_queries": 10,
      "avg_latency_ms": 13.718390464782715,
      "p50_latency_ms": 12.653827667236328,
      "p95_latency_ms": 19.54197883605957,
      "p99_latency_ms": 19.54197883605957,
      "min_latency_ms": 11.137008666992188,
      "max_latency_ms": 19.54197883605957,
      "queries_per_second": 72.8948488940564,
      "avg_similarity": 0.5994354963302613,
      "avg_top1_similarity": 0.6609138965606689,
      "min_similarity": 0.5662767052650451,
      "recall_at_10": 0.0,
      "precision_at_10": 0.0,
      "mrr": 0.0,
      "resource_metrics": {
        "duration": 0.0,
        "cpu": {
          "avg": 23.2,
          "max": 23.2,
          "min": 23.2
        },
        "memory": {
          "avg_mb": 9020.25,
          "max_mb": 9020.25,
          "min_mb": 9020.25
        },
        "disk": {
          "read_total_mb": 0.0,
          "write_total_mb": 0.0
        },
        "network": {
          "sent_total_mb": 0.0,
          "recv_total_mb": 0.0
        }
      }
    },
    {
      "top_k": 20,
      "num_queries": 10,
      "avg_latency_ms": 14.27772045135498,
      "p50_latency_ms": 13.600826263427734,
      "p95_latency_ms": 20.643234252929688,
      "p99_latency_ms": 20.643234252929688,
      "min_latency_ms": 10.480880737304688,
      "max_latency_ms": 20.643234252929688,
      "queries_per_second": 70.03919171880818,
      "avg_similarity": 0.5700381128489971,
      "avg_top1_similarity": 0.6609138965606689,
      "min_similarity": 0.5261601448059082,
      "recall_at_20": 0.0,
      "precision_at_20": 0.0,
      "mrr": 0.0,
      "resource_metrics": {
        "duration": 0.0,
        "cpu": {
          "avg": 16.5,
          "max": 16.5,
          "min": 16.5
        },
        "memory": {
          "avg_mb": 9055.09375,
          "max_mb": 9055.09375,
          "min_mb": 9055.09375
        },
        "disk": {
          "read_total_mb": 0.0,
          "write_total_mb": 0.0
        },
        "network": {
          "sent_total_mb": 0.0,
          "recv_total_mb": 0.0
        }
      }
    }
  ]
}