{
  "database": "weaviate",
  "config": {
    "corpus_path": "Data/test_corpus/corpus_sizes/corpus_50k",
    "test_cases_path": "Data/test_corpus/test_cases.json",
    "output_dir": "results/weaviate_scaling_n10/corpus_50k/run_5",
    "weaviate_config": {
      "host": "localhost",
      "port": 8082,
      "class_name": "BenchmarkTest"
    },
    "embedding_model": "sentence-transformers/all-MiniLM-L6-v2",
    "embedding_type": "sentence-transformers",
    "chunk_size": 512,
    "chunk_overlap": 50,
    "chunk_strategy": "fixed",
    "top_k_values": [
      1,
      3,
      5,
      10,
      20
    ],
    "batch_size": 100
  },
  "timestamp": "2026-01-10 04:00:59",
  "ingestion": {
    "total_time_sec": 949.8201639652252,
    "num_documents": 1,
    "num_chunks": 345046,
    "parsing_time_sec": 0.6793258190155029,
    "embedding_time_sec": 809.8427340984344,
    "insertion_time_sec": 137.29907488822937
  },
  "query_results": [
    {
      "top_k": 1,
      "num_queries": 10,
      "avg_latency_ms": 132.95457363128662,
      "p50_latency_ms": 93.98865699768066,
      "p95_latency_ms": 779.0420055389404,
      "p99_latency_ms": 779.0420055389404,
      "min_latency_ms": 11.775970458984375,
      "max_latency_ms": 779.0420055389404,
      "queries_per_second": 7.5213659273822975,
      "avg_similarity": 0.6609139680862427,
      "avg_top1_similarity": 0.6609139680862427,
      "min_similarity": 0.6609139680862427,
      "recall_at_1": 0.0,
      "precision_at_1": 0.0,
      "mrr": 0.0,
      "resource_metrics": {
        "duration": 1.0067932605743408,
        "cpu": {
          "avg": 61.43333333333333,
          "max": 69.6,
          "min": 46.6
        },
        "memory": {
          "avg_mb": 8730.869791666666,
          "max_mb": 9168.546875,
          "min_mb": 8202.359375
        },
        "disk": {
          "read_total_mb": 202.33984375,
          "write_total_mb": 121.73828125
        },
        "network": {
          "sent_total_mb": 0.013671875,
          "recv_total_mb": 0.015625
        }
      }
    },
    {
      "top_k": 3,
      "num_queries": 10,
      "avg_latency_ms": 16.69590473175049,
      "p50_latency_ms": 13.860225677490234,
      "p95_latency_ms": 31.623125076293945,
      "p99_latency_ms": 31.623125076293945,
      "min_latency_ms": 11.152029037475586,
      "max_latency_ms": 31.623125076293945,
      "queries_per_second": 59.89492729305689,
      "avg_similarity": 0.6381454348564147,
      "avg_top1_similarity": 0.6609139680862427,
      "min_similarity": 0.6174291849136353,
      "recall_at_3": 0.0,
      "precision_at_3": 0.0,
      "mrr": 0.0,
      "resource_metrics": {
        "duration": 0.0,
        "cpu": {
          "avg": 68.5,
          "max": 68.5,
          "min": 68.5
        },
        "memory": {
          "avg_mb": 9165.203125,
          "max_mb": 9165.203125,
          "min_mb": 9165.203125
        },
        "disk": {
          "read_total_mb": 0.0,
          "write_total_mb": 0.0
        },
        "network": {
          "sent_total_mb": 0.0,
          "recv_total_mb": 0.0
        }
      }
    },
    {
      "top_k": 5,
      "num_queries": 10,
      "avg_latency_ms": 13.815999031066895,
      "p50_latency_ms": 12.186765670776367,
      "p95_latency_ms": 28.490781784057617,
      "p99_latency_ms": 28.490781784057617,
      "min_latency_ms": 10.232925415039062,
      "max_latency_ms": 28.490781784057617,
      "queries_per_second": 72.37985452600154,
      "avg_similarity": 0.6227201437950134,
      "avg_top1_similarity": 0.6609139680862427,
      "min_similarity": 0.5959628105163575,
      "recall_at_5": 0.0,
      "precision_at_5": 0.0,
      "mrr": 0.0,
      "resource_metrics": {
        "duration": 0.0,
        "cpu": {
          "avg": 35.9,
          "max": 35.9,
          "min": 35.9
        },
        "memory": {
          "avg_mb": 9204.71875,
          "max_mb": 9204.71875,
          "min_mb": 9204.71875
        },
        "disk": {
          "read_total_mb": 0.25,
          "write_total_mb": 0.0
        },
        "network": {
          "sent_total_mb": 0.0,
          "recv_total_mb": 0.0
        }
      }
    },
    {
      "top_k": 10,
      "num_queries": 10,
      "avg_latency_ms": 25.328421592712402,
      "p50_latency_ms": 23.09894561767578,
      "p95_latency_ms": 43.12300682067871,
      "p99_latency_ms": 43.12300682067871,
      "min_latency_ms": 17.663002014160156,
      "max_latency_ms": 43.12300682067871,
      "queries_per_second": 39.481339030132226,
      "avg_similarity": 0.5995995450019835,
      "avg_top1_similarity": 0.6609139680862427,
      "min_similarity": 0.5663065969944,
      "recall_at_10": 0.0,
      "precision_at_10": 0.0,
      "mrr": 0.0,
      "resource_metrics": {
        "duration": 0.0,
        "cpu": {
          "avg": 56.2,
          "max": 56.2,
          "min": 56.2
        },
        "memory": {
          "avg_mb": 9093.359375,
          "max_mb": 9093.359375,
          "min_mb": 9093.359375
        },
        "disk": {
          "read_total_mb": 0.09375,
          "write_total_mb": 0.0
        },
        "network": {
          "sent_total_mb": 0.0,
          "recv_total_mb": 0.0
        }
      }
    },
    {
      "top_k": 20,
      "num_queries": 10,
      "avg_latency_ms": 52.92849540710449,
      "p50_latency_ms": 63.33589553833008,
      "p95_latency_ms": 72.59297370910645,
      "p99_latency_ms": 72.59297370910645,
      "min_latency_ms": 25.550127029418945,
      "max_latency_ms": 72.59297370910645,
      "queries_per_second": 18.89341445110816,
      "avg_similarity": 0.5704183614253999,
      "avg_top1_similarity": 0.6609139680862427,
      "min_similarity": 0.5275188863277436,
      "recall_at_20": 0.0,
      "precision_at_20": 0.0,
      "mrr": 0.0,
      "resource_metrics": {
        "duration": 0.5101833343505859,
        "cpu": {
          "avg": 95.15,
          "max": 97.2,
          "min": 93.1
        },
        "memory": {
          "avg_mb": 9064.296875,
          "max_mb": 9073.453125,
          "min_mb": 9055.140625
        },
        "disk": {
          "read_total_mb": 75.2578125,
          "write_total_mb": 3.8046875
        },
        "network": {
          "sent_total_mb": 0.185546875,
          "recv_total_mb": 0.1796875
        }
      }
    }
  ]
}