{
  "database": "opensearch",
  "config": {
    "corpus_path": "Data/test_corpus/corpus_sizes/corpus_1k",
    "test_cases_path": "Data/test_corpus/test_cases.json",
    "output_dir": "results/opensearch_scaling_n10/corpus_1k/run_9",
    "opensearch_config": {
      "host": "localhost",
      "port": 9200,
      "index_name": "benchmark_test"
    },
    "embedding_model": "sentence-transformers/all-MiniLM-L6-v2",
    "embedding_type": "sentence-transformers",
    "chunk_size": 512,
    "chunk_overlap": 50,
    "chunk_strategy": "fixed",
    "top_k_values": [
      1,
      3,
      5,
      10,
      20
    ],
    "batch_size": 100
  },
  "timestamp": "2026-01-10 08:01:08",
  "ingestion": {
    "total_time_sec": 20.283199071884155,
    "num_documents": 1,
    "num_chunks": 5562,
    "parsing_time_sec": 0.005791902542114258,
    "embedding_time_sec": 14.001292943954468,
    "insertion_time_sec": 6.0104498863220215
  },
  "query_results": [
    {
      "top_k": 1,
      "num_queries": 10,
      "avg_latency_ms": 30.42762279510498,
      "p50_latency_ms": 28.645992279052734,
      "p95_latency_ms": 97.37396240234375,
      "p99_latency_ms": 97.37396240234375,
      "min_latency_ms": 10.381937026977539,
      "max_latency_ms": 97.37396240234375,
      "queries_per_second": 32.864874352289995,
      "avg_similarity": 0.5281620380524102,
      "avg_top1_similarity": 0.5281620380524102,
      "min_similarity": 0.5281620380524102,
      "recall_at_1": 0.0,
      "precision_at_1": 0.0,
      "mrr": 0.0,
      "resource_metrics": {
        "duration": 0.0,
        "cpu": {
          "avg": 0.0,
          "max": 0.0,
          "min": 0.0
        },
        "memory": {
          "avg_mb": 9781.796875,
          "max_mb": 9781.796875,
          "min_mb": 9781.796875
        },
        "disk": {
          "read_total_mb": 0.0,
          "write_total_mb": 0.0
        },
        "network": {
          "sent_total_mb": 0.0,
          "recv_total_mb": 0.0
        }
      }
    },
    {
      "top_k": 3,
      "num_queries": 10,
      "avg_latency_ms": 13.917803764343262,
      "p50_latency_ms": 14.224052429199219,
      "p95_latency_ms": 19.551992416381836,
      "p99_latency_ms": 19.551992416381836,
      "min_latency_ms": 10.441064834594727,
      "max_latency_ms": 19.551992416381836,
      "queries_per_second": 71.8504166987863,
      "avg_similarity": 0.5003335785744996,
      "avg_top1_similarity": 0.5281620380524102,
      "min_similarity": 0.4769755785670771,
      "recall_at_3": 0.0,
      "precision_at_3": 0.0,
      "mrr": 0.0,
      "resource_metrics": {
        "duration": 0.0,
        "cpu": {
          "avg": 21.1,
          "max": 21.1,
          "min": 21.1
        },
        "memory": {
          "avg_mb": 10575.21875,
          "max_mb": 10575.21875,
          "min_mb": 10575.21875
        },
        "disk": {
          "read_total_mb": 0.0,
          "write_total_mb": 0.0
        },
        "network": {
          "sent_total_mb": 0.0,
          "recv_total_mb": 0.0
        }
      }
    },
    {
      "top_k": 5,
      "num_queries": 10,
      "avg_latency_ms": 15.049290657043457,
      "p50_latency_ms": 13.895034790039062,
      "p95_latency_ms": 22.334814071655273,
      "p99_latency_ms": 22.334814071655273,
      "min_latency_ms": 11.391878128051758,
      "max_latency_ms": 22.334814071655273,
      "queries_per_second": 66.44831459428117,
      "avg_similarity": 0.48294005260895656,
      "avg_top1_similarity": 0.5281620380524102,
      "min_similarity": 0.45247993988108204,
      "recall_at_5": 0.0,
      "precision_at_5": 0.0,
      "mrr": 0.0,
      "resource_metrics": {
        "duration": 0.0,
        "cpu": {
          "avg": 19.4,
          "max": 19.4,
          "min": 19.4
        },
        "memory": {
          "avg_mb": 10596.375,
          "max_mb": 10596.375,
          "min_mb": 10596.375
        },
        "disk": {
          "read_total_mb": 0.0,
          "write_total_mb": 0.0
        },
        "network": {
          "sent_total_mb": 0.0,
          "recv_total_mb": 0.0
        }
      }
    },
    {
      "top_k": 10,
      "num_queries": 10,
      "avg_latency_ms": 16.14100933074951,
      "p50_latency_ms": 14.95981216430664,
      "p95_latency_ms": 24.11508560180664,
      "p99_latency_ms": 24.11508560180664,
      "min_latency_ms": 12.770891189575195,
      "max_latency_ms": 24.11508560180664,
      "queries_per_second": 61.95399429544625,
      "avg_similarity": 0.4581516809590983,
      "avg_top1_similarity": 0.5281620380524102,
      "min_similarity": 0.4219653128287223,
      "recall_at_10": 0.0,
      "precision_at_10": 0.0,
      "mrr": 0.0,
      "resource_metrics": {
        "duration": 0.0,
        "cpu": {
          "avg": 19.1,
          "max": 19.1,
          "min": 19.1
        },
        "memory": {
          "avg_mb": 10472.015625,
          "max_mb": 10472.015625,
          "min_mb": 10472.015625
        },
        "disk": {
          "read_total_mb": 0.0,
          "write_total_mb": 0.0
        },
        "network": {
          "sent_total_mb": 0.0,
          "recv_total_mb": 0.0
        }
      }
    },
    {
      "top_k": 20,
      "num_queries": 10,
      "avg_latency_ms": 18.014860153198242,
      "p50_latency_ms": 17.28677749633789,
      "p95_latency_ms": 29.60681915283203,
      "p99_latency_ms": 29.60681915283203,
      "min_latency_ms": 15.482187271118164,
      "max_latency_ms": 29.60681915283203,
      "queries_per_second": 55.50972871818083,
      "avg_similarity": 0.42762155499305193,
      "avg_top1_similarity": 0.5281620380524102,
      "min_similarity": 0.38250702953675664,
      "recall_at_20": 0.0,
      "precision_at_20": 0.0,
      "mrr": 0.0,
      "resource_metrics": {
        "duration": 0.0,
        "cpu": {
          "avg": 19.9,
          "max": 19.9,
          "min": 19.9
        },
        "memory": {
          "avg_mb": 10560.703125,
          "max_mb": 10560.703125,
          "min_mb": 10560.703125
        },
        "disk": {
          "read_total_mb": 0.0,
          "write_total_mb": 0.0
        },
        "network": {
          "sent_total_mb": 0.0,
          "recv_total_mb": 0.0
        }
      }
    }
  ]
}