{
  "database": "weaviate",
  "config": {
    "corpus_path": "Data/test_corpus/corpus_sizes/corpus_1k",
    "test_cases_path": "Data/test_corpus/test_cases.json",
    "output_dir": "results/weaviate_scaling_n10/corpus_1k/run_7",
    "weaviate_config": {
      "host": "localhost",
      "port": 8082,
      "class_name": "BenchmarkTest"
    },
    "embedding_model": "sentence-transformers/all-MiniLM-L6-v2",
    "embedding_type": "sentence-transformers",
    "chunk_size": 512,
    "chunk_overlap": 50,
    "chunk_strategy": "fixed",
    "top_k_values": [
      1,
      3,
      5,
      10,
      20
    ],
    "batch_size": 100
  },
  "timestamp": "2026-01-10 03:27:50",
  "ingestion": {
    "total_time_sec": 16.274862051010132,
    "num_documents": 1,
    "num_chunks": 5562,
    "parsing_time_sec": 0.09481191635131836,
    "embedding_time_sec": 13.581800937652588,
    "insertion_time_sec": 2.3142991065979004
  },
  "query_results": [
    {
      "top_k": 1,
      "num_queries": 10,
      "avg_latency_ms": 25.835561752319336,
      "p50_latency_ms": 27.999162673950195,
      "p95_latency_ms": 62.03889846801758,
      "p99_latency_ms": 62.03889846801758,
      "min_latency_ms": 9.892940521240234,
      "max_latency_ms": 62.03889846801758,
      "queries_per_second": 38.70633855717215,
      "avg_similarity": 0.5281620919704437,
      "avg_top1_similarity": 0.5281620919704437,
      "min_similarity": 0.5281620919704437,
      "recall_at_1": 0.0,
      "precision_at_1": 0.0,
      "mrr": 0.0,
      "resource_metrics": {
        "duration": 0.0,
        "cpu": {
          "avg": 0.0,
          "max": 0.0,
          "min": 0.0
        },
        "memory": {
          "avg_mb": 11038.859375,
          "max_mb": 11038.859375,
          "min_mb": 11038.859375
        },
        "disk": {
          "read_total_mb": 0.0,
          "write_total_mb": 0.0
        },
        "network": {
          "sent_total_mb": 0.0,
          "recv_total_mb": 0.0
        }
      }
    },
    {
      "top_k": 3,
      "num_queries": 10,
      "avg_latency_ms": 11.272382736206055,
      "p50_latency_ms": 10.519981384277344,
      "p95_latency_ms": 14.438867568969727,
      "p99_latency_ms": 14.438867568969727,
      "min_latency_ms": 9.688854217529297,
      "max_latency_ms": 14.438867568969727,
      "queries_per_second": 88.71238880029104,
      "avg_similarity": 0.500333595275879,
      "avg_top1_similarity": 0.5281620919704437,
      "min_similarity": 0.4769755721092224,
      "recall_at_3": 0.0,
      "precision_at_3": 0.0,
      "mrr": 0.0,
      "resource_metrics": {
        "duration": 0.0,
        "cpu": {
          "avg": 0.0,
          "max": 0.0,
          "min": 0.0
        },
        "memory": {
          "avg_mb": 11373.4375,
          "max_mb": 11373.4375,
          "min_mb": 11373.4375
        },
        "disk": {
          "read_total_mb": 0.0,
          "write_total_mb": 0.0
        },
        "network": {
          "sent_total_mb": 0.0,
          "recv_total_mb": 0.0
        }
      }
    },
    {
      "top_k": 5,
      "num_queries": 10,
      "avg_latency_ms": 10.156393051147461,
      "p50_latency_ms": 9.761810302734375,
      "p95_latency_ms": 13.691186904907227,
      "p99_latency_ms": 13.691186904907227,
      "min_latency_ms": 8.419036865234375,
      "max_latency_ms": 13.691186904907227,
      "queries_per_second": 98.46015164675227,
      "avg_similarity": 0.48294008612632755,
      "avg_top1_similarity": 0.5281620919704437,
      "min_similarity": 0.45248001217842104,
      "recall_at_5": 0.0,
      "precision_at_5": 0.0,
      "mrr": 0.0,
      "resource_metrics": {
        "duration": 0.0,
        "cpu": {
          "avg": 11.8,
          "max": 11.8,
          "min": 11.8
        },
        "memory": {
          "avg_mb": 11458.96875,
          "max_mb": 11458.96875,
          "min_mb": 11458.96875
        },
        "disk": {
          "read_total_mb": 0.0,
          "write_total_mb": 0.0
        },
        "network": {
          "sent_total_mb": 0.0,
          "recv_total_mb": 0.0
        }
      }
    },
    {
      "top_k": 10,
      "num_queries": 10,
      "avg_latency_ms": 11.80107593536377,
      "p50_latency_ms": 11.17706298828125,
      "p95_latency_ms": 16.542911529541016,
      "p99_latency_ms": 16.542911529541016,
      "min_latency_ms": 9.001016616821289,
      "max_latency_ms": 16.542911529541016,
      "queries_per_second": 84.73803621611684,
      "avg_similarity": 0.45815171718597414,
      "avg_top1_similarity": 0.5281620919704437,
      "min_similarity": 0.42196529507637026,
      "recall_at_10": 0.0,
      "precision_at_10": 0.0,
      "mrr": 0.0,
      "resource_metrics": {
        "duration": 0.0,
        "cpu": {
          "avg": 11.4,
          "max": 11.4,
          "min": 11.4
        },
        "memory": {
          "avg_mb": 11472.140625,
          "max_mb": 11472.140625,
          "min_mb": 11472.140625
        },
        "disk": {
          "read_total_mb": 0.0,
          "write_total_mb": 0.0
        },
        "network": {
          "sent_total_mb": 0.0,
          "recv_total_mb": 0.0
        }
      }
    },
    {
      "top_k": 20,
      "num_queries": 10,
      "avg_latency_ms": 13.506579399108887,
      "p50_latency_ms": 14.10675048828125,
      "p95_latency_ms": 17.6849365234375,
      "p99_latency_ms": 17.6849365234375,
      "min_latency_ms": 11.117219924926758,
      "max_latency_ms": 17.6849365234375,
      "queries_per_second": 74.03799070443966,
      "avg_similarity": 0.42762157768011094,
      "avg_top1_similarity": 0.5281620919704437,
      "min_similarity": 0.3825070321559906,
      "recall_at_20": 0.0,
      "precision_at_20": 0.0,
      "mrr": 0.0,
      "resource_metrics": {
        "duration": 0.0,
        "cpu": {
          "avg": 11.1,
          "max": 11.1,
          "min": 11.1
        },
        "memory": {
          "avg_mb": 11383.359375,
          "max_mb": 11383.359375,
          "min_mb": 11383.359375
        },
        "disk": {
          "read_total_mb": 0.0,
          "write_total_mb": 0.0
        },
        "network": {
          "sent_total_mb": 0.0,
          "recv_total_mb": 0.0
        }
      }
    }
  ]
}