{
  "database": "milvus",
  "config": {
    "corpus_path": "Data/test_corpus/corpus_sizes/corpus_1k",
    "test_cases_path": "Data/test_corpus/test_cases.json",
    "output_dir": "results/milvus_scaling_n3/corpus_1k/run_3",
    "milvus_config": {
      "host": "localhost",
      "port": 19530,
      "collection_name": "benchmark_test"
    },
    "embedding_model": "sentence-transformers/all-MiniLM-L6-v2",
    "embedding_type": "sentence-transformers",
    "chunk_size": 512,
    "chunk_overlap": 50,
    "chunk_strategy": "fixed",
    "top_k_values": [
      1,
      3,
      5,
      10,
      20
    ],
    "batch_size": 100
  },
  "timestamp": "2025-12-22 15:55:49",
  "ingestion": {
    "total_time_sec": 34.36505079269409,
    "num_documents": 1,
    "num_chunks": 5562,
    "parsing_time_sec": 0.01606607437133789,
    "embedding_time_sec": 25.570910930633545,
    "insertion_time_sec": 8.473567962646484
  },
  "query_results": [
    {
      "top_k": 1,
      "num_queries": 10,
      "avg_latency_ms": 90.95277786254883,
      "p50_latency_ms": 56.559085845947266,
      "p95_latency_ms": 361.3109588623047,
      "p99_latency_ms": 361.3109588623047,
      "min_latency_ms": 15.295982360839844,
      "max_latency_ms": 361.3109588623047,
      "queries_per_second": 10.99471641769135,
      "avg_similarity": 0.5281620055437088,
      "avg_top1_similarity": 0.5281620055437088,
      "min_similarity": 0.5281620055437088,
      "recall_at_1": 0.0,
      "precision_at_1": 0.0,
      "mrr": 0.0,
      "resource_metrics": {
        "duration": 0.5030698776245117,
        "cpu": {
          "avg": 12.7,
          "max": 25.4,
          "min": 0.0
        },
        "memory": {
          "avg_mb": 13823.625,
          "max_mb": 13823.625,
          "min_mb": 13823.625
        },
        "disk": {
          "read_total_mb": 56.703125,
          "write_total_mb": 62.33203125
        },
        "network": {
          "sent_total_mb": 1.5087890625,
          "recv_total_mb": 1.52734375
        }
      }
    },
    {
      "top_k": 3,
      "num_queries": 10,
      "avg_latency_ms": 34.949707984924316,
      "p50_latency_ms": 35.85100173950195,
      "p95_latency_ms": 59.69119071960449,
      "p99_latency_ms": 59.69119071960449,
      "min_latency_ms": 9.68027114868164,
      "max_latency_ms": 59.69119071960449,
      "queries_per_second": 28.61254235461291,
      "avg_similarity": 0.5003335307041804,
      "avg_top1_similarity": 0.5281620055437088,
      "min_similarity": 0.476975554227829,
      "recall_at_3": 0.0,
      "precision_at_3": 0.0,
      "mrr": 0.0,
      "resource_metrics": {
        "duration": 0.0,
        "cpu": {
          "avg": 37.7,
          "max": 37.7,
          "min": 37.7
        },
        "memory": {
          "avg_mb": 15178.65625,
          "max_mb": 15178.65625,
          "min_mb": 15178.65625
        },
        "disk": {
          "read_total_mb": 0.0,
          "write_total_mb": 0.0
        },
        "network": {
          "sent_total_mb": 0.0,
          "recv_total_mb": 0.0
        }
      }
    },
    {
      "top_k": 5,
      "num_queries": 10,
      "avg_latency_ms": 27.934646606445312,
      "p50_latency_ms": 25.65598487854004,
      "p95_latency_ms": 60.33897399902344,
      "p99_latency_ms": 60.33897399902344,
      "min_latency_ms": 7.50422477722168,
      "max_latency_ms": 60.33897399902344,
      "queries_per_second": 35.79783965368911,
      "avg_similarity": 0.4823250257968903,
      "avg_top1_similarity": 0.5281620055437088,
      "min_similarity": 0.4517365336418152,
      "recall_at_5": 0.0,
      "precision_at_5": 0.0,
      "mrr": 0.0,
      "resource_metrics": {
        "duration": 0.0,
        "cpu": {
          "avg": 0.0,
          "max": 0.0,
          "min": 0.0
        },
        "memory": {
          "avg_mb": 15186.078125,
          "max_mb": 15186.078125,
          "min_mb": 15186.078125
        },
        "disk": {
          "read_total_mb": 0.0,
          "write_total_mb": 0.0
        },
        "network": {
          "sent_total_mb": 0.0,
          "recv_total_mb": 0.0
        }
      }
    },
    {
      "top_k": 10,
      "num_queries": 10,
      "avg_latency_ms": 26.193785667419434,
      "p50_latency_ms": 23.389101028442383,
      "p95_latency_ms": 48.80499839782715,
      "p99_latency_ms": 48.80499839782715,
      "min_latency_ms": 8.136987686157227,
      "max_latency_ms": 48.80499839782715,
      "queries_per_second": 38.17699406633796,
      "avg_similarity": 0.4576154735684394,
      "avg_top1_similarity": 0.5281620055437088,
      "min_similarity": 0.42120504677295684,
      "recall_at_10": 0.0,
      "precision_at_10": 0.0,
      "mrr": 0.0,
      "resource_metrics": {
        "duration": 0.0,
        "cpu": {
          "avg": 26.4,
          "max": 26.4,
          "min": 26.4
        },
        "memory": {
          "avg_mb": 14828.796875,
          "max_mb": 14828.796875,
          "min_mb": 14828.796875
        },
        "disk": {
          "read_total_mb": 0.390625,
          "write_total_mb": 0.125
        },
        "network": {
          "sent_total_mb": 0.0,
          "recv_total_mb": 0.0
        }
      }
    },
    {
      "top_k": 20,
      "num_queries": 10,
      "avg_latency_ms": 28.327155113220215,
      "p50_latency_ms": 33.471107482910156,
      "p95_latency_ms": 60.594797134399414,
      "p99_latency_ms": 60.594797134399414,
      "min_latency_ms": 8.07499885559082,
      "max_latency_ms": 60.594797134399414,
      "queries_per_second": 35.30181537832235,
      "avg_similarity": 0.4268869496881962,
      "avg_top1_similarity": 0.5281620055437088,
      "min_similarity": 0.3815583735704422,
      "recall_at_20": 0.0,
      "precision_at_20": 0.0,
      "mrr": 0.0,
      "resource_metrics": {
        "duration": 0.0,
        "cpu": {
          "avg": 0.0,
          "max": 0.0,
          "min": 0.0
        },
        "memory": {
          "avg_mb": 13669.84375,
          "max_mb": 13669.84375,
          "min_mb": 13669.84375
        },
        "disk": {
          "read_total_mb": 0.0,
          "write_total_mb": 0.0
        },
        "network": {
          "sent_total_mb": 0.0,
          "recv_total_mb": 0.0
        }
      }
    }
  ]
}