{
  "database": "opensearch",
  "config": {
    "corpus_path": "Data/test_corpus/corpus_sizes/corpus_1k",
    "test_cases_path": "Data/test_corpus/test_cases.json",
    "output_dir": "results/opensearch_scaling_n10/corpus_1k/run_6",
    "opensearch_config": {
      "host": "localhost",
      "port": 9200,
      "index_name": "benchmark_test"
    },
    "embedding_model": "sentence-transformers/all-MiniLM-L6-v2",
    "embedding_type": "sentence-transformers",
    "chunk_size": 512,
    "chunk_overlap": 50,
    "chunk_strategy": "fixed",
    "top_k_values": [
      1,
      3,
      5,
      10,
      20
    ],
    "batch_size": 100
  },
  "timestamp": "2026-01-10 07:59:44",
  "ingestion": {
    "total_time_sec": 19.31864309310913,
    "num_documents": 1,
    "num_chunks": 5562,
    "parsing_time_sec": 0.0076351165771484375,
    "embedding_time_sec": 13.431947946548462,
    "insertion_time_sec": 5.785194158554077
  },
  "query_results": [
    {
      "top_k": 1,
      "num_queries": 10,
      "avg_latency_ms": 31.435537338256836,
      "p50_latency_ms": 31.6619873046875,
      "p95_latency_ms": 80.0027847290039,
      "p99_latency_ms": 80.0027847290039,
      "min_latency_ms": 11.218070983886719,
      "max_latency_ms": 80.0027847290039,
      "queries_per_second": 31.811131116979723,
      "avg_similarity": 0.5281620380524102,
      "avg_top1_similarity": 0.5281620380524102,
      "min_similarity": 0.5281620380524102,
      "recall_at_1": 0.0,
      "precision_at_1": 0.0,
      "mrr": 0.0,
      "resource_metrics": {
        "duration": 0.0,
        "cpu": {
          "avg": 0.0,
          "max": 0.0,
          "min": 0.0
        },
        "memory": {
          "avg_mb": 10217.09375,
          "max_mb": 10217.09375,
          "min_mb": 10217.09375
        },
        "disk": {
          "read_total_mb": 0.0,
          "write_total_mb": 0.0
        },
        "network": {
          "sent_total_mb": 0.0,
          "recv_total_mb": 0.0
        }
      }
    },
    {
      "top_k": 3,
      "num_queries": 10,
      "avg_latency_ms": 12.736892700195312,
      "p50_latency_ms": 11.98720932006836,
      "p95_latency_ms": 16.615867614746094,
      "p99_latency_ms": 16.615867614746094,
      "min_latency_ms": 10.438919067382812,
      "max_latency_ms": 16.615867614746094,
      "queries_per_second": 78.51208481835334,
      "avg_similarity": 0.5003335785744996,
      "avg_top1_similarity": 0.5281620380524102,
      "min_similarity": 0.4769755785670771,
      "recall_at_3": 0.0,
      "precision_at_3": 0.0,
      "mrr": 0.0,
      "resource_metrics": {
        "duration": 0.0,
        "cpu": {
          "avg": 52.4,
          "max": 52.4,
          "min": 52.4
        },
        "memory": {
          "avg_mb": 11066.125,
          "max_mb": 11066.125,
          "min_mb": 11066.125
        },
        "disk": {
          "read_total_mb": 0.0,
          "write_total_mb": 0.00390625
        },
        "network": {
          "sent_total_mb": 0.0,
          "recv_total_mb": 0.0
        }
      }
    },
    {
      "top_k": 5,
      "num_queries": 10,
      "avg_latency_ms": 13.726997375488281,
      "p50_latency_ms": 12.757062911987305,
      "p95_latency_ms": 23.082971572875977,
      "p99_latency_ms": 23.082971572875977,
      "min_latency_ms": 11.083602905273438,
      "max_latency_ms": 23.082971572875977,
      "queries_per_second": 72.84914338117801,
      "avg_similarity": 0.48294005260895656,
      "avg_top1_similarity": 0.5281620380524102,
      "min_similarity": 0.45247993988108204,
      "recall_at_5": 0.0,
      "precision_at_5": 0.0,
      "mrr": 0.0,
      "resource_metrics": {
        "duration": 0.0,
        "cpu": {
          "avg": 42.3,
          "max": 42.3,
          "min": 42.3
        },
        "memory": {
          "avg_mb": 11126.78125,
          "max_mb": 11126.78125,
          "min_mb": 11126.78125
        },
        "disk": {
          "read_total_mb": 0.0,
          "write_total_mb": 0.00390625
        },
        "network": {
          "sent_total_mb": 0.0,
          "recv_total_mb": 0.0
        }
      }
    },
    {
      "top_k": 10,
      "num_queries": 10,
      "avg_latency_ms": 16.58339500427246,
      "p50_latency_ms": 15.413999557495117,
      "p95_latency_ms": 25.30694007873535,
      "p99_latency_ms": 25.30694007873535,
      "min_latency_ms": 12.774229049682617,
      "max_latency_ms": 25.30694007873535,
      "queries_per_second": 60.30128328622487,
      "avg_similarity": 0.4581516809590983,
      "avg_top1_similarity": 0.5281620380524102,
      "min_similarity": 0.4219653128287223,
      "recall_at_10": 0.0,
      "precision_at_10": 0.0,
      "mrr": 0.0,
      "resource_metrics": {
        "duration": 0.0,
        "cpu": {
          "avg": 38.3,
          "max": 38.3,
          "min": 38.3
        },
        "memory": {
          "avg_mb": 11030.0625,
          "max_mb": 11030.0625,
          "min_mb": 11030.0625
        },
        "disk": {
          "read_total_mb": 0.0,
          "write_total_mb": 0.0
        },
        "network": {
          "sent_total_mb": 0.0,
          "recv_total_mb": 0.0
        }
      }
    },
    {
      "top_k": 20,
      "num_queries": 10,
      "avg_latency_ms": 17.67716407775879,
      "p50_latency_ms": 17.386913299560547,
      "p95_latency_ms": 25.262117385864258,
      "p99_latency_ms": 25.262117385864258,
      "min_latency_ms": 15.006065368652344,
      "max_latency_ms": 25.262117385864258,
      "queries_per_second": 56.570159987267914,
      "avg_similarity": 0.42762155499305193,
      "avg_top1_similarity": 0.5281620380524102,
      "min_similarity": 0.38250702953675664,
      "recall_at_20": 0.0,
      "precision_at_20": 0.0,
      "mrr": 0.0,
      "resource_metrics": {
        "duration": 0.0,
        "cpu": {
          "avg": 34.9,
          "max": 34.9,
          "min": 34.9
        },
        "memory": {
          "avg_mb": 11005.125,
          "max_mb": 11005.125,
          "min_mb": 11005.125
        },
        "disk": {
          "read_total_mb": 0.0,
          "write_total_mb": 0.0
        },
        "network": {
          "sent_total_mb": 0.0,
          "recv_total_mb": 0.0
        }
      }
    }
  ]
}