{
  "database": "faiss",
  "config": {
    "corpus_path": "Data/test_corpus/corpus_sizes/corpus_1m",
    "test_cases_path": "Data/test_corpus/test_cases.json",
    "output_dir": "results/faiss_scaling_n10/corpus_1m/run_9",
    "faiss_config": {
      "index_path": "./vector_stores/faiss_index.index",
      "index_type": "Flat"
    },
    "embedding_model": "sentence-transformers/all-MiniLM-L6-v2",
    "embedding_type": "sentence-transformers",
    "chunk_size": 512,
    "chunk_overlap": 50,
    "chunk_strategy": "fixed",
    "top_k_values": [
      1,
      3,
      5,
      10,
      20
    ],
    "batch_size": 100
  },
  "timestamp": "2026-01-08 06:08:04",
  "ingestion": {
    "total_time_sec": 5188.753015995026,
    "num_documents": 1,
    "num_chunks": 2249072,
    "parsing_time_sec": 3.1722381114959717,
    "embedding_time_sec": 5170.0722398757935,
    "insertion_time_sec": 5.10637903213501
  },
  "query_results": [
    {
      "top_k": 1,
      "num_queries": 10,
      "avg_latency_ms": 398.0967044830322,
      "p50_latency_ms": 96.84300422668457,
      "p95_latency_ms": 3196.073055267334,
      "p99_latency_ms": 3196.073055267334,
      "min_latency_ms": 64.12696838378906,
      "max_latency_ms": 3196.073055267334,
      "queries_per_second": 2.5119524696859736,
      "avg_similarity": 0.6081104759530154,
      "avg_top1_similarity": 0.6081104759530154,
      "min_similarity": 0.6081104759530154,
      "recall_at_1": 0.0,
      "precision_at_1": 0.0,
      "mrr": 0.0,
      "resource_metrics": {
        "duration": 3.564527750015259,
        "cpu": {
          "avg": 16.6375,
          "max": 37.0,
          "min": 0.0
        },
        "memory": {
          "avg_mb": 9244.529296875,
          "max_mb": 10203.09375,
          "min_mb": 8520.984375
        },
        "disk": {
          "read_total_mb": 1923.453125,
          "write_total_mb": 205.2265625
        },
        "network": {
          "sent_total_mb": 0.01953125,
          "recv_total_mb": 0.0107421875
        }
      }
    },
    {
      "top_k": 3,
      "num_queries": 10,
      "avg_latency_ms": 63.445305824279785,
      "p50_latency_ms": 62.402963638305664,
      "p95_latency_ms": 73.13084602355957,
      "p99_latency_ms": 73.13084602355957,
      "min_latency_ms": 56.092023849487305,
      "max_latency_ms": 73.13084602355957,
      "queries_per_second": 15.761607372019501,
      "avg_similarity": 0.5970919434566881,
      "avg_top1_similarity": 0.6081104759530154,
      "min_similarity": 0.5869038129129002,
      "recall_at_3": 0.0,
      "precision_at_3": 0.0,
      "mrr": 0.0,
      "resource_metrics": {
        "duration": 0.5107529163360596,
        "cpu": {
          "avg": 24.55,
          "max": 30.8,
          "min": 18.3
        },
        "memory": {
          "avg_mb": 10058.1953125,
          "max_mb": 10078.359375,
          "min_mb": 10038.03125
        },
        "disk": {
          "read_total_mb": 43.1875,
          "write_total_mb": 0.4765625
        },
        "network": {
          "sent_total_mb": 0.0087890625,
          "recv_total_mb": 0.0
        }
      }
    },
    {
      "top_k": 5,
      "num_queries": 10,
      "avg_latency_ms": 62.05101013183594,
      "p50_latency_ms": 59.20910835266113,
      "p95_latency_ms": 84.96475219726562,
      "p99_latency_ms": 84.96475219726562,
      "min_latency_ms": 56.1671257019043,
      "max_latency_ms": 84.96475219726562,
      "queries_per_second": 16.115773101442862,
      "avg_similarity": 0.589569724902797,
      "avg_top1_similarity": 0.6081104759530154,
      "min_similarity": 0.5767552424979981,
      "recall_at_5": 0.0,
      "precision_at_5": 0.0,
      "mrr": 0.0,
      "resource_metrics": {
        "duration": 0.509131669998169,
        "cpu": {
          "avg": 13.100000000000001,
          "max": 14.4,
          "min": 11.8
        },
        "memory": {
          "avg_mb": 9863.3515625,
          "max_mb": 9995.375,
          "min_mb": 9731.328125
        },
        "disk": {
          "read_total_mb": 9.26953125,
          "write_total_mb": 0.0
        },
        "network": {
          "sent_total_mb": 0.0,
          "recv_total_mb": 0.0009765625
        }
      }
    },
    {
      "top_k": 10,
      "num_queries": 10,
      "avg_latency_ms": 62.548208236694336,
      "p50_latency_ms": 58.19296836853027,
      "p95_latency_ms": 82.34596252441406,
      "p99_latency_ms": 82.34596252441406,
      "min_latency_ms": 55.52315711975098,
      "max_latency_ms": 82.34596252441406,
      "queries_per_second": 15.987668203313026,
      "avg_similarity": 0.5771787789131821,
      "avg_top1_similarity": 0.6081104759530154,
      "min_similarity": 0.5588513399533241,
      "recall_at_10": 0.0,
      "precision_at_10": 0.0,
      "mrr": 0.0,
      "resource_metrics": {
        "duration": 0.5092213153839111,
        "cpu": {
          "avg": 12.600000000000001,
          "max": 18.3,
          "min": 6.9
        },
        "memory": {
          "avg_mb": 9611.6328125,
          "max_mb": 9699.671875,
          "min_mb": 9523.59375
        },
        "disk": {
          "read_total_mb": 5.34375,
          "write_total_mb": 0.09375
        },
        "network": {
          "sent_total_mb": 0.005859375,
          "recv_total_mb": 0.0068359375
        }
      }
    },
    {
      "top_k": 20,
      "num_queries": 10,
      "avg_latency_ms": 63.243770599365234,
      "p50_latency_ms": 57.446956634521484,
      "p95_latency_ms": 112.39194869995117,
      "p99_latency_ms": 112.39194869995117,
      "min_latency_ms": 56.27894401550293,
      "max_latency_ms": 112.39194869995117,
      "queries_per_second": 15.81183396440371,
      "avg_similarity": 0.5616581162708834,
      "avg_top1_similarity": 0.6081104759530154,
      "min_similarity": 0.5375578751597476,
      "recall_at_20": 0.0,
      "precision_at_20": 0.0,
      "mrr": 0.0,
      "resource_metrics": {
        "duration": 0.5085179805755615,
        "cpu": {
          "avg": 12.3,
          "max": 14.4,
          "min": 10.2
        },
        "memory": {
          "avg_mb": 9164.953125,
          "max_mb": 9231.296875,
          "min_mb": 9098.609375
        },
        "disk": {
          "read_total_mb": 4.94921875,
          "write_total_mb": 1.625
        },
        "network": {
          "sent_total_mb": 0.001953125,
          "recv_total_mb": 0.0009765625
        }
      }
    }
  ]
}