{
  "database": "qdrant",
  "config": {
    "corpus_path": "Data/test_corpus/documents",
    "test_cases_path": "Data/test_corpus/test_cases.json",
    "output_dir": "results/qdrant_scaling_n3/corpus_baseline/run_2",
    "qdrant_config": {
      "host": "localhost",
      "port": 6333,
      "collection_name": "benchmark_test"
    },
    "embedding_model": "sentence-transformers/all-MiniLM-L6-v2",
    "embedding_type": "sentence-transformers",
    "chunk_size": 512,
    "chunk_overlap": 50,
    "chunk_strategy": "fixed",
    "top_k_values": [
      1,
      3,
      5,
      10,
      20
    ],
    "batch_size": 100
  },
  "timestamp": "2025-12-22 17:55:09",
  "ingestion": {
    "total_time_sec": 1.0230917930603027,
    "num_documents": 20,
    "num_chunks": 175,
    "parsing_time_sec": 0.00013899803161621094,
    "embedding_time_sec": 0.567018985748291,
    "insertion_time_sec": 0.07012295722961426
  },
  "query_results": [
    {
      "top_k": 1,
      "num_queries": 10,
      "avg_latency_ms": 46.82350158691406,
      "p50_latency_ms": 51.386117935180664,
      "p95_latency_ms": 76.57980918884277,
      "p99_latency_ms": 76.57980918884277,
      "min_latency_ms": 18.826961517333984,
      "max_latency_ms": 76.57980918884277,
      "queries_per_second": 21.356796610859913,
      "avg_similarity": 0.7316954950000001,
      "avg_top1_similarity": 0.7316954950000001,
      "min_similarity": 0.7316954950000001,
      "recall_at_1": 0.0,
      "precision_at_1": 0.0,
      "mrr": 0.0,
      "resource_metrics": {
        "duration": 0.0,
        "cpu": {
          "avg": 9.0,
          "max": 9.0,
          "min": 9.0
        },
        "memory": {
          "avg_mb": 13417.421875,
          "max_mb": 13417.421875,
          "min_mb": 13417.421875
        },
        "disk": {
          "read_total_mb": 0.0,
          "write_total_mb": 0.0
        },
        "network": {
          "sent_total_mb": 0.0,
          "recv_total_mb": 0.0
        }
      }
    },
    {
      "top_k": 3,
      "num_queries": 10,
      "avg_latency_ms": 26.572489738464355,
      "p50_latency_ms": 23.221969604492188,
      "p95_latency_ms": 53.115129470825195,
      "p99_latency_ms": 53.115129470825195,
      "min_latency_ms": 9.668111801147461,
      "max_latency_ms": 53.115129470825195,
      "queries_per_second": 37.63290567960873,
      "avg_similarity": 0.6881672943333332,
      "avg_top1_similarity": 0.7316954950000001,
      "min_similarity": 0.6527654500000001,
      "recall_at_3": 0.0,
      "precision_at_3": 0.0,
      "mrr": 0.0,
      "resource_metrics": {
        "duration": 0.0,
        "cpu": {
          "avg": 13.9,
          "max": 13.9,
          "min": 13.9
        },
        "memory": {
          "avg_mb": 13471.28125,
          "max_mb": 13471.28125,
          "min_mb": 13471.28125
        },
        "disk": {
          "read_total_mb": 0.0,
          "write_total_mb": 0.0
        },
        "network": {
          "sent_total_mb": 0.0,
          "recv_total_mb": 0.0
        }
      }
    },
    {
      "top_k": 5,
      "num_queries": 10,
      "avg_latency_ms": 22.085285186767578,
      "p50_latency_ms": 22.03083038330078,
      "p95_latency_ms": 32.8059196472168,
      "p99_latency_ms": 32.8059196472168,
      "min_latency_ms": 8.951187133789062,
      "max_latency_ms": 32.8059196472168,
      "queries_per_second": 45.27901684507796,
      "avg_similarity": 0.6663784032,
      "avg_top1_similarity": 0.7316954950000001,
      "min_similarity": 0.624387176,
      "recall_at_5": 0.0,
      "precision_at_5": 0.0,
      "mrr": 0.0,
      "resource_metrics": {
        "duration": 0.0,
        "cpu": {
          "avg": 15.1,
          "max": 15.1,
          "min": 15.1
        },
        "memory": {
          "avg_mb": 13492.515625,
          "max_mb": 13492.515625,
          "min_mb": 13492.515625
        },
        "disk": {
          "read_total_mb": 0.0,
          "write_total_mb": 0.0
        },
        "network": {
          "sent_total_mb": 0.0,
          "recv_total_mb": 0.0
        }
      }
    },
    {
      "top_k": 10,
      "num_queries": 10,
      "avg_latency_ms": 26.82030200958252,
      "p50_latency_ms": 24.02210235595703,
      "p95_latency_ms": 53.1158447265625,
      "p99_latency_ms": 53.1158447265625,
      "min_latency_ms": 9.607076644897461,
      "max_latency_ms": 53.1158447265625,
      "queries_per_second": 37.28518790141565,
      "avg_similarity": 0.6292959034,
      "avg_top1_similarity": 0.7316954950000001,
      "min_similarity": 0.573929708,
      "recall_at_10": 0.0,
      "precision_at_10": 0.0,
      "mrr": 0.0,
      "resource_metrics": {
        "duration": 0.0,
        "cpu": {
          "avg": 10.9,
          "max": 10.9,
          "min": 10.9
        },
        "memory": {
          "avg_mb": 13521.4375,
          "max_mb": 13521.4375,
          "min_mb": 13521.4375
        },
        "disk": {
          "read_total_mb": 0.0,
          "write_total_mb": 0.0
        },
        "network": {
          "sent_total_mb": 0.0,
          "recv_total_mb": 0.0
        }
      }
    },
    {
      "top_k": 20,
      "num_queries": 10,
      "avg_latency_ms": 23.342370986938477,
      "p50_latency_ms": 21.844148635864258,
      "p95_latency_ms": 43.15900802612305,
      "p99_latency_ms": 43.15900802612305,
      "min_latency_ms": 11.90805435180664,
      "max_latency_ms": 43.15900802612305,
      "queries_per_second": 42.840549512282315,
      "avg_similarity": 0.5740238879499999,
      "avg_top1_similarity": 0.7316954950000001,
      "min_similarity": 0.493848167,
      "recall_at_20": 0.0,
      "precision_at_20": 0.0,
      "mrr": 0.0,
      "resource_metrics": {
        "duration": 0.0,
        "cpu": {
          "avg": 10.7,
          "max": 10.7,
          "min": 10.7
        },
        "memory": {
          "avg_mb": 13521.796875,
          "max_mb": 13521.796875,
          "min_mb": 13521.796875
        },
        "disk": {
          "read_total_mb": 0.0,
          "write_total_mb": 0.0
        },
        "network": {
          "sent_total_mb": 0.0,
          "recv_total_mb": 0.0
        }
      }
    }
  ]
}