{
  "database": "pgvector",
  "config": {
    "corpus_path": "Data/test_corpus/corpus_sizes/corpus_10k",
    "test_cases_path": "Data/test_corpus/test_cases.json",
    "output_dir": "results/pgvector_scaling_n10/corpus_10k/run_6",
    "pgvector_config": {
      "host": "localhost",
      "port": 5433,
      "database": "vectordb",
      "user": "postgres",
      "password": "postgres",
      "table_name": "benchmark_test",
      "index_type": "ivfflat"
    },
    "embedding_model": "sentence-transformers/all-MiniLM-L6-v2",
    "embedding_type": "sentence-transformers",
    "chunk_size": 512,
    "chunk_overlap": 50,
    "chunk_strategy": "fixed",
    "top_k_values": [
      1,
      3,
      5,
      10,
      20
    ],
    "batch_size": 100
  },
  "timestamp": "2026-01-10 08:13:10",
  "ingestion": {
    "total_time_sec": 202.7453329563141,
    "num_documents": 1,
    "num_chunks": 69903,
    "parsing_time_sec": 0.14302635192871094,
    "embedding_time_sec": 167.40672731399536,
    "insertion_time_sec": 34.335578203201294
  },
  "query_results": [
    {
      "top_k": 1,
      "num_queries": 10,
      "avg_latency_ms": 51.61638259887695,
      "p50_latency_ms": 42.350053787231445,
      "p95_latency_ms": 226.42993927001953,
      "p99_latency_ms": 226.42993927001953,
      "min_latency_ms": 11.065006256103516,
      "max_latency_ms": 226.42993927001953,
      "queries_per_second": 19.37369396401207,
      "avg_similarity": 0.5972839128151974,
      "avg_top1_similarity": 0.5972839128151974,
      "min_similarity": 0.5972839128151974,
      "recall_at_1": 0.0,
      "precision_at_1": 0.0,
      "mrr": 0.0,
      "resource_metrics": {
        "duration": 0.5088419914245605,
        "cpu": {
          "avg": 10.3,
          "max": 20.6,
          "min": 0.0
        },
        "memory": {
          "avg_mb": 8597.1484375,
          "max_mb": 9120.421875,
          "min_mb": 8073.875
        },
        "disk": {
          "read_total_mb": 1.30078125,
          "write_total_mb": 5.109375
        },
        "network": {
          "sent_total_mb": 0.080078125,
          "recv_total_mb": 0.0810546875
        }
      }
    },
    {
      "top_k": 3,
      "num_queries": 10,
      "avg_latency_ms": 13.988256454467773,
      "p50_latency_ms": 14.521121978759766,
      "p95_latency_ms": 17.644882202148438,
      "p99_latency_ms": 17.644882202148438,
      "min_latency_ms": 9.056806564331055,
      "max_latency_ms": 17.644882202148438,
      "queries_per_second": 71.48853777845954,
      "avg_similarity": 0.570672856956934,
      "avg_top1_similarity": 0.5972839128151974,
      "min_similarity": 0.5505419429834566,
      "recall_at_3": 0.0,
      "precision_at_3": 0.0,
      "mrr": 0.0,
      "resource_metrics": {
        "duration": 0.0,
        "cpu": {
          "avg": 12.1,
          "max": 12.1,
          "min": 12.1
        },
        "memory": {
          "avg_mb": 9256.078125,
          "max_mb": 9256.078125,
          "min_mb": 9256.078125
        },
        "disk": {
          "read_total_mb": 0.0,
          "write_total_mb": 0.0
        },
        "network": {
          "sent_total_mb": 0.0,
          "recv_total_mb": 0.0
        }
      }
    },
    {
      "top_k": 5,
      "num_queries": 10,
      "avg_latency_ms": 15.052485466003418,
      "p50_latency_ms": 15.331268310546875,
      "p95_latency_ms": 18.69988441467285,
      "p99_latency_ms": 18.69988441467285,
      "min_latency_ms": 11.590003967285156,
      "max_latency_ms": 18.69988441467285,
      "queries_per_second": 66.43421129743231,
      "avg_similarity": 0.5560518949006095,
      "avg_top1_similarity": 0.5972839128151974,
      "min_similarity": 0.5299821839576263,
      "recall_at_5": 0.0,
      "precision_at_5": 0.0,
      "mrr": 0.0,
      "resource_metrics": {
        "duration": 0.0,
        "cpu": {
          "avg": 11.9,
          "max": 11.9,
          "min": 11.9
        },
        "memory": {
          "avg_mb": 9260.59375,
          "max_mb": 9260.59375,
          "min_mb": 9260.59375
        },
        "disk": {
          "read_total_mb": 0.0625,
          "write_total_mb": 0.0
        },
        "network": {
          "sent_total_mb": 0.0,
          "recv_total_mb": 0.0
        }
      }
    },
    {
      "top_k": 10,
      "num_queries": 10,
      "avg_latency_ms": 14.047694206237793,
      "p50_latency_ms": 13.924121856689453,
      "p95_latency_ms": 17.210006713867188,
      "p99_latency_ms": 17.210006713867188,
      "min_latency_ms": 11.989831924438477,
      "max_latency_ms": 17.210006713867188,
      "queries_per_second": 71.18605981300163,
      "avg_similarity": 0.5319314369218939,
      "avg_top1_similarity": 0.5972839128151974,
      "min_similarity": 0.49561807908199584,
      "recall_at_10": 0.0,
      "precision_at_10": 0.0,
      "mrr": 0.0,
      "resource_metrics": {
        "duration": 0.0,
        "cpu": {
          "avg": 14.6,
          "max": 14.6,
          "min": 14.6
        },
        "memory": {
          "avg_mb": 9254.703125,
          "max_mb": 9254.703125,
          "min_mb": 9254.703125
        },
        "disk": {
          "read_total_mb": 0.0,
          "write_total_mb": 0.0
        },
        "network": {
          "sent_total_mb": 0.0,
          "recv_total_mb": 0.0
        }
      }
    },
    {
      "top_k": 20,
      "num_queries": 10,
      "avg_latency_ms": 13.487958908081055,
      "p50_latency_ms": 13.752222061157227,
      "p95_latency_ms": 16.71004295349121,
      "p99_latency_ms": 16.71004295349121,
      "min_latency_ms": 10.260820388793945,
      "max_latency_ms": 16.71004295349121,
      "queries_per_second": 74.14020214732928,
      "avg_similarity": 0.5037875273879951,
      "avg_top1_similarity": 0.5972839128151974,
      "min_similarity": 0.4634091860159863,
      "recall_at_20": 0.0,
      "precision_at_20": 0.0,
      "mrr": 0.0,
      "resource_metrics": {
        "duration": 0.0,
        "cpu": {
          "avg": 11.3,
          "max": 11.3,
          "min": 11.3
        },
        "memory": {
          "avg_mb": 9132.125,
          "max_mb": 9132.125,
          "min_mb": 9132.125
        },
        "disk": {
          "read_total_mb": 0.0,
          "write_total_mb": 0.0
        },
        "network": {
          "sent_total_mb": 0.0,
          "recv_total_mb": 0.0
        }
      }
    }
  ]
}