{
  "database": "pgvector",
  "config": {
    "corpus_path": "Data/test_corpus/corpus_sizes/corpus_10k",
    "test_cases_path": "Data/test_corpus/test_cases.json",
    "output_dir": "results/pgvector_scaling_n10/corpus_10k/run_10",
    "pgvector_config": {
      "host": "localhost",
      "port": 5433,
      "database": "vectordb",
      "user": "postgres",
      "password": "postgres",
      "table_name": "benchmark_test",
      "index_type": "ivfflat"
    },
    "embedding_model": "sentence-transformers/all-MiniLM-L6-v2",
    "embedding_type": "sentence-transformers",
    "chunk_size": 512,
    "chunk_overlap": 50,
    "chunk_strategy": "fixed",
    "top_k_values": [
      1,
      3,
      5,
      10,
      20
    ],
    "batch_size": 100
  },
  "timestamp": "2026-01-10 08:27:13",
  "ingestion": {
    "total_time_sec": 200.17474389076233,
    "num_documents": 1,
    "num_chunks": 69903,
    "parsing_time_sec": 0.14762187004089355,
    "embedding_time_sec": 166.49807906150818,
    "insertion_time_sec": 33.207452058792114
  },
  "query_results": [
    {
      "top_k": 1,
      "num_queries": 10,
      "avg_latency_ms": 55.88409900665283,
      "p50_latency_ms": 37.57596015930176,
      "p95_latency_ms": 291.11599922180176,
      "p99_latency_ms": 291.11599922180176,
      "min_latency_ms": 11.26408576965332,
      "max_latency_ms": 291.11599922180176,
      "queries_per_second": 17.894177731682728,
      "avg_similarity": 0.5972839128151974,
      "avg_top1_similarity": 0.5972839128151974,
      "min_similarity": 0.5972839128151974,
      "recall_at_1": 0.0,
      "precision_at_1": 0.0,
      "mrr": 0.0,
      "resource_metrics": {
        "duration": 0.5108401775360107,
        "cpu": {
          "avg": 38.4,
          "max": 40.4,
          "min": 36.4
        },
        "memory": {
          "avg_mb": 9415.3359375,
          "max_mb": 9964.8125,
          "min_mb": 8865.859375
        },
        "disk": {
          "read_total_mb": 8.84765625,
          "write_total_mb": 8.296875
        },
        "network": {
          "sent_total_mb": 0.0712890625,
          "recv_total_mb": 0.072265625
        }
      }
    },
    {
      "top_k": 3,
      "num_queries": 10,
      "avg_latency_ms": 13.651180267333984,
      "p50_latency_ms": 13.25225830078125,
      "p95_latency_ms": 19.443988800048828,
      "p99_latency_ms": 19.443988800048828,
      "min_latency_ms": 10.369062423706055,
      "max_latency_ms": 19.443988800048828,
      "queries_per_second": 73.25373926772528,
      "avg_similarity": 0.570672856956934,
      "avg_top1_similarity": 0.5972839128151974,
      "min_similarity": 0.5505419429834566,
      "recall_at_3": 0.0,
      "precision_at_3": 0.0,
      "mrr": 0.0,
      "resource_metrics": {
        "duration": 0.0,
        "cpu": {
          "avg": 27.5,
          "max": 27.5,
          "min": 27.5
        },
        "memory": {
          "avg_mb": 9929.21875,
          "max_mb": 9929.21875,
          "min_mb": 9929.21875
        },
        "disk": {
          "read_total_mb": 0.0,
          "write_total_mb": 0.0
        },
        "network": {
          "sent_total_mb": 0.0,
          "recv_total_mb": 0.0
        }
      }
    },
    {
      "top_k": 5,
      "num_queries": 10,
      "avg_latency_ms": 12.984561920166016,
      "p50_latency_ms": 12.982845306396484,
      "p95_latency_ms": 16.891002655029297,
      "p99_latency_ms": 16.891002655029297,
      "min_latency_ms": 11.296987533569336,
      "max_latency_ms": 16.891002655029297,
      "queries_per_second": 77.01453511857983,
      "avg_similarity": 0.5553701387596253,
      "avg_top1_similarity": 0.5972839128151974,
      "min_similarity": 0.5274524585143174,
      "recall_at_5": 0.0,
      "precision_at_5": 0.0,
      "mrr": 0.0,
      "resource_metrics": {
        "duration": 0.0,
        "cpu": {
          "avg": 36.9,
          "max": 36.9,
          "min": 36.9
        },
        "memory": {
          "avg_mb": 9816.375,
          "max_mb": 9816.375,
          "min_mb": 9816.375
        },
        "disk": {
          "read_total_mb": 0.0,
          "write_total_mb": 0.0
        },
        "network": {
          "sent_total_mb": 0.0,
          "recv_total_mb": 0.0
        }
      }
    },
    {
      "top_k": 10,
      "num_queries": 10,
      "avg_latency_ms": 15.663599967956543,
      "p50_latency_ms": 14.72783088684082,
      "p95_latency_ms": 20.555973052978516,
      "p99_latency_ms": 20.555973052978516,
      "min_latency_ms": 11.777877807617188,
      "max_latency_ms": 20.555973052978516,
      "queries_per_second": 63.84228415215707,
      "avg_similarity": 0.5310023561782653,
      "avg_top1_similarity": 0.5972839128151974,
      "min_similarity": 0.4952456488759786,
      "recall_at_10": 0.0,
      "precision_at_10": 0.0,
      "mrr": 0.0,
      "resource_metrics": {
        "duration": 0.0,
        "cpu": {
          "avg": 26.5,
          "max": 26.5,
          "min": 26.5
        },
        "memory": {
          "avg_mb": 9822.890625,
          "max_mb": 9822.890625,
          "min_mb": 9822.890625
        },
        "disk": {
          "read_total_mb": 0.0,
          "write_total_mb": 0.0
        },
        "network": {
          "sent_total_mb": 0.0,
          "recv_total_mb": 0.0
        }
      }
    },
    {
      "top_k": 20,
      "num_queries": 10,
      "avg_latency_ms": 13.458633422851562,
      "p50_latency_ms": 13.314008712768555,
      "p95_latency_ms": 18.651247024536133,
      "p99_latency_ms": 18.651247024536133,
      "min_latency_ms": 10.040044784545898,
      "max_latency_ms": 18.651247024536133,
      "queries_per_second": 74.30174881664352,
      "avg_similarity": 0.5029418416761329,
      "avg_top1_similarity": 0.5972839128151974,
      "min_similarity": 0.46290656713864503,
      "recall_at_20": 0.0,
      "precision_at_20": 0.0,
      "mrr": 0.0,
      "resource_metrics": {
        "duration": 0.0,
        "cpu": {
          "avg": 22.6,
          "max": 22.6,
          "min": 22.6
        },
        "memory": {
          "avg_mb": 9811.796875,
          "max_mb": 9811.796875,
          "min_mb": 9811.796875
        },
        "disk": {
          "read_total_mb": 0.0,
          "write_total_mb": 0.0
        },
        "network": {
          "sent_total_mb": 0.0,
          "recv_total_mb": 0.0
        }
      }
    }
  ]
}