{
  "database": "pgvector",
  "config": {
    "corpus_path": "Data/test_corpus/corpus_sizes/corpus_50k",
    "test_cases_path": "Data/test_corpus/test_cases.json",
    "output_dir": "results/pgvector_scaling_n10/corpus_50k/run_5",
    "pgvector_config": {
      "host": "localhost",
      "port": 5433,
      "database": "vectordb",
      "user": "postgres",
      "password": "postgres",
      "table_name": "benchmark_test",
      "index_type": "ivfflat"
    },
    "embedding_model": "sentence-transformers/all-MiniLM-L6-v2",
    "embedding_type": "sentence-transformers",
    "chunk_size": 512,
    "chunk_overlap": 50,
    "chunk_strategy": "fixed",
    "top_k_values": [
      1,
      3,
      5,
      10,
      20
    ],
    "batch_size": 100
  },
  "timestamp": "2026-01-10 09:03:09",
  "ingestion": {
    "total_time_sec": 984.8954999446869,
    "num_documents": 1,
    "num_chunks": 345046,
    "parsing_time_sec": 0.6089732646942139,
    "embedding_time_sec": 810.5467746257782,
    "insertion_time_sec": 169.98028302192688
  },
  "query_results": [
    {
      "top_k": 1,
      "num_queries": 10,
      "avg_latency_ms": 93.87955665588379,
      "p50_latency_ms": 57.84893035888672,
      "p95_latency_ms": 537.2860431671143,
      "p99_latency_ms": 537.2860431671143,
      "min_latency_ms": 22.301197052001953,
      "max_latency_ms": 537.2860431671143,
      "queries_per_second": 10.651946340836561,
      "avg_similarity": 0.66091389531386,
      "avg_top1_similarity": 0.66091389531386,
      "min_similarity": 0.66091389531386,
      "recall_at_1": 0.0,
      "precision_at_1": 0.0,
      "mrr": 0.0,
      "resource_metrics": {
        "duration": 0.5079090595245361,
        "cpu": {
          "avg": 14.350000000000001,
          "max": 15.4,
          "min": 13.3
        },
        "memory": {
          "avg_mb": 9609.9765625,
          "max_mb": 10160.46875,
          "min_mb": 9059.484375
        },
        "disk": {
          "read_total_mb": 130.390625,
          "write_total_mb": 6.90625
        },
        "network": {
          "sent_total_mb": 0.001953125,
          "recv_total_mb": 0.0029296875
        }
      }
    },
    {
      "top_k": 3,
      "num_queries": 10,
      "avg_latency_ms": 26.79286003112793,
      "p50_latency_ms": 27.714967727661133,
      "p95_latency_ms": 30.904054641723633,
      "p99_latency_ms": 30.904054641723633,
      "min_latency_ms": 21.757841110229492,
      "max_latency_ms": 30.904054641723633,
      "queries_per_second": 37.323376408423755,
      "avg_similarity": 0.6381453653753935,
      "avg_top1_similarity": 0.66091389531386,
      "min_similarity": 0.617429116898659,
      "recall_at_3": 0.0,
      "precision_at_3": 0.0,
      "mrr": 0.0,
      "resource_metrics": {
        "duration": 0.0,
        "cpu": {
          "avg": 15.7,
          "max": 15.7,
          "min": 15.7
        },
        "memory": {
          "avg_mb": 10179.796875,
          "max_mb": 10179.796875,
          "min_mb": 10179.796875
        },
        "disk": {
          "read_total_mb": 0.0,
          "write_total_mb": 0.0
        },
        "network": {
          "sent_total_mb": 0.0,
          "recv_total_mb": 0.0
        }
      }
    },
    {
      "top_k": 5,
      "num_queries": 10,
      "avg_latency_ms": 28.217577934265137,
      "p50_latency_ms": 28.074979782104492,
      "p95_latency_ms": 34.42883491516113,
      "p99_latency_ms": 34.42883491516113,
      "min_latency_ms": 24.2769718170166,
      "max_latency_ms": 34.42883491516113,
      "queries_per_second": 35.438902741035086,
      "avg_similarity": 0.6227200671583266,
      "avg_top1_similarity": 0.66091389531386,
      "min_similarity": 0.5959627332723414,
      "recall_at_5": 0.0,
      "precision_at_5": 0.0,
      "mrr": 0.0,
      "resource_metrics": {
        "duration": 0.0,
        "cpu": {
          "avg": 16.6,
          "max": 16.6,
          "min": 16.6
        },
        "memory": {
          "avg_mb": 10268.53125,
          "max_mb": 10268.53125,
          "min_mb": 10268.53125
        },
        "disk": {
          "read_total_mb": 0.0,
          "write_total_mb": 0.0
        },
        "network": {
          "sent_total_mb": 0.0,
          "recv_total_mb": 0.0
        }
      }
    },
    {
      "top_k": 10,
      "num_queries": 10,
      "avg_latency_ms": 30.428075790405273,
      "p50_latency_ms": 29.767990112304688,
      "p95_latency_ms": 42.59300231933594,
      "p99_latency_ms": 42.59300231933594,
      "min_latency_ms": 25.360822677612305,
      "max_latency_ms": 42.59300231933594,
      "queries_per_second": 32.864385079365576,
      "avg_similarity": 0.5993353437949245,
      "avg_top1_similarity": 0.66091389531386,
      "min_similarity": 0.5653217213374025,
      "recall_at_10": 0.0,
      "precision_at_10": 0.0,
      "mrr": 0.0,
      "resource_metrics": {
        "duration": 0.0,
        "cpu": {
          "avg": 13.8,
          "max": 13.8,
          "min": 13.8
        },
        "memory": {
          "avg_mb": 10313.875,
          "max_mb": 10313.875,
          "min_mb": 10313.875
        },
        "disk": {
          "read_total_mb": 0.0,
          "write_total_mb": 0.0
        },
        "network": {
          "sent_total_mb": 0.0,
          "recv_total_mb": 0.0
        }
      }
    },
    {
      "top_k": 20,
      "num_queries": 10,
      "avg_latency_ms": 32.99760818481445,
      "p50_latency_ms": 32.95493125915527,
      "p95_latency_ms": 39.69311714172363,
      "p99_latency_ms": 39.69311714172363,
      "min_latency_ms": 25.14505386352539,
      "max_latency_ms": 39.69311714172363,
      "queries_per_second": 30.30522680308088,
      "avg_similarity": 0.56955442225731,
      "avg_top1_similarity": 0.66091389531386,
      "min_similarity": 0.5248370886680604,
      "recall_at_20": 0.0,
      "precision_at_20": 0.0,
      "mrr": 0.0,
      "resource_metrics": {
        "duration": 0.0,
        "cpu": {
          "avg": 12.3,
          "max": 12.3,
          "min": 12.3
        },
        "memory": {
          "avg_mb": 10222.65625,
          "max_mb": 10222.65625,
          "min_mb": 10222.65625
        },
        "disk": {
          "read_total_mb": 0.0,
          "write_total_mb": 0.0
        },
        "network": {
          "sent_total_mb": 0.0,
          "recv_total_mb": 0.0
        }
      }
    }
  ]
}