{
  "database": "opensearch",
  "config": {
    "corpus_path": "Data/test_corpus/documents",
    "test_cases_path": "Data/test_corpus/test_cases.json",
    "output_dir": "results/opensearch_scaling_n10/corpus_baseline/run_9",
    "opensearch_config": {
      "host": "localhost",
      "port": 9200,
      "index_name": "benchmark_test"
    },
    "embedding_model": "sentence-transformers/all-MiniLM-L6-v2",
    "embedding_type": "sentence-transformers",
    "chunk_size": 512,
    "chunk_overlap": 50,
    "chunk_strategy": "fixed",
    "top_k_values": [
      1,
      3,
      5,
      10,
      20
    ],
    "batch_size": 100
  },
  "timestamp": "2026-01-10 08:02:23",
  "ingestion": {
    "total_time_sec": 1.019716739654541,
    "num_documents": 20,
    "num_chunks": 175,
    "parsing_time_sec": 0.0001900196075439453,
    "embedding_time_sec": 0.302537202835083,
    "insertion_time_sec": 0.2086048126220703
  },
  "query_results": [
    {
      "top_k": 1,
      "num_queries": 10,
      "avg_latency_ms": 23.527836799621582,
      "p50_latency_ms": 26.031017303466797,
      "p95_latency_ms": 52.18505859375,
      "p99_latency_ms": 52.18505859375,
      "min_latency_ms": 8.630037307739258,
      "max_latency_ms": 52.18505859375,
      "queries_per_second": 42.50284497111455,
      "avg_similarity": 0.7316955051495089,
      "avg_top1_similarity": 0.7316955051495089,
      "min_similarity": 0.7316955051495089,
      "recall_at_1": 0.0,
      "precision_at_1": 0.0,
      "mrr": 0.0,
      "resource_metrics": {
        "duration": 0.0,
        "cpu": {
          "avg": 17.5,
          "max": 17.5,
          "min": 17.5
        },
        "memory": {
          "avg_mb": 11372.171875,
          "max_mb": 11372.171875,
          "min_mb": 11372.171875
        },
        "disk": {
          "read_total_mb": 0.0,
          "write_total_mb": 0.0
        },
        "network": {
          "sent_total_mb": 0.0,
          "recv_total_mb": 0.0
        }
      }
    },
    {
      "top_k": 3,
      "num_queries": 10,
      "avg_latency_ms": 13.8092041015625,
      "p50_latency_ms": 14.041900634765625,
      "p95_latency_ms": 16.499996185302734,
      "p99_latency_ms": 16.499996185302734,
      "min_latency_ms": 11.389017105102539,
      "max_latency_ms": 16.499996185302734,
      "queries_per_second": 72.41546961325967,
      "avg_similarity": 0.6881673174571981,
      "avg_top1_similarity": 0.7316955051495089,
      "min_similarity": 0.6527654327268795,
      "recall_at_3": 0.0,
      "precision_at_3": 0.0,
      "mrr": 0.0,
      "resource_metrics": {
        "duration": 0.0,
        "cpu": {
          "avg": 21.1,
          "max": 21.1,
          "min": 21.1
        },
        "memory": {
          "avg_mb": 11246.6875,
          "max_mb": 11246.6875,
          "min_mb": 11246.6875
        },
        "disk": {
          "read_total_mb": 0.0,
          "write_total_mb": 0.0
        },
        "network": {
          "sent_total_mb": 0.0,
          "recv_total_mb": 0.0
        }
      }
    },
    {
      "top_k": 5,
      "num_queries": 10,
      "avg_latency_ms": 14.850759506225586,
      "p50_latency_ms": 15.255928039550781,
      "p95_latency_ms": 19.725799560546875,
      "p99_latency_ms": 19.725799560546875,
      "min_latency_ms": 11.981010437011719,
      "max_latency_ms": 19.725799560546875,
      "queries_per_second": 67.33662339497116,
      "avg_similarity": 0.6663784365523261,
      "avg_top1_similarity": 0.7316955051495089,
      "min_similarity": 0.6243872257648605,
      "recall_at_5": 0.0,
      "precision_at_5": 0.0,
      "mrr": 0.0,
      "resource_metrics": {
        "duration": 0.0,
        "cpu": {
          "avg": 18.9,
          "max": 18.9,
          "min": 18.9
        },
        "memory": {
          "avg_mb": 11215.0625,
          "max_mb": 11215.0625,
          "min_mb": 11215.0625
        },
        "disk": {
          "read_total_mb": 0.0,
          "write_total_mb": 0.0
        },
        "network": {
          "sent_total_mb": 0.0,
          "recv_total_mb": 0.0
        }
      }
    },
    {
      "top_k": 10,
      "num_queries": 10,
      "avg_latency_ms": 13.147473335266113,
      "p50_latency_ms": 13.106822967529297,
      "p95_latency_ms": 14.926910400390625,
      "p99_latency_ms": 14.926910400390625,
      "min_latency_ms": 11.805295944213867,
      "max_latency_ms": 14.926910400390625,
      "queries_per_second": 76.06024172854954,
      "avg_similarity": 0.6292959425151484,
      "avg_top1_similarity": 0.7316955051495089,
      "min_similarity": 0.5739297547011815,
      "recall_at_10": 0.0,
      "precision_at_10": 0.0,
      "mrr": 0.0,
      "resource_metrics": {
        "duration": 0.0,
        "cpu": {
          "avg": 20.3,
          "max": 20.3,
          "min": 20.3
        },
        "memory": {
          "avg_mb": 11305.484375,
          "max_mb": 11305.484375,
          "min_mb": 11305.484375
        },
        "disk": {
          "read_total_mb": 0.0,
          "write_total_mb": 0.0
        },
        "network": {
          "sent_total_mb": 0.0,
          "recv_total_mb": 0.0
        }
      }
    },
    {
      "top_k": 20,
      "num_queries": 10,
      "avg_latency_ms": 17.5919771194458,
      "p50_latency_ms": 16.577959060668945,
      "p95_latency_ms": 29.30474281311035,
      "p99_latency_ms": 29.30474281311035,
      "min_latency_ms": 14.278888702392578,
      "max_latency_ms": 29.30474281311035,
      "queries_per_second": 56.844093941812886,
      "avg_similarity": 0.574023922469125,
      "avg_top1_similarity": 0.7316955051495089,
      "min_similarity": 0.4938481953127697,
      "recall_at_20": 0.0,
      "precision_at_20": 0.0,
      "mrr": 0.0,
      "resource_metrics": {
        "duration": 0.0,
        "cpu": {
          "avg": 20.1,
          "max": 20.1,
          "min": 20.1
        },
        "memory": {
          "avg_mb": 11308.46875,
          "max_mb": 11308.46875,
          "min_mb": 11308.46875
        },
        "disk": {
          "read_total_mb": 0.0,
          "write_total_mb": 0.0
        },
        "network": {
          "sent_total_mb": 0.0,
          "recv_total_mb": 0.0
        }
      }
    }
  ]
}