{
  "database": "faiss",
  "config": {
    "corpus_path": "Data/test_corpus/documents",
    "test_cases_path": "Data/test_corpus/test_cases.json",
    "output_dir": "results/faiss_scaling_experiment/corpus_baseline",
    "faiss_config": {
      "index_path": "./vector_stores/faiss_index.index",
      "index_type": "Flat"
    },
    "embedding_model": "sentence-transformers/all-MiniLM-L6-v2",
    "embedding_type": "sentence-transformers",
    "chunk_size": 512,
    "chunk_overlap": 50,
    "chunk_strategy": "fixed",
    "top_k_values": [
      1,
      3,
      5,
      10,
      20
    ],
    "batch_size": 100
  },
  "timestamp": "2025-12-16 08:56:07",
  "ingestion": {
    "total_time_sec": 0.5066890716552734,
    "num_documents": 20,
    "num_chunks": 175,
    "parsing_time_sec": 0.0001468658447265625,
    "embedding_time_sec": 0.355863094329834,
    "insertion_time_sec": 0.0001430511474609375
  },
  "query_results": [
    {
      "top_k": 1,
      "num_queries": 10,
      "avg_latency_ms": 20.213818550109863,
      "p50_latency_ms": 20.0960636138916,
      "p95_latency_ms": 64.18204307556152,
      "p99_latency_ms": 64.18204307556152,
      "min_latency_ms": 3.7279129028320312,
      "max_latency_ms": 64.18204307556152,
      "queries_per_second": 49.47110797106492,
      "avg_similarity": 0.6558685830481964,
      "avg_top1_similarity": 0.6558685830481964,
      "min_similarity": 0.6558685830481964,
      "recall_at_1": 0.0,
      "precision_at_1": 0.0,
      "mrr": 0.0,
      "resource_metrics": {
        "duration": 0.0,
        "cpu": {
          "avg": 0.0,
          "max": 0.0,
          "min": 0.0
        },
        "memory": {
          "avg_mb": 8412.59375,
          "max_mb": 8412.59375,
          "min_mb": 8412.59375
        },
        "disk": {
          "read_total_mb": 0.0,
          "write_total_mb": 0.0
        },
        "network": {
          "sent_total_mb": 0.0,
          "recv_total_mb": 0.0
        }
      }
    },
    {
      "top_k": 3,
      "num_queries": 10,
      "avg_latency_ms": 8.008122444152832,
      "p50_latency_ms": 7.695674896240234,
      "p95_latency_ms": 11.78288459777832,
      "p99_latency_ms": 11.78288459777832,
      "min_latency_ms": 6.25300407409668,
      "max_latency_ms": 11.78288459777832,
      "queries_per_second": 124.87321553507897,
      "avg_similarity": 0.6207565974181617,
      "avg_top1_similarity": 0.6558685830481964,
      "min_similarity": 0.5930177544379064,
      "recall_at_3": 0.0,
      "precision_at_3": 0.0,
      "mrr": 0.0,
      "resource_metrics": {
        "duration": 0.0,
        "cpu": {
          "avg": 14.1,
          "max": 14.1,
          "min": 14.1
        },
        "memory": {
          "avg_mb": 8430.609375,
          "max_mb": 8430.609375,
          "min_mb": 8430.609375
        },
        "disk": {
          "read_total_mb": 0.0,
          "write_total_mb": 0.0
        },
        "network": {
          "sent_total_mb": 0.0,
          "recv_total_mb": 0.0
        }
      }
    },
    {
      "top_k": 5,
      "num_queries": 10,
      "avg_latency_ms": 8.983826637268066,
      "p50_latency_ms": 8.133888244628906,
      "p95_latency_ms": 14.022111892700195,
      "p99_latency_ms": 14.022111892700195,
      "min_latency_ms": 6.227016448974609,
      "max_latency_ms": 14.022111892700195,
      "queries_per_second": 111.31114171901415,
      "avg_similarity": 0.6046052149619034,
      "avg_top1_similarity": 0.6558685830481964,
      "min_similarity": 0.574238389256997,
      "recall_at_5": 0.0,
      "precision_at_5": 0.0,
      "mrr": 0.0,
      "resource_metrics": {
        "duration": 0.0,
        "cpu": {
          "avg": 8.6,
          "max": 8.6,
          "min": 8.6
        },
        "memory": {
          "avg_mb": 8427.03125,
          "max_mb": 8427.03125,
          "min_mb": 8427.03125
        },
        "disk": {
          "read_total_mb": 0.0,
          "write_total_mb": 0.0
        },
        "network": {
          "sent_total_mb": 0.0,
          "recv_total_mb": 0.0
        }
      }
    },
    {
      "top_k": 10,
      "num_queries": 10,
      "avg_latency_ms": 8.406591415405273,
      "p50_latency_ms": 8.690834045410156,
      "p95_latency_ms": 11.520862579345703,
      "p99_latency_ms": 11.520862579345703,
      "min_latency_ms": 6.819009780883789,
      "max_latency_ms": 11.520862579345703,
      "queries_per_second": 118.95427654155723,
      "avg_similarity": 0.5790956195186044,
      "avg_top1_similarity": 0.6558685830481964,
      "min_similarity": 0.5425923134499462,
      "recall_at_10": 0.0,
      "precision_at_10": 0.0,
      "mrr": 0.0,
      "resource_metrics": {
        "duration": 0.0,
        "cpu": {
          "avg": 11.0,
          "max": 11.0,
          "min": 11.0
        },
        "memory": {
          "avg_mb": 8360.515625,
          "max_mb": 8360.515625,
          "min_mb": 8360.515625
        },
        "disk": {
          "read_total_mb": 0.0,
          "write_total_mb": 0.0
        },
        "network": {
          "sent_total_mb": 0.0,
          "recv_total_mb": 0.0
        }
      }
    },
    {
      "top_k": 20,
      "num_queries": 10,
      "avg_latency_ms": 8.893203735351562,
      "p50_latency_ms": 8.466958999633789,
      "p95_latency_ms": 15.184879302978516,
      "p99_latency_ms": 15.184879302978516,
      "min_latency_ms": 6.605625152587891,
      "max_latency_ms": 15.184879302978516,
      "queries_per_second": 112.44541672028483,
      "avg_similarity": 0.5453628752030946,
      "avg_top1_similarity": 0.6558685830481964,
      "min_similarity": 0.4985174671610725,
      "recall_at_20": 0.0,
      "precision_at_20": 0.0,
      "mrr": 0.0,
      "resource_metrics": {
        "duration": 0.0,
        "cpu": {
          "avg": 8.4,
          "max": 8.4,
          "min": 8.4
        },
        "memory": {
          "avg_mb": 8374.25,
          "max_mb": 8374.25,
          "min_mb": 8374.25
        },
        "disk": {
          "read_total_mb": 0.0,
          "write_total_mb": 0.0
        },
        "network": {
          "sent_total_mb": 0.0,
          "recv_total_mb": 0.0009765625
        }
      }
    }
  ]
}