{
  "database": "faiss",
  "config": {
    "corpus_path": "Data/test_corpus/corpus_sizes/corpus_250k",
    "test_cases_path": "Data/test_corpus/test_cases.json",
    "output_dir": "results/faiss_scaling_n3/corpus_250k/run_3",
    "faiss_config": {
      "index_path": "./vector_stores/faiss_index.index",
      "index_type": "Flat"
    },
    "embedding_model": "sentence-transformers/all-MiniLM-L6-v2",
    "embedding_type": "sentence-transformers",
    "chunk_size": 512,
    "chunk_overlap": 50,
    "chunk_strategy": "fixed",
    "top_k_values": [
      1,
      3,
      5,
      10,
      20
    ],
    "batch_size": 100
  },
  "timestamp": "2025-12-23 15:31:13",
  "ingestion": {
    "total_time_sec": 4070.545776128769,
    "num_documents": 1,
    "num_chunks": 1775361,
    "parsing_time_sec": 2.4360971450805664,
    "embedding_time_sec": 4057.5643079280853,
    "insertion_time_sec": 3.721243143081665
  },
  "query_results": [
    {
      "top_k": 1,
      "num_queries": 10,
      "avg_latency_ms": 147.83313274383545,
      "p50_latency_ms": 68.39823722839355,
      "p95_latency_ms": 905.5891036987305,
      "p99_latency_ms": 905.5891036987305,
      "min_latency_ms": 47.07002639770508,
      "max_latency_ms": 905.5891036987305,
      "queries_per_second": 6.764383473715566,
      "avg_similarity": 0.6081104737846019,
      "avg_top1_similarity": 0.6081104737846019,
      "min_similarity": 0.6081104737846019,
      "recall_at_1": 0.0,
      "precision_at_1": 0.0,
      "mrr": 0.0,
      "resource_metrics": {
        "duration": 1.009817123413086,
        "cpu": {
          "avg": 6.566666666666666,
          "max": 19.7,
          "min": 0.0
        },
        "memory": {
          "avg_mb": 8390.057291666666,
          "max_mb": 10431.140625,
          "min_mb": 7369.515625
        },
        "disk": {
          "read_total_mb": 63.55859375,
          "write_total_mb": 3.61328125
        },
        "network": {
          "sent_total_mb": 0.0009765625,
          "recv_total_mb": 0.0009765625
        }
      }
    },
    {
      "top_k": 3,
      "num_queries": 10,
      "avg_latency_ms": 45.949697494506836,
      "p50_latency_ms": 46.012163162231445,
      "p95_latency_ms": 46.57411575317383,
      "p99_latency_ms": 46.57411575317383,
      "min_latency_ms": 45.37796974182129,
      "max_latency_ms": 46.57411575317383,
      "queries_per_second": 21.762928909805062,
      "avg_similarity": 0.5952397436535154,
      "avg_top1_similarity": 0.6081104737846019,
      "min_similarity": 0.5847209357153125,
      "recall_at_3": 0.0,
      "precision_at_3": 0.0,
      "mrr": 0.0,
      "resource_metrics": {
        "duration": 0.0,
        "cpu": {
          "avg": 14.0,
          "max": 14.0,
          "min": 14.0
        },
        "memory": {
          "avg_mb": 10481.265625,
          "max_mb": 10481.265625,
          "min_mb": 10481.265625
        },
        "disk": {
          "read_total_mb": 0.0,
          "write_total_mb": 0.0
        },
        "network": {
          "sent_total_mb": 0.0,
          "recv_total_mb": 0.0
        }
      }
    },
    {
      "top_k": 5,
      "num_queries": 10,
      "avg_latency_ms": 46.086812019348145,
      "p50_latency_ms": 45.87912559509277,
      "p95_latency_ms": 48.254966735839844,
      "p99_latency_ms": 48.254966735839844,
      "min_latency_ms": 45.510292053222656,
      "max_latency_ms": 48.254966735839844,
      "queries_per_second": 21.69818124065905,
      "avg_similarity": 0.5875998204291968,
      "avg_top1_similarity": 0.6081104737846019,
      "min_similarity": 0.5742864525719634,
      "recall_at_5": 0.0,
      "precision_at_5": 0.0,
      "mrr": 0.0,
      "resource_metrics": {
        "duration": 0.0,
        "cpu": {
          "avg": 14.1,
          "max": 14.1,
          "min": 14.1
        },
        "memory": {
          "avg_mb": 10492.203125,
          "max_mb": 10492.203125,
          "min_mb": 10492.203125
        },
        "disk": {
          "read_total_mb": 0.0,
          "write_total_mb": 0.0
        },
        "network": {
          "sent_total_mb": 0.0,
          "recv_total_mb": 0.0
        }
      }
    },
    {
      "top_k": 10,
      "num_queries": 10,
      "avg_latency_ms": 45.96724510192871,
      "p50_latency_ms": 45.93014717102051,
      "p95_latency_ms": 47.65796661376953,
      "p99_latency_ms": 47.65796661376953,
      "min_latency_ms": 45.26519775390625,
      "max_latency_ms": 47.65796661376953,
      "queries_per_second": 21.7546210955775,
      "avg_similarity": 0.574710645832064,
      "avg_top1_similarity": 0.6081104737846019,
      "min_similarity": 0.5554166887164811,
      "recall_at_10": 0.0,
      "precision_at_10": 0.0,
      "mrr": 0.0,
      "resource_metrics": {
        "duration": 0.0,
        "cpu": {
          "avg": 14.3,
          "max": 14.3,
          "min": 14.3
        },
        "memory": {
          "avg_mb": 10413.796875,
          "max_mb": 10413.796875,
          "min_mb": 10413.796875
        },
        "disk": {
          "read_total_mb": 0.0,
          "write_total_mb": 0.0
        },
        "network": {
          "sent_total_mb": 0.0,
          "recv_total_mb": 0.0
        }
      }
    },
    {
      "top_k": 20,
      "num_queries": 10,
      "avg_latency_ms": 46.19588851928711,
      "p50_latency_ms": 46.22793197631836,
      "p95_latency_ms": 47.821998596191406,
      "p99_latency_ms": 47.821998596191406,
      "min_latency_ms": 44.78812217712402,
      "max_latency_ms": 47.821998596191406,
      "queries_per_second": 21.646948073798665,
      "avg_similarity": 0.5591137853012855,
      "avg_top1_similarity": 0.6081104737846019,
      "min_similarity": 0.5355763691815586,
      "recall_at_20": 0.0,
      "precision_at_20": 0.0,
      "mrr": 0.0,
      "resource_metrics": {
        "duration": 0.0,
        "cpu": {
          "avg": 11.6,
          "max": 11.6,
          "min": 11.6
        },
        "memory": {
          "avg_mb": 10384.25,
          "max_mb": 10384.25,
          "min_mb": 10384.25
        },
        "disk": {
          "read_total_mb": 0.0,
          "write_total_mb": 0.0
        },
        "network": {
          "sent_total_mb": 0.0,
          "recv_total_mb": 0.0
        }
      }
    }
  ]
}