{
  "database": "milvus",
  "config": {
    "corpus_path": "Data/test_corpus/corpus_sizes/corpus_10k",
    "test_cases_path": "Data/test_corpus/test_cases.json",
    "output_dir": "results/milvus_scaling_n10/corpus_10k/run_8",
    "milvus_config": {
      "host": "localhost",
      "port": 19530,
      "collection_name": "benchmark_test"
    },
    "embedding_model": "sentence-transformers/all-MiniLM-L6-v2",
    "embedding_type": "sentence-transformers",
    "chunk_size": 512,
    "chunk_overlap": 50,
    "chunk_strategy": "fixed",
    "top_k_values": [
      1,
      3,
      5,
      10,
      20
    ],
    "batch_size": 100
  },
  "timestamp": "2026-01-10 05:37:32",
  "ingestion": {
    "total_time_sec": 175.15961122512817,
    "num_documents": 1,
    "num_chunks": 69903,
    "parsing_time_sec": 0.15181732177734375,
    "embedding_time_sec": 164.81909918785095,
    "insertion_time_sec": 9.796081066131592
  },
  "query_results": [
    {
      "top_k": 1,
      "num_queries": 10,
      "avg_latency_ms": 34.32345390319824,
      "p50_latency_ms": 33.45894813537598,
      "p95_latency_ms": 92.71907806396484,
      "p99_latency_ms": 92.71907806396484,
      "min_latency_ms": 12.360811233520508,
      "max_latency_ms": 92.71907806396484,
      "queries_per_second": 29.134597083972967,
      "avg_similarity": 0.597283911705017,
      "avg_top1_similarity": 0.597283911705017,
      "min_similarity": 0.597283911705017,
      "recall_at_1": 0.0,
      "precision_at_1": 0.0,
      "mrr": 0.0,
      "resource_metrics": {
        "duration": 0.0,
        "cpu": {
          "avg": 0.0,
          "max": 0.0,
          "min": 0.0
        },
        "memory": {
          "avg_mb": 10429.4375,
          "max_mb": 10429.4375,
          "min_mb": 10429.4375
        },
        "disk": {
          "read_total_mb": 0.0,
          "write_total_mb": 0.0
        },
        "network": {
          "sent_total_mb": 0.0,
          "recv_total_mb": 0.0
        }
      }
    },
    {
      "top_k": 3,
      "num_queries": 10,
      "avg_latency_ms": 13.666033744812012,
      "p50_latency_ms": 13.890981674194336,
      "p95_latency_ms": 18.522024154663086,
      "p99_latency_ms": 18.522024154663086,
      "min_latency_ms": 11.522054672241211,
      "max_latency_ms": 18.522024154663086,
      "queries_per_second": 73.17412050000436,
      "avg_similarity": 0.570672869682312,
      "avg_top1_similarity": 0.597283911705017,
      "min_similarity": 0.5505419582128525,
      "recall_at_3": 0.0,
      "precision_at_3": 0.0,
      "mrr": 0.0,
      "resource_metrics": {
        "duration": 0.0,
        "cpu": {
          "avg": 23.6,
          "max": 23.6,
          "min": 23.6
        },
        "memory": {
          "avg_mb": 11007.203125,
          "max_mb": 11007.203125,
          "min_mb": 11007.203125
        },
        "disk": {
          "read_total_mb": 0.0,
          "write_total_mb": 0.0
        },
        "network": {
          "sent_total_mb": 0.0,
          "recv_total_mb": 0.0
        }
      }
    },
    {
      "top_k": 5,
      "num_queries": 10,
      "avg_latency_ms": 15.783119201660156,
      "p50_latency_ms": 15.849828720092773,
      "p95_latency_ms": 23.681163787841797,
      "p99_latency_ms": 23.681163787841797,
      "min_latency_ms": 11.071920394897461,
      "max_latency_ms": 23.681163787841797,
      "queries_per_second": 63.35883213090188,
      "avg_similarity": 0.5560519069433212,
      "avg_top1_similarity": 0.597283911705017,
      "min_similarity": 0.5299822092056274,
      "recall_at_5": 0.0,
      "precision_at_5": 0.0,
      "mrr": 0.0,
      "resource_metrics": {
        "duration": 0.0,
        "cpu": {
          "avg": 21.1,
          "max": 21.1,
          "min": 21.1
        },
        "memory": {
          "avg_mb": 11005.640625,
          "max_mb": 11005.640625,
          "min_mb": 11005.640625
        },
        "disk": {
          "read_total_mb": 0.0,
          "write_total_mb": 0.0
        },
        "network": {
          "sent_total_mb": 0.0,
          "recv_total_mb": 0.0
        }
      }
    },
    {
      "top_k": 10,
      "num_queries": 10,
      "avg_latency_ms": 16.154980659484863,
      "p50_latency_ms": 15.325069427490234,
      "p95_latency_ms": 25.233030319213867,
      "p99_latency_ms": 25.233030319213867,
      "min_latency_ms": 11.690855026245117,
      "max_latency_ms": 25.233030319213867,
      "queries_per_second": 61.900414558087576,
      "avg_similarity": 0.5319314521551133,
      "avg_top1_similarity": 0.597283911705017,
      "min_similarity": 0.49561808705329896,
      "recall_at_10": 0.0,
      "precision_at_10": 0.0,
      "mrr": 0.0,
      "resource_metrics": {
        "duration": 0.0,
        "cpu": {
          "avg": 19.5,
          "max": 19.5,
          "min": 19.5
        },
        "memory": {
          "avg_mb": 11011.796875,
          "max_mb": 11011.796875,
          "min_mb": 11011.796875
        },
        "disk": {
          "read_total_mb": 0.0,
          "write_total_mb": 0.0
        },
        "network": {
          "sent_total_mb": 0.0,
          "recv_total_mb": 0.0
        }
      }
    },
    {
      "top_k": 20,
      "num_queries": 10,
      "avg_latency_ms": 15.53199291229248,
      "p50_latency_ms": 14.680147171020508,
      "p95_latency_ms": 21.455049514770508,
      "p99_latency_ms": 21.455049514770508,
      "min_latency_ms": 11.847972869873047,
      "max_latency_ms": 21.455049514770508,
      "queries_per_second": 64.38323823909103,
      "avg_similarity": 0.5037875378131866,
      "avg_top1_similarity": 0.597283911705017,
      "min_similarity": 0.46340918242931367,
      "recall_at_20": 0.0,
      "precision_at_20": 0.0,
      "mrr": 0.0,
      "resource_metrics": {
        "duration": 0.0,
        "cpu": {
          "avg": 20.1,
          "max": 20.1,
          "min": 20.1
        },
        "memory": {
          "avg_mb": 11012.578125,
          "max_mb": 11012.578125,
          "min_mb": 11012.578125
        },
        "disk": {
          "read_total_mb": 0.0,
          "write_total_mb": 0.0
        },
        "network": {
          "sent_total_mb": 0.0,
          "recv_total_mb": 0.0
        }
      }
    }
  ]
}