{
  "database": "faiss",
  "config": {
    "corpus_path": "Data/test_corpus/corpus_sizes/corpus_full",
    "test_cases_path": "Data/test_corpus/test_cases.json",
    "output_dir": "results/faiss_scaling_n10/corpus_full/run_8",
    "faiss_config": {
      "index_path": "./vector_stores/faiss_index.index",
      "index_type": "Flat"
    },
    "embedding_model": "sentence-transformers/all-MiniLM-L6-v2",
    "embedding_type": "sentence-transformers",
    "chunk_size": 512,
    "chunk_overlap": 50,
    "chunk_strategy": "fixed",
    "top_k_values": [
      1,
      3,
      5,
      10,
      20
    ],
    "batch_size": 100
  },
  "timestamp": "2026-01-09 21:49:37",
  "ingestion": {
    "total_time_sec": 5344.903689861298,
    "num_documents": 1,
    "num_chunks": 2249072,
    "parsing_time_sec": 3.4998230934143066,
    "embedding_time_sec": 5324.908523082733,
    "insertion_time_sec": 6.122364044189453
  },
  "query_results": [
    {
      "top_k": 1,
      "num_queries": 10,
      "avg_latency_ms": 532.7794313430786,
      "p50_latency_ms": 88.96279335021973,
      "p95_latency_ms": 4597.882986068726,
      "p99_latency_ms": 4597.882986068726,
      "min_latency_ms": 61.16914749145508,
      "max_latency_ms": 4597.882986068726,
      "queries_per_second": 1.87694933619924,
      "avg_similarity": 0.6081104759530154,
      "avg_top1_similarity": 0.6081104759530154,
      "min_similarity": 0.6081104759530154,
      "recall_at_1": 0.0,
      "precision_at_1": 0.0,
      "mrr": 0.0,
      "resource_metrics": {
        "duration": 5.087111949920654,
        "cpu": {
          "avg": 19.000000000000004,
          "max": 34.4,
          "min": 0.0
        },
        "memory": {
          "avg_mb": 9455.67471590909,
          "max_mb": 10716.671875,
          "min_mb": 8958.640625
        },
        "disk": {
          "read_total_mb": 1373.92578125,
          "write_total_mb": 7.890625
        },
        "network": {
          "sent_total_mb": 0.021484375,
          "recv_total_mb": 0.0322265625
        }
      }
    },
    {
      "top_k": 3,
      "num_queries": 10,
      "avg_latency_ms": 67.77119636535645,
      "p50_latency_ms": 61.31696701049805,
      "p95_latency_ms": 101.11594200134277,
      "p99_latency_ms": 101.11594200134277,
      "min_latency_ms": 59.64803695678711,
      "max_latency_ms": 101.11594200134277,
      "queries_per_second": 14.755531164138988,
      "avg_similarity": 0.5970919434566881,
      "avg_top1_similarity": 0.6081104759530154,
      "min_similarity": 0.5869038129129002,
      "recall_at_3": 0.0,
      "precision_at_3": 0.0,
      "mrr": 0.0,
      "resource_metrics": {
        "duration": 0.5019803047180176,
        "cpu": {
          "avg": 27.200000000000003,
          "max": 33.6,
          "min": 20.8
        },
        "memory": {
          "avg_mb": 10620.7734375,
          "max_mb": 10710.8125,
          "min_mb": 10530.734375
        },
        "disk": {
          "read_total_mb": 227.765625,
          "write_total_mb": 95.5625
        },
        "network": {
          "sent_total_mb": 0.001953125,
          "recv_total_mb": 0.0029296875
        }
      }
    },
    {
      "top_k": 5,
      "num_queries": 10,
      "avg_latency_ms": 61.47587299346924,
      "p50_latency_ms": 61.14006042480469,
      "p95_latency_ms": 69.18716430664062,
      "p99_latency_ms": 69.18716430664062,
      "min_latency_ms": 59.386253356933594,
      "max_latency_ms": 69.18716430664062,
      "queries_per_second": 16.266544114082492,
      "avg_similarity": 0.589569724902797,
      "avg_top1_similarity": 0.6081104759530154,
      "min_similarity": 0.5767552424979981,
      "recall_at_5": 0.0,
      "precision_at_5": 0.0,
      "mrr": 0.0,
      "resource_metrics": {
        "duration": 0.5048508644104004,
        "cpu": {
          "avg": 19.75,
          "max": 23.5,
          "min": 16.0
        },
        "memory": {
          "avg_mb": 10499.4296875,
          "max_mb": 10503.859375,
          "min_mb": 10495.0
        },
        "disk": {
          "read_total_mb": 176.7734375,
          "write_total_mb": 158.92578125
        },
        "network": {
          "sent_total_mb": 0.0048828125,
          "recv_total_mb": 0.0107421875
        }
      }
    },
    {
      "top_k": 10,
      "num_queries": 10,
      "avg_latency_ms": 63.00787925720215,
      "p50_latency_ms": 62.87097930908203,
      "p95_latency_ms": 68.25089454650879,
      "p99_latency_ms": 68.25089454650879,
      "min_latency_ms": 60.179948806762695,
      "max_latency_ms": 68.25089454650879,
      "queries_per_second": 15.871030921671506,
      "avg_similarity": 0.5771787789131821,
      "avg_top1_similarity": 0.6081104759530154,
      "min_similarity": 0.5588513399533241,
      "recall_at_10": 0.0,
      "precision_at_10": 0.0,
      "mrr": 0.0,
      "resource_metrics": {
        "duration": 0.505277156829834,
        "cpu": {
          "avg": 21.2,
          "max": 22.0,
          "min": 20.4
        },
        "memory": {
          "avg_mb": 10456.359375,
          "max_mb": 10463.046875,
          "min_mb": 10449.671875
        },
        "disk": {
          "read_total_mb": 10.46875,
          "write_total_mb": 0.00390625
        },
        "network": {
          "sent_total_mb": 0.00390625,
          "recv_total_mb": 0.0048828125
        }
      }
    },
    {
      "top_k": 20,
      "num_queries": 10,
      "avg_latency_ms": 61.09728813171387,
      "p50_latency_ms": 60.59384346008301,
      "p95_latency_ms": 67.82698631286621,
      "p99_latency_ms": 67.82698631286621,
      "min_latency_ms": 58.840036392211914,
      "max_latency_ms": 67.82698631286621,
      "queries_per_second": 16.36733856082441,
      "avg_similarity": 0.5616581162708834,
      "avg_top1_similarity": 0.6081104759530154,
      "min_similarity": 0.5375578751597476,
      "recall_at_20": 0.0,
      "precision_at_20": 0.0,
      "mrr": 0.0,
      "resource_metrics": {
        "duration": 0.5072901248931885,
        "cpu": {
          "avg": 18.15,
          "max": 19.1,
          "min": 17.2
        },
        "memory": {
          "avg_mb": 10445.375,
          "max_mb": 10449.296875,
          "min_mb": 10441.453125
        },
        "disk": {
          "read_total_mb": 5.859375,
          "write_total_mb": 0.4375
        },
        "network": {
          "sent_total_mb": 0.001953125,
          "recv_total_mb": 0.0029296875
        }
      }
    }
  ]
}