{
  "database": "qdrant",
  "config": {
    "corpus_path": "Data/test_corpus/corpus_sizes/corpus_1k",
    "test_cases_path": "Data/test_corpus/test_cases.json",
    "output_dir": "results/qdrant_scaling_n10/corpus_1k/run_8",
    "qdrant_config": {
      "host": "localhost",
      "port": 6333,
      "collection_name": "benchmark_test"
    },
    "embedding_model": "sentence-transformers/all-MiniLM-L6-v2",
    "embedding_type": "sentence-transformers",
    "chunk_size": 512,
    "chunk_overlap": 50,
    "chunk_strategy": "fixed",
    "top_k_values": [
      1,
      3,
      5,
      10,
      20
    ],
    "batch_size": 100
  },
  "timestamp": "2026-01-10 01:14:59",
  "ingestion": {
    "total_time_sec": 14.709289073944092,
    "num_documents": 1,
    "num_chunks": 5562,
    "parsing_time_sec": 0.09108114242553711,
    "embedding_time_sec": 13.33374571800232,
    "insertion_time_sec": 1.2646589279174805
  },
  "query_results": [
    {
      "top_k": 1,
      "num_queries": 10,
      "avg_latency_ms": 26.677441596984863,
      "p50_latency_ms": 28.875112533569336,
      "p95_latency_ms": 58.68792533874512,
      "p99_latency_ms": 58.68792533874512,
      "min_latency_ms": 10.896682739257812,
      "max_latency_ms": 58.68792533874512,
      "queries_per_second": 37.48485387418192,
      "avg_similarity": 0.5281620020000001,
      "avg_top1_similarity": 0.5281620020000001,
      "min_similarity": 0.5281620020000001,
      "recall_at_1": 0.0,
      "precision_at_1": 0.0,
      "mrr": 0.0,
      "resource_metrics": {
        "duration": 0.0,
        "cpu": {
          "avg": 0.0,
          "max": 0.0,
          "min": 0.0
        },
        "memory": {
          "avg_mb": 12397.109375,
          "max_mb": 12397.109375,
          "min_mb": 12397.109375
        },
        "disk": {
          "read_total_mb": 0.0,
          "write_total_mb": 0.0
        },
        "network": {
          "sent_total_mb": 0.0,
          "recv_total_mb": 0.0
        }
      }
    },
    {
      "top_k": 3,
      "num_queries": 10,
      "avg_latency_ms": 14.16161060333252,
      "p50_latency_ms": 13.043880462646484,
      "p95_latency_ms": 24.981021881103516,
      "p99_latency_ms": 24.981021881103516,
      "min_latency_ms": 10.745048522949219,
      "max_latency_ms": 24.981021881103516,
      "queries_per_second": 70.6134371301439,
      "avg_similarity": 0.5003335266666666,
      "avg_top1_similarity": 0.5281620020000001,
      "min_similarity": 0.476975543,
      "recall_at_3": 0.0,
      "precision_at_3": 0.0,
      "mrr": 0.0,
      "resource_metrics": {
        "duration": 0.0,
        "cpu": {
          "avg": 17.1,
          "max": 17.1,
          "min": 17.1
        },
        "memory": {
          "avg_mb": 12290.765625,
          "max_mb": 12290.765625,
          "min_mb": 12290.765625
        },
        "disk": {
          "read_total_mb": 0.0625,
          "write_total_mb": 0.0
        },
        "network": {
          "sent_total_mb": 0.0,
          "recv_total_mb": 0.0
        }
      }
    },
    {
      "top_k": 5,
      "num_queries": 10,
      "avg_latency_ms": 12.547707557678223,
      "p50_latency_ms": 12.652158737182617,
      "p95_latency_ms": 15.857934951782227,
      "p99_latency_ms": 15.857934951782227,
      "min_latency_ms": 9.896039962768555,
      "max_latency_ms": 15.857934951782227,
      "queries_per_second": 79.69583251787516,
      "avg_similarity": 0.4829400239999999,
      "avg_top1_similarity": 0.5281620020000001,
      "min_similarity": 0.45247994700000005,
      "recall_at_5": 0.0,
      "precision_at_5": 0.0,
      "mrr": 0.0,
      "resource_metrics": {
        "duration": 0.0,
        "cpu": {
          "avg": 39.1,
          "max": 39.1,
          "min": 39.1
        },
        "memory": {
          "avg_mb": 12548.1875,
          "max_mb": 12548.1875,
          "min_mb": 12548.1875
        },
        "disk": {
          "read_total_mb": 0.0,
          "write_total_mb": 0.0
        },
        "network": {
          "sent_total_mb": 0.0,
          "recv_total_mb": 0.0
        }
      }
    },
    {
      "top_k": 10,
      "num_queries": 10,
      "avg_latency_ms": 12.513518333435059,
      "p50_latency_ms": 11.980056762695312,
      "p95_latency_ms": 15.749931335449219,
      "p99_latency_ms": 15.749931335449219,
      "min_latency_ms": 10.461091995239258,
      "max_latency_ms": 15.749931335449219,
      "queries_per_second": 79.91357613055034,
      "avg_similarity": 0.45815165759999993,
      "avg_top1_similarity": 0.5281620020000001,
      "min_similarity": 0.421965243,
      "recall_at_10": 0.0,
      "precision_at_10": 0.0,
      "mrr": 0.0,
      "resource_metrics": {
        "duration": 0.0,
        "cpu": {
          "avg": 13.0,
          "max": 13.0,
          "min": 13.0
        },
        "memory": {
          "avg_mb": 12538.640625,
          "max_mb": 12538.640625,
          "min_mb": 12538.640625
        },
        "disk": {
          "read_total_mb": 0.0,
          "write_total_mb": 0.0
        },
        "network": {
          "sent_total_mb": 0.0,
          "recv_total_mb": 0.0009765625
        }
      }
    },
    {
      "top_k": 20,
      "num_queries": 10,
      "avg_latency_ms": 12.067484855651855,
      "p50_latency_ms": 11.972904205322266,
      "p95_latency_ms": 16.249895095825195,
      "p99_latency_ms": 16.249895095825195,
      "min_latency_ms": 10.087966918945312,
      "max_latency_ms": 16.249895095825195,
      "queries_per_second": 82.86730929947228,
      "avg_similarity": 0.4276215199499999,
      "avg_top1_similarity": 0.5281620020000001,
      "min_similarity": 0.382506981,
      "recall_at_20": 0.0,
      "precision_at_20": 0.0,
      "mrr": 0.0,
      "resource_metrics": {
        "duration": 0.0,
        "cpu": {
          "avg": 11.4,
          "max": 11.4,
          "min": 11.4
        },
        "memory": {
          "avg_mb": 12442.0,
          "max_mb": 12442.0,
          "min_mb": 12442.0
        },
        "disk": {
          "read_total_mb": 0.0,
          "write_total_mb": 0.0
        },
        "network": {
          "sent_total_mb": 0.0,
          "recv_total_mb": 0.0
        }
      }
    }
  ]
}