{
  "database": "pgvector",
  "config": {
    "corpus_path": "Data/test_corpus/documents",
    "test_cases_path": "Data/test_corpus/test_cases.json",
    "output_dir": "results/pgvector_hnsw_scaling_n3/corpus_baseline/run_2",
    "pgvector_config": {
      "host": "localhost",
      "port": 5433,
      "database": "vectordb",
      "user": "postgres",
      "password": "postgres",
      "table_name": "benchmark_test",
      "index_type": "hnsw"
    },
    "embedding_model": "sentence-transformers/all-MiniLM-L6-v2",
    "embedding_type": "sentence-transformers",
    "chunk_size": 512,
    "chunk_overlap": 50,
    "chunk_strategy": "fixed",
    "top_k_values": [
      1,
      3,
      5,
      10,
      20
    ],
    "batch_size": 100
  },
  "timestamp": "2026-01-05 14:25:36",
  "ingestion": {
    "total_time_sec": 0.5054521560668945,
    "num_documents": 20,
    "num_chunks": 175,
    "parsing_time_sec": 0.00016117095947265625,
    "embedding_time_sec": 0.30040669441223145,
    "insertion_time_sec": 0.12699103355407715
  },
  "query_results": [
    {
      "top_k": 1,
      "num_queries": 10,
      "avg_latency_ms": 21.618008613586426,
      "p50_latency_ms": 22.810935974121094,
      "p95_latency_ms": 54.29887771606445,
      "p99_latency_ms": 54.29887771606445,
      "min_latency_ms": 6.686925888061523,
      "max_latency_ms": 54.29887771606445,
      "queries_per_second": 46.25772974165265,
      "avg_similarity": 0.7316954973735107,
      "avg_top1_similarity": 0.7316954973735107,
      "min_similarity": 0.7316954973735107,
      "recall_at_1": 0.0,
      "precision_at_1": 0.0,
      "mrr": 0.0,
      "resource_metrics": {
        "duration": 0.0,
        "cpu": {
          "avg": 15.3,
          "max": 15.3,
          "min": 15.3
        },
        "memory": {
          "avg_mb": 11123.078125,
          "max_mb": 11123.078125,
          "min_mb": 11123.078125
        },
        "disk": {
          "read_total_mb": 0.0,
          "write_total_mb": 0.0
        },
        "network": {
          "sent_total_mb": 0.0,
          "recv_total_mb": 0.0
        }
      }
    },
    {
      "top_k": 3,
      "num_queries": 10,
      "avg_latency_ms": 11.979198455810547,
      "p50_latency_ms": 11.589288711547852,
      "p95_latency_ms": 16.8609619140625,
      "p99_latency_ms": 16.8609619140625,
      "min_latency_ms": 9.924888610839844,
      "max_latency_ms": 16.8609619140625,
      "queries_per_second": 83.47803934368805,
      "avg_similarity": 0.6881673020859458,
      "avg_top1_similarity": 0.7316954973735107,
      "min_similarity": 0.6527654300506451,
      "recall_at_3": 0.0,
      "precision_at_3": 0.0,
      "mrr": 0.0,
      "resource_metrics": {
        "duration": 0.0,
        "cpu": {
          "avg": 0.0,
          "max": 0.0,
          "min": 0.0
        },
        "memory": {
          "avg_mb": 11149.171875,
          "max_mb": 11149.171875,
          "min_mb": 11149.171875
        },
        "disk": {
          "read_total_mb": 0.0,
          "write_total_mb": 0.0
        },
        "network": {
          "sent_total_mb": 0.0,
          "recv_total_mb": 0.0
        }
      }
    },
    {
      "top_k": 5,
      "num_queries": 10,
      "avg_latency_ms": 12.76848316192627,
      "p50_latency_ms": 12.361764907836914,
      "p95_latency_ms": 16.190767288208008,
      "p99_latency_ms": 16.190767288208008,
      "min_latency_ms": 10.912656784057617,
      "max_latency_ms": 16.190767288208008,
      "queries_per_second": 78.3178383303862,
      "avg_similarity": 0.6663784126849246,
      "avg_top1_similarity": 0.7316954973735107,
      "min_similarity": 0.6243872141840345,
      "recall_at_5": 0.0,
      "precision_at_5": 0.0,
      "mrr": 0.0,
      "resource_metrics": {
        "duration": 0.0,
        "cpu": {
          "avg": 14.5,
          "max": 14.5,
          "min": 14.5
        },
        "memory": {
          "avg_mb": 11031.515625,
          "max_mb": 11031.515625,
          "min_mb": 11031.515625
        },
        "disk": {
          "read_total_mb": 0.6875,
          "write_total_mb": 0.0
        },
        "network": {
          "sent_total_mb": 0.0,
          "recv_total_mb": 0.0
        }
      }
    },
    {
      "top_k": 10,
      "num_queries": 10,
      "avg_latency_ms": 11.502242088317871,
      "p50_latency_ms": 11.429309844970703,
      "p95_latency_ms": 13.72218132019043,
      "p99_latency_ms": 13.72218132019043,
      "min_latency_ms": 9.799003601074219,
      "max_latency_ms": 13.72218132019043,
      "queries_per_second": 86.93957163496317,
      "avg_similarity": 0.6292959139944945,
      "avg_top1_similarity": 0.7316954973735107,
      "min_similarity": 0.5739297043020959,
      "recall_at_10": 0.0,
      "precision_at_10": 0.0,
      "mrr": 0.0,
      "resource_metrics": {
        "duration": 0.0,
        "cpu": {
          "avg": 13.5,
          "max": 13.5,
          "min": 13.5
        },
        "memory": {
          "avg_mb": 11061.765625,
          "max_mb": 11061.765625,
          "min_mb": 11061.765625
        },
        "disk": {
          "read_total_mb": 0.0,
          "write_total_mb": 0.0
        },
        "network": {
          "sent_total_mb": 0.0,
          "recv_total_mb": 0.0
        }
      }
    },
    {
      "top_k": 20,
      "num_queries": 10,
      "avg_latency_ms": 12.438654899597168,
      "p50_latency_ms": 11.873960494995117,
      "p95_latency_ms": 15.930891036987305,
      "p99_latency_ms": 15.930891036987305,
      "min_latency_ms": 11.057138442993164,
      "max_latency_ms": 15.930891036987305,
      "queries_per_second": 80.39454491436895,
      "avg_similarity": 0.5740238946417549,
      "avg_top1_similarity": 0.7316954973735107,
      "min_similarity": 0.4938481571494914,
      "recall_at_20": 0.0,
      "precision_at_20": 0.0,
      "mrr": 0.0,
      "resource_metrics": {
        "duration": 0.0,
        "cpu": {
          "avg": 12.2,
          "max": 12.2,
          "min": 12.2
        },
        "memory": {
          "avg_mb": 11061.75,
          "max_mb": 11061.75,
          "min_mb": 11061.75
        },
        "disk": {
          "read_total_mb": 0.0,
          "write_total_mb": 0.0
        },
        "network": {
          "sent_total_mb": 0.0,
          "recv_total_mb": 0.0
        }
      }
    }
  ]
}