{
  "database": "milvus",
  "config": {
    "corpus_path": "Data/test_corpus/corpus_sizes/corpus_10k",
    "test_cases_path": "Data/test_corpus/test_cases.json",
    "output_dir": "results/milvus_scaling_n10/corpus_10k/run_6",
    "milvus_config": {
      "host": "localhost",
      "port": 19530,
      "collection_name": "benchmark_test"
    },
    "embedding_model": "sentence-transformers/all-MiniLM-L6-v2",
    "embedding_type": "sentence-transformers",
    "chunk_size": 512,
    "chunk_overlap": 50,
    "chunk_strategy": "fixed",
    "top_k_values": [
      1,
      3,
      5,
      10,
      20
    ],
    "batch_size": 100
  },
  "timestamp": "2026-01-10 05:31:22",
  "ingestion": {
    "total_time_sec": 180.21110010147095,
    "num_documents": 1,
    "num_chunks": 69903,
    "parsing_time_sec": 0.14907193183898926,
    "embedding_time_sec": 169.22124910354614,
    "insertion_time_sec": 10.559690952301025
  },
  "query_results": [
    {
      "top_k": 1,
      "num_queries": 10,
      "avg_latency_ms": 50.43759346008301,
      "p50_latency_ms": 33.754825592041016,
      "p95_latency_ms": 257.7791213989258,
      "p99_latency_ms": 257.7791213989258,
      "min_latency_ms": 11.403083801269531,
      "max_latency_ms": 257.7791213989258,
      "queries_per_second": 19.82648122954981,
      "avg_similarity": 0.597283911705017,
      "avg_top1_similarity": 0.597283911705017,
      "min_similarity": 0.597283911705017,
      "recall_at_1": 0.0,
      "precision_at_1": 0.0,
      "mrr": 0.0,
      "resource_metrics": {
        "duration": 0.5011940002441406,
        "cpu": {
          "avg": 31.75,
          "max": 35.5,
          "min": 28.0
        },
        "memory": {
          "avg_mb": 9200.65625,
          "max_mb": 9567.828125,
          "min_mb": 8833.484375
        },
        "disk": {
          "read_total_mb": 17.375,
          "write_total_mb": 0.078125
        },
        "network": {
          "sent_total_mb": 0.02734375,
          "recv_total_mb": 0.0283203125
        }
      }
    },
    {
      "top_k": 3,
      "num_queries": 10,
      "avg_latency_ms": 15.036153793334961,
      "p50_latency_ms": 14.966964721679688,
      "p95_latency_ms": 22.24898338317871,
      "p99_latency_ms": 22.24898338317871,
      "min_latency_ms": 11.934995651245117,
      "max_latency_ms": 22.24898338317871,
      "queries_per_second": 66.50636949744872,
      "avg_similarity": 0.5706728716691334,
      "avg_top1_similarity": 0.597283911705017,
      "min_similarity": 0.5505419582128525,
      "recall_at_3": 0.0,
      "precision_at_3": 0.0,
      "mrr": 0.0,
      "resource_metrics": {
        "duration": 0.0,
        "cpu": {
          "avg": 26.3,
          "max": 26.3,
          "min": 26.3
        },
        "memory": {
          "avg_mb": 9567.375,
          "max_mb": 9567.375,
          "min_mb": 9567.375
        },
        "disk": {
          "read_total_mb": 0.3515625,
          "write_total_mb": 0.0
        },
        "network": {
          "sent_total_mb": 0.0,
          "recv_total_mb": 0.0
        }
      }
    },
    {
      "top_k": 5,
      "num_queries": 10,
      "avg_latency_ms": 14.686417579650879,
      "p50_latency_ms": 13.888835906982422,
      "p95_latency_ms": 23.569107055664062,
      "p99_latency_ms": 23.569107055664062,
      "min_latency_ms": 11.66391372680664,
      "max_latency_ms": 23.569107055664062,
      "queries_per_second": 68.0901244007643,
      "avg_similarity": 0.556051908135414,
      "avg_top1_similarity": 0.597283911705017,
      "min_similarity": 0.5299822092056274,
      "recall_at_5": 0.0,
      "precision_at_5": 0.0,
      "mrr": 0.0,
      "resource_metrics": {
        "duration": 0.0,
        "cpu": {
          "avg": 28.1,
          "max": 28.1,
          "min": 28.1
        },
        "memory": {
          "avg_mb": 9585.4375,
          "max_mb": 9585.4375,
          "min_mb": 9585.4375
        },
        "disk": {
          "read_total_mb": 0.0,
          "write_total_mb": 0.0
        },
        "network": {
          "sent_total_mb": 0.0,
          "recv_total_mb": 0.0
        }
      }
    },
    {
      "top_k": 10,
      "num_queries": 10,
      "avg_latency_ms": 15.322399139404297,
      "p50_latency_ms": 13.548135757446289,
      "p95_latency_ms": 26.713132858276367,
      "p99_latency_ms": 26.713132858276367,
      "min_latency_ms": 11.66987419128418,
      "max_latency_ms": 26.713132858276367,
      "queries_per_second": 65.26393098769505,
      "avg_similarity": 0.5319314530491829,
      "avg_top1_similarity": 0.597283911705017,
      "min_similarity": 0.49561808705329896,
      "recall_at_10": 0.0,
      "precision_at_10": 0.0,
      "mrr": 0.0,
      "resource_metrics": {
        "duration": 0.0,
        "cpu": {
          "avg": 28.6,
          "max": 28.6,
          "min": 28.6
        },
        "memory": {
          "avg_mb": 9463.453125,
          "max_mb": 9463.453125,
          "min_mb": 9463.453125
        },
        "disk": {
          "read_total_mb": 0.0,
          "write_total_mb": 0.0
        },
        "network": {
          "sent_total_mb": 0.0,
          "recv_total_mb": 0.0009765625
        }
      }
    },
    {
      "top_k": 20,
      "num_queries": 10,
      "avg_latency_ms": 14.842486381530762,
      "p50_latency_ms": 14.53089714050293,
      "p95_latency_ms": 18.3260440826416,
      "p99_latency_ms": 18.3260440826416,
      "min_latency_ms": 11.507987976074219,
      "max_latency_ms": 18.3260440826416,
      "queries_per_second": 67.37415647854993,
      "avg_similarity": 0.5037875387072563,
      "avg_top1_similarity": 0.597283911705017,
      "min_similarity": 0.46340918242931367,
      "recall_at_20": 0.0,
      "precision_at_20": 0.0,
      "mrr": 0.0,
      "resource_metrics": {
        "duration": 0.0,
        "cpu": {
          "avg": 28.3,
          "max": 28.3,
          "min": 28.3
        },
        "memory": {
          "avg_mb": 9449.1875,
          "max_mb": 9449.1875,
          "min_mb": 9449.1875
        },
        "disk": {
          "read_total_mb": 0.0,
          "write_total_mb": 0.0
        },
        "network": {
          "sent_total_mb": 0.0,
          "recv_total_mb": 0.0
        }
      }
    }
  ]
}