{
  "ivfflat": {
    "corpus_sizes": [
      175.0,
      5562.0,
      69903.0,
      345046.0
    ],
    "corpus_names": [
      "baseline",
      "1k",
      "10k",
      "50k"
    ],
    "ingestion_time_mean": [
      0.5045105616251627,
      16.843732357025146,
      198.7984228928884,
      994.0556836128235
    ],
    "ingestion_time_std": [
      0.0017883417791995314,
      0.2438543457571533,
      0.7322673298832334,
      14.57053083316929
    ],
    "ingestion_time_cv": [
      0.3544706325748279,
      1.4477453131428266,
      0.3683466494489121,
      1.4657660605303064
    ],
    "latency_mean": [
      10.901101430257162,
      11.397393544514975,
      14.428083101908365,
      22.48350779215495
    ],
    "latency_std": [
      1.4954966501834541,
      0.33609155448239,
      1.301570468044807,
      1.8503422439514523
    ],
    "latency_cv": [
      13.71876649117808,
      2.948845744158189,
      9.021090735696218,
      8.22977562512324
    ],
    "qps_mean": [
      93.62576452238405,
      87.8145874153676,
      69.86710672218018,
      44.799215182526844
    ],
    "qps_std": [
      13.823388399238413,
      2.5513912882313448,
      6.1950923217048075,
      3.914683172259598
    ],
    "similarity_mean": [
      0.6881673020859459,
      0.5003335539457303,
      0.570672856956934,
      0.6381453653753935
    ],
    "similarity_std": [
      1.1102230246251565e-16,
      0.0,
      0.0,
      0.0
    ],
    "cpu_mean": [
      19.6,
      9.233333333333334,
      18.1,
      13.200000000000001
    ],
    "memory_mean": [
      8870.057291666666,
      10085.338541666666,
      9598.40625,
      10038.3125
    ]
  },
  "hnsw": {
    "corpus_sizes": [
      175.0,
      5562.0,
      69903.0,
      345046.0
    ],
    "corpus_names": [
      "baseline",
      "1k",
      "10k",
      "50k"
    ],
    "ingestion_time_mean": [
      0.5060036977132162,
      17.87341610590617,
      251.55872440338135,
      1444.615637222926
    ],
    "ingestion_time_std": [
      0.00046565463177905016,
      0.6336959449028733,
      2.031099139859081,
      20.926488580661697
    ],
    "ingestion_time_cv": [
      0.09202593456994175,
      3.5454663011704404,
      0.8074055649138042,
      1.4485852182030912
    ],
    "latency_mean": [
      10.992948214213053,
      13.277101516723633,
      9.60847536722819,
      9.938836097717285
    ],
    "latency_std": [
      1.528067103906701,
      2.7013153165786385,
      0.9230513078453042,
      0.8008641663628634
    ],
    "latency_cv": [
      13.900430295223492,
      20.34567042495008,
      9.606636563731776,
      8.057927090142908
    ],
    "qps_mean": [
      92.95736066774184,
      78.31875439381416,
      105.0737642029577,
      101.3014786435624
    ],
    "qps_std": [
      14.317032691132312,
      14.857587077511223,
      10.418450442834516,
      8.520878020688246
    ],
    "similarity_mean": [
      0.6881673020859459,
      0.5003335539457303,
      0.570548818650042,
      0.6381453653753935
    ],
    "similarity_std": [
      1.1102230246251565e-16,
      0.0,
      8.770832793026082e-05,
      0.0
    ],
    "cpu_mean": [
      12.466666666666667,
      10.133333333333333,
      23.433333333333334,
      18.933333333333334
    ],
    "memory_mean": [
      11059.802083333334,
      10227.53125,
      9407.979166666666,
      9915.84375
    ]
  }
}