{
  "database": "qdrant",
  "config": {
    "corpus_path": "Data/test_corpus/documents",
    "test_cases_path": "Data/test_corpus/test_cases.json",
    "output_dir": "results/qdrant_scaling_n10/corpus_baseline/run_6",
    "qdrant_config": {
      "host": "localhost",
      "port": 6333,
      "collection_name": "benchmark_test"
    },
    "embedding_model": "sentence-transformers/all-MiniLM-L6-v2",
    "embedding_type": "sentence-transformers",
    "chunk_size": 512,
    "chunk_overlap": 50,
    "chunk_strategy": "fixed",
    "top_k_values": [
      1,
      3,
      5,
      10,
      20
    ],
    "batch_size": 100
  },
  "timestamp": "2026-01-10 03:02:58",
  "ingestion": {
    "total_time_sec": 0.5151619911193848,
    "num_documents": 20,
    "num_chunks": 175,
    "parsing_time_sec": 0.0001709461212158203,
    "embedding_time_sec": 0.29099178314208984,
    "insertion_time_sec": 0.05413484573364258
  },
  "query_results": [
    {
      "top_k": 1,
      "num_queries": 10,
      "avg_latency_ms": 24.730348587036133,
      "p50_latency_ms": 28.20110321044922,
      "p95_latency_ms": 50.75979232788086,
      "p99_latency_ms": 50.75979232788086,
      "min_latency_ms": 7.926225662231445,
      "max_latency_ms": 50.75979232788086,
      "queries_per_second": 40.436146562212585,
      "avg_similarity": 0.7316954950000001,
      "avg_top1_similarity": 0.7316954950000001,
      "min_similarity": 0.7316954950000001,
      "recall_at_1": 0.0,
      "precision_at_1": 0.0,
      "mrr": 0.0,
      "resource_metrics": {
        "duration": 0.0,
        "cpu": {
          "avg": 14.4,
          "max": 14.4,
          "min": 14.4
        },
        "memory": {
          "avg_mb": 10827.265625,
          "max_mb": 10827.265625,
          "min_mb": 10827.265625
        },
        "disk": {
          "read_total_mb": 0.0,
          "write_total_mb": 0.0
        },
        "network": {
          "sent_total_mb": 0.0,
          "recv_total_mb": 0.0
        }
      }
    },
    {
      "top_k": 3,
      "num_queries": 10,
      "avg_latency_ms": 20.398521423339844,
      "p50_latency_ms": 9.975910186767578,
      "p95_latency_ms": 109.54689979553223,
      "p99_latency_ms": 109.54689979553223,
      "min_latency_ms": 9.244918823242188,
      "max_latency_ms": 109.54689979553223,
      "queries_per_second": 49.02316100498378,
      "avg_similarity": 0.6881672943333332,
      "avg_top1_similarity": 0.7316954950000001,
      "min_similarity": 0.6527654500000001,
      "recall_at_3": 0.0,
      "precision_at_3": 0.0,
      "mrr": 0.0,
      "resource_metrics": {
        "duration": 0.0,
        "cpu": {
          "avg": 14.3,
          "max": 14.3,
          "min": 14.3
        },
        "memory": {
          "avg_mb": 10857.890625,
          "max_mb": 10857.890625,
          "min_mb": 10857.890625
        },
        "disk": {
          "read_total_mb": 0.0,
          "write_total_mb": 0.0
        },
        "network": {
          "sent_total_mb": 0.0,
          "recv_total_mb": 0.0
        }
      }
    },
    {
      "top_k": 5,
      "num_queries": 10,
      "avg_latency_ms": 11.705827713012695,
      "p50_latency_ms": 11.286020278930664,
      "p95_latency_ms": 16.850948333740234,
      "p99_latency_ms": 16.850948333740234,
      "min_latency_ms": 10.460138320922852,
      "max_latency_ms": 16.850948333740234,
      "queries_per_second": 85.42753443127798,
      "avg_similarity": 0.6663784032,
      "avg_top1_similarity": 0.7316954950000001,
      "min_similarity": 0.624387176,
      "recall_at_5": 0.0,
      "precision_at_5": 0.0,
      "mrr": 0.0,
      "resource_metrics": {
        "duration": 0.0,
        "cpu": {
          "avg": 12.6,
          "max": 12.6,
          "min": 12.6
        },
        "memory": {
          "avg_mb": 10784.171875,
          "max_mb": 10784.171875,
          "min_mb": 10784.171875
        },
        "disk": {
          "read_total_mb": 0.0,
          "write_total_mb": 0.0
        },
        "network": {
          "sent_total_mb": 0.0,
          "recv_total_mb": 0.0
        }
      }
    },
    {
      "top_k": 10,
      "num_queries": 10,
      "avg_latency_ms": 12.676835060119629,
      "p50_latency_ms": 12.176275253295898,
      "p95_latency_ms": 17.915010452270508,
      "p99_latency_ms": 17.915010452270508,
      "min_latency_ms": 10.277986526489258,
      "max_latency_ms": 17.915010452270508,
      "queries_per_second": 78.88404284330596,
      "avg_similarity": 0.6292959034,
      "avg_top1_similarity": 0.7316954950000001,
      "min_similarity": 0.573929708,
      "recall_at_10": 0.0,
      "precision_at_10": 0.0,
      "mrr": 0.0,
      "resource_metrics": {
        "duration": 0.0,
        "cpu": {
          "avg": 25.2,
          "max": 25.2,
          "min": 25.2
        },
        "memory": {
          "avg_mb": 11222.6875,
          "max_mb": 11222.6875,
          "min_mb": 11222.6875
        },
        "disk": {
          "read_total_mb": 0.73828125,
          "write_total_mb": 0.0
        },
        "network": {
          "sent_total_mb": 0.0,
          "recv_total_mb": 0.0
        }
      }
    },
    {
      "top_k": 20,
      "num_queries": 10,
      "avg_latency_ms": 12.754607200622559,
      "p50_latency_ms": 12.64500617980957,
      "p95_latency_ms": 14.617681503295898,
      "p99_latency_ms": 14.617681503295898,
      "min_latency_ms": 10.774850845336914,
      "max_latency_ms": 14.617681503295898,
      "queries_per_second": 78.40304168294493,
      "avg_similarity": 0.5740238879499999,
      "avg_top1_similarity": 0.7316954950000001,
      "min_similarity": 0.493848167,
      "recall_at_20": 0.0,
      "precision_at_20": 0.0,
      "mrr": 0.0,
      "resource_metrics": {
        "duration": 0.0,
        "cpu": {
          "avg": 32.8,
          "max": 32.8,
          "min": 32.8
        },
        "memory": {
          "avg_mb": 11938.34375,
          "max_mb": 11938.34375,
          "min_mb": 11938.34375
        },
        "disk": {
          "read_total_mb": 0.0,
          "write_total_mb": 0.0
        },
        "network": {
          "sent_total_mb": 0.0,
          "recv_total_mb": 0.0
        }
      }
    }
  ]
}