{
  "database": "faiss",
  "config": {
    "corpus_path": "Data/test_corpus/corpus_sizes/corpus_1m",
    "test_cases_path": "Data/test_corpus/test_cases.json",
    "output_dir": "results/faiss_scaling_n10/corpus_1m/run_4",
    "faiss_config": {
      "index_path": "./vector_stores/faiss_index.index",
      "index_type": "Flat"
    },
    "embedding_model": "sentence-transformers/all-MiniLM-L6-v2",
    "embedding_type": "sentence-transformers",
    "chunk_size": 512,
    "chunk_overlap": 50,
    "chunk_strategy": "fixed",
    "top_k_values": [
      1,
      3,
      5,
      10,
      20
    ],
    "batch_size": 100
  },
  "timestamp": "2026-01-07 22:53:24",
  "ingestion": {
    "total_time_sec": 5198.815346002579,
    "num_documents": 1,
    "num_chunks": 2249072,
    "parsing_time_sec": 3.994821310043335,
    "embedding_time_sec": 5176.484266042709,
    "insertion_time_sec": 6.029088020324707
  },
  "query_results": [
    {
      "top_k": 1,
      "num_queries": 10,
      "avg_latency_ms": 393.1406021118164,
      "p50_latency_ms": 87.2650146484375,
      "p95_latency_ms": 3189.091920852661,
      "p99_latency_ms": 3189.091920852661,
      "min_latency_ms": 56.56909942626953,
      "max_latency_ms": 3189.091920852661,
      "queries_per_second": 2.5436192411273297,
      "avg_similarity": 0.6081104759530154,
      "avg_top1_similarity": 0.6081104759530154,
      "min_similarity": 0.6081104759530154,
      "recall_at_1": 0.0,
      "precision_at_1": 0.0,
      "mrr": 0.0,
      "resource_metrics": {
        "duration": 3.57370924949646,
        "cpu": {
          "avg": 10.412500000000001,
          "max": 25.7,
          "min": 0.0
        },
        "memory": {
          "avg_mb": 9179.5703125,
          "max_mb": 10409.421875,
          "min_mb": 8628.015625
        },
        "disk": {
          "read_total_mb": 1472.4765625,
          "write_total_mb": 254.875
        },
        "network": {
          "sent_total_mb": 0.013671875,
          "recv_total_mb": 0.01953125
        }
      }
    },
    {
      "top_k": 3,
      "num_queries": 10,
      "avg_latency_ms": 58.67197513580322,
      "p50_latency_ms": 57.45816230773926,
      "p95_latency_ms": 70.0831413269043,
      "p99_latency_ms": 70.0831413269043,
      "min_latency_ms": 55.6032657623291,
      "max_latency_ms": 70.0831413269043,
      "queries_per_second": 17.043912322456876,
      "avg_similarity": 0.5970919434566881,
      "avg_top1_similarity": 0.6081104759530154,
      "min_similarity": 0.5869038129129002,
      "recall_at_3": 0.0,
      "precision_at_3": 0.0,
      "mrr": 0.0,
      "resource_metrics": {
        "duration": 0.5107390880584717,
        "cpu": {
          "avg": 10.399999999999999,
          "max": 11.6,
          "min": 9.2
        },
        "memory": {
          "avg_mb": 10437.5234375,
          "max_mb": 10442.78125,
          "min_mb": 10432.265625
        },
        "disk": {
          "read_total_mb": 5.60546875,
          "write_total_mb": 0.09375
        },
        "network": {
          "sent_total_mb": 0.001953125,
          "recv_total_mb": 0.0009765625
        }
      }
    },
    {
      "top_k": 5,
      "num_queries": 10,
      "avg_latency_ms": 59.77494716644287,
      "p50_latency_ms": 58.1507682800293,
      "p95_latency_ms": 64.85700607299805,
      "p99_latency_ms": 64.85700607299805,
      "min_latency_ms": 56.56123161315918,
      "max_latency_ms": 64.85700607299805,
      "queries_per_second": 16.729416710574547,
      "avg_similarity": 0.589569724902797,
      "avg_top1_similarity": 0.6081104759530154,
      "min_similarity": 0.5767552424979981,
      "recall_at_5": 0.0,
      "precision_at_5": 0.0,
      "mrr": 0.0,
      "resource_metrics": {
        "duration": 0.5084211826324463,
        "cpu": {
          "avg": 10.7,
          "max": 16.0,
          "min": 5.4
        },
        "memory": {
          "avg_mb": 10582.390625,
          "max_mb": 10595.171875,
          "min_mb": 10569.609375
        },
        "disk": {
          "read_total_mb": 39.29296875,
          "write_total_mb": 2.578125
        },
        "network": {
          "sent_total_mb": 0.0009765625,
          "recv_total_mb": 0.0009765625
        }
      }
    },
    {
      "top_k": 10,
      "num_queries": 10,
      "avg_latency_ms": 58.9597225189209,
      "p50_latency_ms": 56.973934173583984,
      "p95_latency_ms": 75.77800750732422,
      "p99_latency_ms": 75.77800750732422,
      "min_latency_ms": 56.416988372802734,
      "max_latency_ms": 75.77800750732422,
      "queries_per_second": 16.960731110616873,
      "avg_similarity": 0.5771787789131821,
      "avg_top1_similarity": 0.6081104759530154,
      "min_similarity": 0.5588513399533241,
      "recall_at_10": 0.0,
      "precision_at_10": 0.0,
      "mrr": 0.0,
      "resource_metrics": {
        "duration": 0.5082919597625732,
        "cpu": {
          "avg": 10.55,
          "max": 10.9,
          "min": 10.2
        },
        "memory": {
          "avg_mb": 10441.125,
          "max_mb": 10446.3125,
          "min_mb": 10435.9375
        },
        "disk": {
          "read_total_mb": 6.625,
          "write_total_mb": 0.0
        },
        "network": {
          "sent_total_mb": 0.0,
          "recv_total_mb": 0.0
        }
      }
    },
    {
      "top_k": 20,
      "num_queries": 10,
      "avg_latency_ms": 59.303855895996094,
      "p50_latency_ms": 57.798147201538086,
      "p95_latency_ms": 73.89402389526367,
      "p99_latency_ms": 73.89402389526367,
      "min_latency_ms": 56.124210357666016,
      "max_latency_ms": 73.89402389526367,
      "queries_per_second": 16.862309960987126,
      "avg_similarity": 0.5616581162708834,
      "avg_top1_similarity": 0.6081104759530154,
      "min_similarity": 0.5375578751597476,
      "recall_at_20": 0.0,
      "precision_at_20": 0.0,
      "mrr": 0.0,
      "resource_metrics": {
        "duration": 0.5107731819152832,
        "cpu": {
          "avg": 12.100000000000001,
          "max": 15.9,
          "min": 8.3
        },
        "memory": {
          "avg_mb": 10511.09375,
          "max_mb": 10539.5,
          "min_mb": 10482.6875
        },
        "disk": {
          "read_total_mb": 29.515625,
          "write_total_mb": 3.875
        },
        "network": {
          "sent_total_mb": 0.0107421875,
          "recv_total_mb": 0.0009765625
        }
      }
    }
  ]
}