{
  "database": "qdrant",
  "config": {
    "corpus_path": "Data/test_corpus/corpus_sizes/corpus_10k",
    "test_cases_path": "Data/test_corpus/test_cases.json",
    "output_dir": "results/qdrant_scaling_n10/corpus_10k/run_9",
    "qdrant_config": {
      "host": "localhost",
      "port": 6333,
      "collection_name": "benchmark_test"
    },
    "embedding_model": "sentence-transformers/all-MiniLM-L6-v2",
    "embedding_type": "sentence-transformers",
    "chunk_size": 512,
    "chunk_overlap": 50,
    "chunk_strategy": "fixed",
    "top_k_values": [
      1,
      3,
      5,
      10,
      20
    ],
    "batch_size": 100
  },
  "timestamp": "2026-01-10 01:09:55",
  "ingestion": {
    "total_time_sec": 181.67675495147705,
    "num_documents": 1,
    "num_chunks": 69903,
    "parsing_time_sec": 0.1530742645263672,
    "embedding_time_sec": 165.61416387557983,
    "insertion_time_sec": 15.601087093353271
  },
  "query_results": [
    {
      "top_k": 1,
      "num_queries": 10,
      "avg_latency_ms": 40.48898220062256,
      "p50_latency_ms": 31.53204917907715,
      "p95_latency_ms": 175.2798557281494,
      "p99_latency_ms": 175.2798557281494,
      "min_latency_ms": 11.157989501953125,
      "max_latency_ms": 175.2798557281494,
      "queries_per_second": 24.69807699894773,
      "avg_similarity": 0.597283879,
      "avg_top1_similarity": 0.597283879,
      "min_similarity": 0.597283879,
      "recall_at_1": 0.0,
      "precision_at_1": 0.0,
      "mrr": 0.0,
      "resource_metrics": {
        "duration": 0.0,
        "cpu": {
          "avg": 18.5,
          "max": 18.5,
          "min": 18.5
        },
        "memory": {
          "avg_mb": 8392.390625,
          "max_mb": 8392.390625,
          "min_mb": 8392.390625
        },
        "disk": {
          "read_total_mb": 0.0,
          "write_total_mb": 0.0
        },
        "network": {
          "sent_total_mb": 0.0,
          "recv_total_mb": 0.0
        }
      }
    },
    {
      "top_k": 3,
      "num_queries": 10,
      "avg_latency_ms": 12.024593353271484,
      "p50_latency_ms": 11.963129043579102,
      "p95_latency_ms": 15.74087142944336,
      "p99_latency_ms": 15.74087142944336,
      "min_latency_ms": 10.286092758178711,
      "max_latency_ms": 15.74087142944336,
      "queries_per_second": 83.16289546107053,
      "avg_similarity": 0.5706728316666666,
      "avg_top1_similarity": 0.597283879,
      "min_similarity": 0.550541934,
      "recall_at_3": 0.0,
      "precision_at_3": 0.0,
      "mrr": 0.0,
      "resource_metrics": {
        "duration": 0.0,
        "cpu": {
          "avg": 17.2,
          "max": 17.2,
          "min": 17.2
        },
        "memory": {
          "avg_mb": 9571.96875,
          "max_mb": 9571.96875,
          "min_mb": 9571.96875
        },
        "disk": {
          "read_total_mb": 0.0,
          "write_total_mb": 0.0
        },
        "network": {
          "sent_total_mb": 0.0,
          "recv_total_mb": 0.0
        }
      }
    },
    {
      "top_k": 5,
      "num_queries": 10,
      "avg_latency_ms": 13.583111763000488,
      "p50_latency_ms": 12.62211799621582,
      "p95_latency_ms": 17.966747283935547,
      "p99_latency_ms": 17.966747283935547,
      "min_latency_ms": 11.076211929321289,
      "max_latency_ms": 17.966747283935547,
      "queries_per_second": 73.62083279944252,
      "avg_similarity": 0.5560518772,
      "avg_top1_similarity": 0.597283879,
      "min_similarity": 0.529982182,
      "recall_at_5": 0.0,
      "precision_at_5": 0.0,
      "mrr": 0.0,
      "resource_metrics": {
        "duration": 0.0,
        "cpu": {
          "avg": 11.5,
          "max": 11.5,
          "min": 11.5
        },
        "memory": {
          "avg_mb": 9576.796875,
          "max_mb": 9576.796875,
          "min_mb": 9576.796875
        },
        "disk": {
          "read_total_mb": 0.0,
          "write_total_mb": 0.0
        },
        "network": {
          "sent_total_mb": 0.0,
          "recv_total_mb": 0.0
        }
      }
    },
    {
      "top_k": 10,
      "num_queries": 10,
      "avg_latency_ms": 12.934660911560059,
      "p50_latency_ms": 13.08298110961914,
      "p95_latency_ms": 17.406940460205078,
      "p99_latency_ms": 17.406940460205078,
      "min_latency_ms": 10.22791862487793,
      "max_latency_ms": 17.406940460205078,
      "queries_per_second": 77.31165175781862,
      "avg_similarity": 0.531931425,
      "avg_top1_similarity": 0.597283879,
      "min_similarity": 0.49561808,
      "recall_at_10": 0.0,
      "precision_at_10": 0.0,
      "mrr": 0.0,
      "resource_metrics": {
        "duration": 0.0,
        "cpu": {
          "avg": 14.1,
          "max": 14.1,
          "min": 14.1
        },
        "memory": {
          "avg_mb": 9630.21875,
          "max_mb": 9630.21875,
          "min_mb": 9630.21875
        },
        "disk": {
          "read_total_mb": 0.0,
          "write_total_mb": 0.0
        },
        "network": {
          "sent_total_mb": 0.0,
          "recv_total_mb": 0.0
        }
      }
    },
    {
      "top_k": 20,
      "num_queries": 10,
      "avg_latency_ms": 13.288140296936035,
      "p50_latency_ms": 13.1988525390625,
      "p95_latency_ms": 17.744064331054688,
      "p99_latency_ms": 17.744064331054688,
      "min_latency_ms": 10.583877563476562,
      "max_latency_ms": 17.744064331054688,
      "queries_per_second": 75.25507540212973,
      "avg_similarity": 0.5037875166999999,
      "avg_top1_similarity": 0.597283879,
      "min_similarity": 0.46340917400000003,
      "recall_at_20": 0.0,
      "precision_at_20": 0.0,
      "mrr": 0.0,
      "resource_metrics": {
        "duration": 0.0,
        "cpu": {
          "avg": 12.2,
          "max": 12.2,
          "min": 12.2
        },
        "memory": {
          "avg_mb": 9634.0,
          "max_mb": 9634.0,
          "min_mb": 9634.0
        },
        "disk": {
          "read_total_mb": 0.0,
          "write_total_mb": 0.0
        },
        "network": {
          "sent_total_mb": 0.0,
          "recv_total_mb": 0.0
        }
      }
    }
  ]
}