{
  "database": "pgvector",
  "config": {
    "corpus_path": "Data/test_corpus/corpus_sizes/corpus_50k",
    "test_cases_path": "Data/test_corpus/test_cases.json",
    "output_dir": "results/pgvector_scaling_n10/corpus_50k/run_7",
    "pgvector_config": {
      "host": "localhost",
      "port": 5433,
      "database": "vectordb",
      "user": "postgres",
      "password": "postgres",
      "table_name": "benchmark_test",
      "index_type": "ivfflat"
    },
    "embedding_model": "sentence-transformers/all-MiniLM-L6-v2",
    "embedding_type": "sentence-transformers",
    "chunk_size": 512,
    "chunk_overlap": 50,
    "chunk_strategy": "fixed",
    "top_k_values": [
      1,
      3,
      5,
      10,
      20
    ],
    "batch_size": 100
  },
  "timestamp": "2026-01-10 09:36:26",
  "ingestion": {
    "total_time_sec": 984.8809769153595,
    "num_documents": 1,
    "num_chunks": 345046,
    "parsing_time_sec": 0.648902177810669,
    "embedding_time_sec": 808.7632451057434,
    "insertion_time_sec": 172.1398627758026
  },
  "query_results": [
    {
      "top_k": 1,
      "num_queries": 10,
      "avg_latency_ms": 126.14216804504395,
      "p50_latency_ms": 49.736976623535156,
      "p95_latency_ms": 878.2339096069336,
      "p99_latency_ms": 878.2339096069336,
      "min_latency_ms": 20.038843154907227,
      "max_latency_ms": 878.2339096069336,
      "queries_per_second": 7.927563125781311,
      "avg_similarity": 0.66091389531386,
      "avg_top1_similarity": 0.66091389531386,
      "min_similarity": 0.66091389531386,
      "recall_at_1": 0.0,
      "precision_at_1": 0.0,
      "mrr": 0.0,
      "resource_metrics": {
        "duration": 1.0187852382659912,
        "cpu": {
          "avg": 15.433333333333332,
          "max": 16.7,
          "min": 13.3
        },
        "memory": {
          "avg_mb": 9789.291666666666,
          "max_mb": 10479.265625,
          "min_mb": 9165.90625
        },
        "disk": {
          "read_total_mb": 349.06640625,
          "write_total_mb": 52.66796875
        },
        "network": {
          "sent_total_mb": 0.0390625,
          "recv_total_mb": 0.0400390625
        }
      }
    },
    {
      "top_k": 3,
      "num_queries": 10,
      "avg_latency_ms": 27.446985244750977,
      "p50_latency_ms": 27.751922607421875,
      "p95_latency_ms": 31.888961791992188,
      "p99_latency_ms": 31.888961791992188,
      "min_latency_ms": 23.350954055786133,
      "max_latency_ms": 31.888961791992188,
      "queries_per_second": 36.43387392395827,
      "avg_similarity": 0.6381453653753935,
      "avg_top1_similarity": 0.66091389531386,
      "min_similarity": 0.617429116898659,
      "recall_at_3": 0.0,
      "precision_at_3": 0.0,
      "mrr": 0.0,
      "resource_metrics": {
        "duration": 0.0,
        "cpu": {
          "avg": 12.0,
          "max": 12.0,
          "min": 12.0
        },
        "memory": {
          "avg_mb": 10401.65625,
          "max_mb": 10401.65625,
          "min_mb": 10401.65625
        },
        "disk": {
          "read_total_mb": 0.0,
          "write_total_mb": 0.0
        },
        "network": {
          "sent_total_mb": 0.0,
          "recv_total_mb": 0.0
        }
      }
    },
    {
      "top_k": 5,
      "num_queries": 10,
      "avg_latency_ms": 26.456379890441895,
      "p50_latency_ms": 26.132822036743164,
      "p95_latency_ms": 29.654979705810547,
      "p99_latency_ms": 29.654979705810547,
      "min_latency_ms": 22.804975509643555,
      "max_latency_ms": 29.654979705810547,
      "queries_per_second": 37.798066256271056,
      "avg_similarity": 0.6227200671583266,
      "avg_top1_similarity": 0.66091389531386,
      "min_similarity": 0.5959627332723414,
      "recall_at_5": 0.0,
      "precision_at_5": 0.0,
      "mrr": 0.0,
      "resource_metrics": {
        "duration": 0.0,
        "cpu": {
          "avg": 14.1,
          "max": 14.1,
          "min": 14.1
        },
        "memory": {
          "avg_mb": 10413.171875,
          "max_mb": 10413.171875,
          "min_mb": 10413.171875
        },
        "disk": {
          "read_total_mb": 0.0,
          "write_total_mb": 0.0
        },
        "network": {
          "sent_total_mb": 0.0,
          "recv_total_mb": 0.0
        }
      }
    },
    {
      "top_k": 10,
      "num_queries": 10,
      "avg_latency_ms": 28.19690704345703,
      "p50_latency_ms": 28.641700744628906,
      "p95_latency_ms": 48.748016357421875,
      "p99_latency_ms": 48.748016357421875,
      "min_latency_ms": 18.208026885986328,
      "max_latency_ms": 48.748016357421875,
      "queries_per_second": 35.4648826716633,
      "avg_similarity": 0.5995994767417046,
      "avg_top1_similarity": 0.66091389531386,
      "min_similarity": 0.5663065761647823,
      "recall_at_10": 0.0,
      "precision_at_10": 0.0,
      "mrr": 0.0,
      "resource_metrics": {
        "duration": 0.0,
        "cpu": {
          "avg": 13.0,
          "max": 13.0,
          "min": 13.0
        },
        "memory": {
          "avg_mb": 10433.671875,
          "max_mb": 10433.671875,
          "min_mb": 10433.671875
        },
        "disk": {
          "read_total_mb": 0.0390625,
          "write_total_mb": 0.0
        },
        "network": {
          "sent_total_mb": 0.0,
          "recv_total_mb": 0.0
        }
      }
    },
    {
      "top_k": 20,
      "num_queries": 10,
      "avg_latency_ms": 24.91128444671631,
      "p50_latency_ms": 25.300979614257812,
      "p95_latency_ms": 29.165029525756836,
      "p99_latency_ms": 29.165029525756836,
      "min_latency_ms": 21.924972534179688,
      "max_latency_ms": 29.165029525756836,
      "queries_per_second": 40.14245038785286,
      "avg_similarity": 0.5699051359004995,
      "avg_top1_similarity": 0.66091389531386,
      "min_similarity": 0.5260537566350484,
      "recall_at_20": 0.0,
      "precision_at_20": 0.0,
      "mrr": 0.0,
      "resource_metrics": {
        "duration": 0.0,
        "cpu": {
          "avg": 16.6,
          "max": 16.6,
          "min": 16.6
        },
        "memory": {
          "avg_mb": 10524.3125,
          "max_mb": 10524.3125,
          "min_mb": 10524.3125
        },
        "disk": {
          "read_total_mb": 0.0,
          "write_total_mb": 0.0
        },
        "network": {
          "sent_total_mb": 0.0,
          "recv_total_mb": 0.0
        }
      }
    }
  ]
}