{
  "database": "chroma",
  "config": {
    "corpus_path": "Data/test_corpus/corpus_sizes/corpus_1k",
    "test_cases_path": "Data/test_corpus/test_cases.json",
    "output_dir": "results/chroma_scaling_experiment/corpus_1k",
    "chroma_config": {
      "persist_directory": "./vector_stores/chroma_db",
      "collection_name": "benchmark_test"
    },
    "embedding_model": "sentence-transformers/all-MiniLM-L6-v2",
    "embedding_type": "sentence-transformers",
    "chunk_size": 512,
    "chunk_overlap": 50,
    "chunk_strategy": "fixed",
    "top_k_values": [
      1,
      3,
      5,
      10,
      20
    ],
    "batch_size": 100
  },
  "timestamp": "2025-12-16 15:57:31",
  "ingestion": {
    "total_time_sec": 17.26596474647522,
    "num_documents": 1,
    "num_chunks": 5562,
    "parsing_time_sec": 0.00687408447265625,
    "embedding_time_sec": 14.598938226699829,
    "insertion_time_sec": 2.480808973312378
  },
  "query_results": [
    {
      "top_k": 1,
      "num_queries": 10,
      "avg_latency_ms": 23.718714714050293,
      "p50_latency_ms": 22.155046463012695,
      "p95_latency_ms": 76.50113105773926,
      "p99_latency_ms": 76.50113105773926,
      "min_latency_ms": 7.971048355102539,
      "max_latency_ms": 76.50113105773926,
      "queries_per_second": 42.160800534762046,
      "avg_similarity": 0.528162032365799,
      "avg_top1_similarity": 0.528162032365799,
      "min_similarity": 0.528162032365799,
      "recall_at_1": 0.0,
      "precision_at_1": 0.0,
      "mrr": 0.0,
      "resource_metrics": {
        "duration": 0.0,
        "cpu": {
          "avg": 0.0,
          "max": 0.0,
          "min": 0.0
        },
        "memory": {
          "avg_mb": 9877.4375,
          "max_mb": 9877.4375,
          "min_mb": 9877.4375
        },
        "disk": {
          "read_total_mb": 0.0,
          "write_total_mb": 0.0
        },
        "network": {
          "sent_total_mb": 0.0,
          "recv_total_mb": 0.0
        }
      }
    },
    {
      "top_k": 3,
      "num_queries": 10,
      "avg_latency_ms": 8.98740291595459,
      "p50_latency_ms": 8.639097213745117,
      "p95_latency_ms": 10.960817337036133,
      "p99_latency_ms": 10.960817337036133,
      "min_latency_ms": 7.750749588012695,
      "max_latency_ms": 10.960817337036133,
      "queries_per_second": 111.26684864932261,
      "avg_similarity": 0.5003336071968079,
      "avg_top1_similarity": 0.528162032365799,
      "min_similarity": 0.47697556018829346,
      "recall_at_3": 0.0,
      "precision_at_3": 0.0,
      "mrr": 0.0,
      "resource_metrics": {
        "duration": 0.0,
        "cpu": {
          "avg": 21.7,
          "max": 21.7,
          "min": 21.7
        },
        "memory": {
          "avg_mb": 9541.875,
          "max_mb": 9541.875,
          "min_mb": 9541.875
        },
        "disk": {
          "read_total_mb": 0.0625,
          "write_total_mb": 0.0
        },
        "network": {
          "sent_total_mb": 0.0,
          "recv_total_mb": 0.0
        }
      }
    },
    {
      "top_k": 5,
      "num_queries": 10,
      "avg_latency_ms": 9.708285331726074,
      "p50_latency_ms": 9.086847305297852,
      "p95_latency_ms": 13.637065887451172,
      "p99_latency_ms": 13.637065887451172,
      "min_latency_ms": 7.503986358642578,
      "max_latency_ms": 13.637065887451172,
      "queries_per_second": 103.00480113950319,
      "avg_similarity": 0.4829401016235352,
      "avg_top1_similarity": 0.528162032365799,
      "min_similarity": 0.45248005390167234,
      "recall_at_5": 0.0,
      "precision_at_5": 0.0,
      "mrr": 0.0,
      "resource_metrics": {
        "duration": 0.0,
        "cpu": {
          "avg": 15.9,
          "max": 15.9,
          "min": 15.9
        },
        "memory": {
          "avg_mb": 9556.4375,
          "max_mb": 9556.4375,
          "min_mb": 9556.4375
        },
        "disk": {
          "read_total_mb": 0.0,
          "write_total_mb": 0.015625
        },
        "network": {
          "sent_total_mb": 0.0,
          "recv_total_mb": 0.0498046875
        }
      }
    },
    {
      "top_k": 10,
      "num_queries": 10,
      "avg_latency_ms": 9.31239128112793,
      "p50_latency_ms": 8.682012557983398,
      "p95_latency_ms": 14.438152313232422,
      "p99_latency_ms": 14.438152313232422,
      "min_latency_ms": 6.4640045166015625,
      "max_latency_ms": 14.438152313232422,
      "queries_per_second": 107.3838039888374,
      "avg_similarity": 0.45815172731876375,
      "avg_top1_similarity": 0.528162032365799,
      "min_similarity": 0.42196527123451233,
      "recall_at_10": 0.0,
      "precision_at_10": 0.0,
      "mrr": 0.0,
      "resource_metrics": {
        "duration": 0.0,
        "cpu": {
          "avg": 24.7,
          "max": 24.7,
          "min": 24.7
        },
        "memory": {
          "avg_mb": 9732.9375,
          "max_mb": 9732.9375,
          "min_mb": 9732.9375
        },
        "disk": {
          "read_total_mb": 0.0,
          "write_total_mb": 0.0
        },
        "network": {
          "sent_total_mb": 0.0009765625,
          "recv_total_mb": 0.0
        }
      }
    },
    {
      "top_k": 20,
      "num_queries": 10,
      "avg_latency_ms": 8.342361450195312,
      "p50_latency_ms": 8.027076721191406,
      "p95_latency_ms": 10.773181915283203,
      "p99_latency_ms": 10.773181915283203,
      "min_latency_ms": 7.009029388427734,
      "max_latency_ms": 10.773181915283203,
      "queries_per_second": 119.87013580867895,
      "avg_similarity": 0.42762157887220387,
      "avg_top1_similarity": 0.528162032365799,
      "min_similarity": 0.3825069725513458,
      "recall_at_20": 0.0,
      "precision_at_20": 0.0,
      "mrr": 0.0,
      "resource_metrics": {
        "duration": 0.0,
        "cpu": {
          "avg": 19.7,
          "max": 19.7,
          "min": 19.7
        },
        "memory": {
          "avg_mb": 9730.453125,
          "max_mb": 9730.453125,
          "min_mb": 9730.453125
        },
        "disk": {
          "read_total_mb": 0.0,
          "write_total_mb": 0.0
        },
        "network": {
          "sent_total_mb": 0.009765625,
          "recv_total_mb": 0.0
        }
      }
    }
  ]
}