{
  "database": "weaviate",
  "config": {
    "corpus_path": "Data/test_corpus/documents",
    "test_cases_path": "Data/test_corpus/test_cases.json",
    "output_dir": "results/weaviate_scaling_n10/corpus_baseline/run_7",
    "weaviate_config": {
      "host": "localhost",
      "port": 8082,
      "class_name": "BenchmarkTest"
    },
    "embedding_model": "sentence-transformers/all-MiniLM-L6-v2",
    "embedding_type": "sentence-transformers",
    "chunk_size": 512,
    "chunk_overlap": 50,
    "chunk_strategy": "fixed",
    "top_k_values": [
      1,
      3,
      5,
      10,
      20
    ],
    "batch_size": 100
  },
  "timestamp": "2026-01-10 05:21:26",
  "ingestion": {
    "total_time_sec": 2.1217598915100098,
    "num_documents": 20,
    "num_chunks": 175,
    "parsing_time_sec": 0.00039887428283691406,
    "embedding_time_sec": 0.42772674560546875,
    "insertion_time_sec": 1.215480089187622
  },
  "query_results": [
    {
      "top_k": 1,
      "num_queries": 10,
      "avg_latency_ms": 24.79071617126465,
      "p50_latency_ms": 25.77805519104004,
      "p95_latency_ms": 62.3631477355957,
      "p99_latency_ms": 62.3631477355957,
      "min_latency_ms": 8.480072021484375,
      "max_latency_ms": 62.3631477355957,
      "queries_per_second": 40.33768097265046,
      "avg_similarity": 0.7316955387592315,
      "avg_top1_similarity": 0.7316955387592315,
      "min_similarity": 0.7316955387592315,
      "recall_at_1": 0.0,
      "precision_at_1": 0.0,
      "mrr": 0.0,
      "resource_metrics": {
        "duration": 0.0,
        "cpu": {
          "avg": 20.3,
          "max": 20.3,
          "min": 20.3
        },
        "memory": {
          "avg_mb": 11559.859375,
          "max_mb": 11559.859375,
          "min_mb": 11559.859375
        },
        "disk": {
          "read_total_mb": 0.0,
          "write_total_mb": 0.0
        },
        "network": {
          "sent_total_mb": 0.0,
          "recv_total_mb": 0.0
        }
      }
    },
    {
      "top_k": 3,
      "num_queries": 10,
      "avg_latency_ms": 11.809110641479492,
      "p50_latency_ms": 10.974884033203125,
      "p95_latency_ms": 14.767885208129883,
      "p99_latency_ms": 14.767885208129883,
      "min_latency_ms": 8.985757827758789,
      "max_latency_ms": 14.767885208129883,
      "queries_per_second": 84.68038198300054,
      "avg_similarity": 0.6881673514842988,
      "avg_top1_similarity": 0.7316955387592315,
      "min_similarity": 0.6527655124664307,
      "recall_at_3": 0.0,
      "precision_at_3": 0.0,
      "mrr": 0.0,
      "resource_metrics": {
        "duration": 0.0,
        "cpu": {
          "avg": 23.1,
          "max": 23.1,
          "min": 23.1
        },
        "memory": {
          "avg_mb": 11859.546875,
          "max_mb": 11859.546875,
          "min_mb": 11859.546875
        },
        "disk": {
          "read_total_mb": 0.1875,
          "write_total_mb": 0.0
        },
        "network": {
          "sent_total_mb": 0.0,
          "recv_total_mb": 0.0
        }
      }
    },
    {
      "top_k": 5,
      "num_queries": 10,
      "avg_latency_ms": 10.853409767150879,
      "p50_latency_ms": 10.347127914428711,
      "p95_latency_ms": 15.915155410766602,
      "p99_latency_ms": 15.915155410766602,
      "min_latency_ms": 8.182048797607422,
      "max_latency_ms": 15.915155410766602,
      "queries_per_second": 92.13694326981164,
      "avg_similarity": 0.6663784754276275,
      "avg_top1_similarity": 0.7316955387592315,
      "min_similarity": 0.6243872761726379,
      "recall_at_5": 0.0,
      "precision_at_5": 0.0,
      "mrr": 0.0,
      "resource_metrics": {
        "duration": 0.0,
        "cpu": {
          "avg": 19.8,
          "max": 19.8,
          "min": 19.8
        },
        "memory": {
          "avg_mb": 11867.453125,
          "max_mb": 11867.453125,
          "min_mb": 11867.453125
        },
        "disk": {
          "read_total_mb": 0.125,
          "write_total_mb": 0.0
        },
        "network": {
          "sent_total_mb": 0.0,
          "recv_total_mb": 0.0
        }
      }
    },
    {
      "top_k": 10,
      "num_queries": 10,
      "avg_latency_ms": 11.75081729888916,
      "p50_latency_ms": 11.132240295410156,
      "p95_latency_ms": 15.981674194335938,
      "p99_latency_ms": 15.981674194335938,
      "min_latency_ms": 9.425163269042969,
      "max_latency_ms": 15.981674194335938,
      "queries_per_second": 85.10046361579742,
      "avg_similarity": 0.6292959743738173,
      "avg_top1_similarity": 0.7316955387592315,
      "min_similarity": 0.573929762840271,
      "recall_at_10": 0.0,
      "precision_at_10": 0.0,
      "mrr": 0.0,
      "resource_metrics": {
        "duration": 0.0,
        "cpu": {
          "avg": 19.9,
          "max": 19.9,
          "min": 19.9
        },
        "memory": {
          "avg_mb": 11867.34375,
          "max_mb": 11867.34375,
          "min_mb": 11867.34375
        },
        "disk": {
          "read_total_mb": 0.0,
          "write_total_mb": 0.0
        },
        "network": {
          "sent_total_mb": 0.0,
          "recv_total_mb": 0.0
        }
      }
    },
    {
      "top_k": 20,
      "num_queries": 10,
      "avg_latency_ms": 12.966084480285645,
      "p50_latency_ms": 14.294147491455078,
      "p95_latency_ms": 16.177892684936523,
      "p99_latency_ms": 16.177892684936523,
      "min_latency_ms": 9.636163711547852,
      "max_latency_ms": 16.177892684936523,
      "queries_per_second": 77.12428540169205,
      "avg_similarity": 0.5740239518880844,
      "avg_top1_similarity": 0.7316955387592315,
      "min_similarity": 0.49384820461273193,
      "recall_at_20": 0.0,
      "precision_at_20": 0.0,
      "mrr": 0.0,
      "resource_metrics": {
        "duration": 0.0,
        "cpu": {
          "avg": 19.9,
          "max": 19.9,
          "min": 19.9
        },
        "memory": {
          "avg_mb": 11862.84375,
          "max_mb": 11862.84375,
          "min_mb": 11862.84375
        },
        "disk": {
          "read_total_mb": 0.0,
          "write_total_mb": 0.0
        },
        "network": {
          "sent_total_mb": 0.0,
          "recv_total_mb": 0.0
        }
      }
    }
  ]
}