{
  "database": "chroma",
  "config": {
    "corpus_path": "Data/test_corpus/corpus_sizes/corpus_10k",
    "test_cases_path": "Data/test_corpus/test_cases.json",
    "output_dir": "results/chroma_scaling_n3/corpus_10k/run_2",
    "chroma_config": {
      "persist_directory": "./vector_stores/chroma_db",
      "collection_name": "benchmark_test"
    },
    "embedding_model": "sentence-transformers/all-MiniLM-L6-v2",
    "embedding_type": "sentence-transformers",
    "chunk_size": 512,
    "chunk_overlap": 50,
    "chunk_strategy": "fixed",
    "top_k_values": [
      1,
      3,
      5,
      10,
      20
    ],
    "batch_size": 100
  },
  "timestamp": "2025-12-22 17:18:26",
  "ingestion": {
    "total_time_sec": 2602.5150451660156,
    "num_documents": 1,
    "num_chunks": 69903,
    "parsing_time_sec": 3.835056781768799,
    "embedding_time_sec": 2191.433260202408,
    "insertion_time_sec": 404.9806578159332
  },
  "query_results": [
    {
      "top_k": 1,
      "num_queries": 10,
      "avg_latency_ms": 520.1638460159302,
      "p50_latency_ms": 57.36494064331055,
      "p95_latency_ms": 4802.769184112549,
      "p99_latency_ms": 4802.769184112549,
      "min_latency_ms": 5.416393280029297,
      "max_latency_ms": 4802.769184112549,
      "queries_per_second": 1.9224711745332925,
      "avg_similarity": 0.5972840011119842,
      "avg_top1_similarity": 0.5972840011119842,
      "min_similarity": 0.5972840011119842,
      "recall_at_1": 0.0,
      "precision_at_1": 0.0,
      "mrr": 0.0,
      "resource_metrics": {
        "duration": 5.0830652713775635,
        "cpu": {
          "avg": 17.43636363636364,
          "max": 22.1,
          "min": 9.8
        },
        "memory": {
          "avg_mb": 12570.70596590909,
          "max_mb": 12684.328125,
          "min_mb": 12477.796875
        },
        "disk": {
          "read_total_mb": 2259.1015625,
          "write_total_mb": 1110.87109375
        },
        "network": {
          "sent_total_mb": 0.0185546875,
          "recv_total_mb": 0.0146484375
        }
      }
    },
    {
      "top_k": 3,
      "num_queries": 10,
      "avg_latency_ms": 27.686357498168945,
      "p50_latency_ms": 26.70001983642578,
      "p95_latency_ms": 54.93617057800293,
      "p99_latency_ms": 54.93617057800293,
      "min_latency_ms": 10.901212692260742,
      "max_latency_ms": 54.93617057800293,
      "queries_per_second": 36.11887190527449,
      "avg_similarity": 0.5706729690233867,
      "avg_top1_similarity": 0.5972840011119842,
      "min_similarity": 0.5505420327186584,
      "recall_at_3": 0.0,
      "precision_at_3": 0.0,
      "mrr": 0.0,
      "resource_metrics": {
        "duration": 0.0,
        "cpu": {
          "avg": 22.5,
          "max": 22.5,
          "min": 22.5
        },
        "memory": {
          "avg_mb": 12759.3125,
          "max_mb": 12759.3125,
          "min_mb": 12759.3125
        },
        "disk": {
          "read_total_mb": 0.125,
          "write_total_mb": 0.125
        },
        "network": {
          "sent_total_mb": 0.0048828125,
          "recv_total_mb": 0.0
        }
      }
    },
    {
      "top_k": 5,
      "num_queries": 10,
      "avg_latency_ms": 21.395158767700195,
      "p50_latency_ms": 17.6389217376709,
      "p95_latency_ms": 47.69277572631836,
      "p99_latency_ms": 47.69277572631836,
      "min_latency_ms": 5.510807037353516,
      "max_latency_ms": 47.69277572631836,
      "queries_per_second": 46.739545654116775,
      "avg_similarity": 0.5560519921779633,
      "avg_top1_similarity": 0.5972840011119842,
      "min_similarity": 0.5299822628498078,
      "recall_at_5": 0.0,
      "precision_at_5": 0.0,
      "mrr": 0.0,
      "resource_metrics": {
        "duration": 0.0,
        "cpu": {
          "avg": 22.2,
          "max": 22.2,
          "min": 22.2
        },
        "memory": {
          "avg_mb": 13119.890625,
          "max_mb": 13119.890625,
          "min_mb": 13119.890625
        },
        "disk": {
          "read_total_mb": 0.125,
          "write_total_mb": 1.0
        },
        "network": {
          "sent_total_mb": 0.0,
          "recv_total_mb": 0.0
        }
      }
    },
    {
      "top_k": 10,
      "num_queries": 10,
      "avg_latency_ms": 21.704816818237305,
      "p50_latency_ms": 22.298097610473633,
      "p95_latency_ms": 29.422998428344727,
      "p99_latency_ms": 29.422998428344727,
      "min_latency_ms": 8.82101058959961,
      "max_latency_ms": 29.422998428344727,
      "queries_per_second": 46.07272239956237,
      "avg_similarity": 0.5319315123558044,
      "avg_top1_similarity": 0.5972840011119842,
      "min_similarity": 0.4956181585788727,
      "recall_at_10": 0.0,
      "precision_at_10": 0.0,
      "mrr": 0.0,
      "resource_metrics": {
        "duration": 0.0,
        "cpu": {
          "avg": 13.6,
          "max": 13.6,
          "min": 13.6
        },
        "memory": {
          "avg_mb": 11548.734375,
          "max_mb": 11548.734375,
          "min_mb": 11548.734375
        },
        "disk": {
          "read_total_mb": 0.0,
          "write_total_mb": 0.0
        },
        "network": {
          "sent_total_mb": 0.0,
          "recv_total_mb": 0.0
        }
      }
    },
    {
      "top_k": 20,
      "num_queries": 10,
      "avg_latency_ms": 48.49445819854736,
      "p50_latency_ms": 46.32997512817383,
      "p95_latency_ms": 136.25288009643555,
      "p99_latency_ms": 136.25288009643555,
      "min_latency_ms": 14.142036437988281,
      "max_latency_ms": 136.25288009643555,
      "queries_per_second": 20.620912927942655,
      "avg_similarity": 0.5037260913848878,
      "avg_top1_similarity": 0.5972840011119842,
      "min_similarity": 0.46329604983329775,
      "recall_at_20": 0.0,
      "precision_at_20": 0.0,
      "mrr": 0.0,
      "resource_metrics": {
        "duration": 0.0,
        "cpu": {
          "avg": 12.1,
          "max": 12.1,
          "min": 12.1
        },
        "memory": {
          "avg_mb": 11608.765625,
          "max_mb": 11608.765625,
          "min_mb": 11608.765625
        },
        "disk": {
          "read_total_mb": 0.0,
          "write_total_mb": 0.0
        },
        "network": {
          "sent_total_mb": 0.0,
          "recv_total_mb": 0.0
        }
      }
    }
  ]
}