{
  "database": "milvus",
  "config": {
    "corpus_path": "Data/test_corpus/corpus_sizes/corpus_10k",
    "test_cases_path": "Data/test_corpus/test_cases.json",
    "output_dir": "results/milvus_scaling_experiment/corpus_10k",
    "milvus_config": {
      "host": "localhost",
      "port": 19530,
      "collection_name": "benchmark_test"
    },
    "embedding_model": "sentence-transformers/all-MiniLM-L6-v2",
    "embedding_type": "sentence-transformers",
    "chunk_size": 512,
    "chunk_overlap": 50,
    "chunk_strategy": "fixed",
    "top_k_values": [
      1,
      3,
      5,
      10,
      20
    ],
    "batch_size": 100
  },
  "timestamp": "2025-12-16 21:31:46",
  "ingestion": {
    "total_time_sec": 1380.7958731651306,
    "num_documents": 1,
    "num_chunks": 69903,
    "parsing_time_sec": 0.2188420295715332,
    "embedding_time_sec": 1345.6547729969025,
    "insertion_time_sec": 32.526880979537964
  },
  "query_results": [
    {
      "top_k": 1,
      "num_queries": 10,
      "avg_latency_ms": 817.4902677536011,
      "p50_latency_ms": 96.06027603149414,
      "p95_latency_ms": 7392.395973205566,
      "p99_latency_ms": 7392.395973205566,
      "min_latency_ms": 28.28526496887207,
      "max_latency_ms": 7392.395973205566,
      "queries_per_second": 1.22325615294225,
      "avg_similarity": 0.597283911705017,
      "avg_top1_similarity": 0.597283911705017,
      "min_similarity": 0.597283911705017,
      "recall_at_1": 0.0,
      "precision_at_1": 0.0,
      "mrr": 0.0,
      "resource_metrics": {
        "duration": 8.13445496559143,
        "cpu": {
          "avg": 22.35882352941176,
          "max": 57.8,
          "min": 0.0
        },
        "memory": {
          "avg_mb": 15471.126838235294,
          "max_mb": 16227.375,
          "min_mb": 14530.296875
        },
        "disk": {
          "read_total_mb": 2419.1875,
          "write_total_mb": 1992.31640625
        },
        "network": {
          "sent_total_mb": 0.0517578125,
          "recv_total_mb": 0.072265625
        }
      }
    },
    {
      "top_k": 3,
      "num_queries": 10,
      "avg_latency_ms": 107.7378511428833,
      "p50_latency_ms": 62.78491020202637,
      "p95_latency_ms": 619.8668479919434,
      "p99_latency_ms": 619.8668479919434,
      "min_latency_ms": 12.028932571411133,
      "max_latency_ms": 619.8668479919434,
      "queries_per_second": 9.281788984948172,
      "avg_similarity": 0.5706728716691334,
      "avg_top1_similarity": 0.597283911705017,
      "min_similarity": 0.5505419582128525,
      "recall_at_3": 0.0,
      "precision_at_3": 0.0,
      "mrr": 0.0,
      "resource_metrics": {
        "duration": 1.0445282459259033,
        "cpu": {
          "avg": 25.73333333333333,
          "max": 26.5,
          "min": 24.9
        },
        "memory": {
          "avg_mb": 15483.036458333334,
          "max_mb": 16018.265625,
          "min_mb": 15215.421875
        },
        "disk": {
          "read_total_mb": 122.94921875,
          "write_total_mb": 277.01171875
        },
        "network": {
          "sent_total_mb": 0.029296875,
          "recv_total_mb": 0.029296875
        }
      }
    },
    {
      "top_k": 5,
      "num_queries": 10,
      "avg_latency_ms": 38.014817237854004,
      "p50_latency_ms": 38.98906707763672,
      "p95_latency_ms": 68.87984275817871,
      "p99_latency_ms": 68.87984275817871,
      "min_latency_ms": 12.540102005004883,
      "max_latency_ms": 68.87984275817871,
      "queries_per_second": 26.305532228213117,
      "avg_similarity": 0.556051908135414,
      "avg_top1_similarity": 0.597283911705017,
      "min_similarity": 0.5299822092056274,
      "recall_at_5": 0.0,
      "precision_at_5": 0.0,
      "mrr": 0.0,
      "resource_metrics": {
        "duration": 0.0,
        "cpu": {
          "avg": 21.0,
          "max": 21.0,
          "min": 21.0
        },
        "memory": {
          "avg_mb": 15037.90625,
          "max_mb": 15037.90625,
          "min_mb": 15037.90625
        },
        "disk": {
          "read_total_mb": 0.75,
          "write_total_mb": 0.0
        },
        "network": {
          "sent_total_mb": 0.0,
          "recv_total_mb": 0.0
        }
      }
    },
    {
      "top_k": 10,
      "num_queries": 10,
      "avg_latency_ms": 28.124499320983887,
      "p50_latency_ms": 32.86886215209961,
      "p95_latency_ms": 42.691946029663086,
      "p99_latency_ms": 42.691946029663086,
      "min_latency_ms": 11.978864669799805,
      "max_latency_ms": 42.691946029663086,
      "queries_per_second": 35.55618852399954,
      "avg_similarity": 0.5319314530491829,
      "avg_top1_similarity": 0.597283911705017,
      "min_similarity": 0.49561808705329896,
      "recall_at_10": 0.0,
      "precision_at_10": 0.0,
      "mrr": 0.0,
      "resource_metrics": {
        "duration": 0.0,
        "cpu": {
          "avg": 26.7,
          "max": 26.7,
          "min": 26.7
        },
        "memory": {
          "avg_mb": 15864.671875,
          "max_mb": 15864.671875,
          "min_mb": 15864.671875
        },
        "disk": {
          "read_total_mb": 0.1875,
          "write_total_mb": 0.0
        },
        "network": {
          "sent_total_mb": 0.0,
          "recv_total_mb": 0.0
        }
      }
    },
    {
      "top_k": 20,
      "num_queries": 10,
      "avg_latency_ms": 39.52300548553467,
      "p50_latency_ms": 49.43990707397461,
      "p95_latency_ms": 63.671112060546875,
      "p99_latency_ms": 63.671112060546875,
      "min_latency_ms": 11.7340087890625,
      "max_latency_ms": 63.671112060546875,
      "queries_per_second": 25.301719535625846,
      "avg_similarity": 0.5037875387072563,
      "avg_top1_similarity": 0.597283911705017,
      "min_similarity": 0.46340918242931367,
      "recall_at_20": 0.0,
      "precision_at_20": 0.0,
      "mrr": 0.0,
      "resource_metrics": {
        "duration": 0.0,
        "cpu": {
          "avg": 29.8,
          "max": 29.8,
          "min": 29.8
        },
        "memory": {
          "avg_mb": 17155.3125,
          "max_mb": 17155.3125,
          "min_mb": 17155.3125
        },
        "disk": {
          "read_total_mb": 0.125,
          "write_total_mb": 0.0
        },
        "network": {
          "sent_total_mb": 0.0,
          "recv_total_mb": 0.0
        }
      }
    }
  ]
}