{
  "database": "faiss",
  "config": {
    "corpus_path": "Data/test_corpus/corpus_sizes/corpus_1k",
    "test_cases_path": "Data/test_corpus/test_cases.json",
    "output_dir": "results/faiss_scaling_experiment/corpus_1k",
    "faiss_config": {
      "index_path": "./vector_stores/faiss_index.index",
      "index_type": "Flat"
    },
    "embedding_model": "sentence-transformers/all-MiniLM-L6-v2",
    "embedding_type": "sentence-transformers",
    "chunk_size": 512,
    "chunk_overlap": 50,
    "chunk_strategy": "fixed",
    "top_k_values": [
      1,
      3,
      5,
      10,
      20
    ],
    "batch_size": 100
  },
  "timestamp": "2025-12-16 08:56:28",
  "ingestion": {
    "total_time_sec": 13.647409915924072,
    "num_documents": 1,
    "num_chunks": 5562,
    "parsing_time_sec": 0.004870176315307617,
    "embedding_time_sec": 13.372511863708496,
    "insertion_time_sec": 0.002719879150390625
  },
  "query_results": [
    {
      "top_k": 1,
      "num_queries": 10,
      "avg_latency_ms": 21.034836769104004,
      "p50_latency_ms": 22.18794822692871,
      "p95_latency_ms": 58.44902992248535,
      "p99_latency_ms": 58.44902992248535,
      "min_latency_ms": 3.759145736694336,
      "max_latency_ms": 58.44902992248535,
      "queries_per_second": 47.54018350495599,
      "avg_similarity": 0.5210750799192773,
      "avg_top1_similarity": 0.5210750799192773,
      "min_similarity": 0.5210750799192773,
      "recall_at_1": 0.0,
      "precision_at_1": 0.0,
      "mrr": 0.0,
      "resource_metrics": {
        "duration": 0.0,
        "cpu": {
          "avg": 0.0,
          "max": 0.0,
          "min": 0.0
        },
        "memory": {
          "avg_mb": 10492.046875,
          "max_mb": 10492.046875,
          "min_mb": 10492.046875
        },
        "disk": {
          "read_total_mb": 0.0,
          "write_total_mb": 0.0
        },
        "network": {
          "sent_total_mb": 0.0,
          "recv_total_mb": 0.0
        }
      }
    },
    {
      "top_k": 3,
      "num_queries": 10,
      "avg_latency_ms": 10.925459861755371,
      "p50_latency_ms": 9.369850158691406,
      "p95_latency_ms": 22.594928741455078,
      "p99_latency_ms": 22.594928741455078,
      "min_latency_ms": 8.21828842163086,
      "max_latency_ms": 22.594928741455078,
      "queries_per_second": 91.52932806979642,
      "avg_similarity": 0.5059781398986011,
      "avg_top1_similarity": 0.5210750799192773,
      "min_similarity": 0.493759919746614,
      "recall_at_3": 0.0,
      "precision_at_3": 0.0,
      "mrr": 0.0,
      "resource_metrics": {
        "duration": 0.0,
        "cpu": {
          "avg": 14.8,
          "max": 14.8,
          "min": 14.8
        },
        "memory": {
          "avg_mb": 10649.78125,
          "max_mb": 10649.78125,
          "min_mb": 10649.78125
        },
        "disk": {
          "read_total_mb": 0.0,
          "write_total_mb": 0.0
        },
        "network": {
          "sent_total_mb": 0.0,
          "recv_total_mb": 0.0
        }
      }
    },
    {
      "top_k": 5,
      "num_queries": 10,
      "avg_latency_ms": 10.006165504455566,
      "p50_latency_ms": 9.929895401000977,
      "p95_latency_ms": 15.235185623168945,
      "p99_latency_ms": 15.235185623168945,
      "min_latency_ms": 7.299900054931641,
      "max_latency_ms": 15.235185623168945,
      "queries_per_second": 99.93838294546676,
      "avg_similarity": 0.49715507483102944,
      "avg_top1_similarity": 0.5210750799192773,
      "min_similarity": 0.4819666974851036,
      "recall_at_5": 0.0,
      "precision_at_5": 0.0,
      "mrr": 0.0,
      "resource_metrics": {
        "duration": 0.0,
        "cpu": {
          "avg": 11.6,
          "max": 11.6,
          "min": 11.6
        },
        "memory": {
          "avg_mb": 10038.125,
          "max_mb": 10038.125,
          "min_mb": 10038.125
        },
        "disk": {
          "read_total_mb": 0.0,
          "write_total_mb": 0.0
        },
        "network": {
          "sent_total_mb": 0.0,
          "recv_total_mb": 0.0
        }
      }
    },
    {
      "top_k": 10,
      "num_queries": 10,
      "avg_latency_ms": 9.048032760620117,
      "p50_latency_ms": 8.653879165649414,
      "p95_latency_ms": 13.810157775878906,
      "p99_latency_ms": 13.810157775878906,
      "min_latency_ms": 7.49516487121582,
      "max_latency_ms": 13.810157775878906,
      "queries_per_second": 110.52126207503518,
      "avg_similarity": 0.4847373656715314,
      "avg_top1_similarity": 0.5210750799192773,
      "min_similarity": 0.46673530390332774,
      "recall_at_10": 0.0,
      "precision_at_10": 0.0,
      "mrr": 0.0,
      "resource_metrics": {
        "duration": 0.0,
        "cpu": {
          "avg": 12.9,
          "max": 12.9,
          "min": 12.9
        },
        "memory": {
          "avg_mb": 9451.203125,
          "max_mb": 9451.203125,
          "min_mb": 9451.203125
        },
        "disk": {
          "read_total_mb": 0.0,
          "write_total_mb": 0.0
        },
        "network": {
          "sent_total_mb": 0.0,
          "recv_total_mb": 0.0
        }
      }
    },
    {
      "top_k": 20,
      "num_queries": 10,
      "avg_latency_ms": 9.305095672607422,
      "p50_latency_ms": 8.93092155456543,
      "p95_latency_ms": 13.63992691040039,
      "p99_latency_ms": 13.63992691040039,
      "min_latency_ms": 7.735013961791992,
      "max_latency_ms": 13.63992691040039,
      "queries_per_second": 107.4679976632401,
      "avg_similarity": 0.4701479685882138,
      "avg_top1_similarity": 0.5210750799192773,
      "min_similarity": 0.44928775157628353,
      "recall_at_20": 0.0,
      "precision_at_20": 0.0,
      "mrr": 0.0,
      "resource_metrics": {
        "duration": 0.0,
        "cpu": {
          "avg": 8.0,
          "max": 8.0,
          "min": 8.0
        },
        "memory": {
          "avg_mb": 9449.3125,
          "max_mb": 9449.3125,
          "min_mb": 9449.3125
        },
        "disk": {
          "read_total_mb": 0.0,
          "write_total_mb": 0.0
        },
        "network": {
          "sent_total_mb": 0.0,
          "recv_total_mb": 0.0
        }
      }
    }
  ]
}