{
  "database": "pgvector",
  "config": {
    "corpus_path": "Data/test_corpus/corpus_sizes/corpus_50k",
    "test_cases_path": "Data/test_corpus/test_cases.json",
    "output_dir": "results/pgvector_hnsw_scaling_n3/corpus_50k/run_3",
    "pgvector_config": {
      "host": "localhost",
      "port": 5433,
      "database": "vectordb",
      "user": "postgres",
      "password": "postgres",
      "table_name": "benchmark_test",
      "index_type": "hnsw"
    },
    "embedding_model": "sentence-transformers/all-MiniLM-L6-v2",
    "embedding_type": "sentence-transformers",
    "chunk_size": 512,
    "chunk_overlap": 50,
    "chunk_strategy": "fixed",
    "top_k_values": [
      1,
      3,
      5,
      10,
      20
    ],
    "batch_size": 100
  },
  "timestamp": "2026-01-05 15:52:50",
  "ingestion": {
    "total_time_sec": 1474.1749057769775,
    "num_documents": 1,
    "num_chunks": 345046,
    "parsing_time_sec": 0.6282229423522949,
    "embedding_time_sec": 841.4970669746399,
    "insertion_time_sec": 627.4964580535889
  },
  "query_results": [
    {
      "top_k": 1,
      "num_queries": 10,
      "avg_latency_ms": 233.3749532699585,
      "p50_latency_ms": 36.932945251464844,
      "p95_latency_ms": 2071.117877960205,
      "p99_latency_ms": 2071.117877960205,
      "min_latency_ms": 10.864734649658203,
      "max_latency_ms": 2071.117877960205,
      "queries_per_second": 4.284949974229845,
      "avg_similarity": 0.66091389531386,
      "avg_top1_similarity": 0.66091389531386,
      "min_similarity": 0.66091389531386,
      "recall_at_1": 0.0,
      "precision_at_1": 0.0,
      "mrr": 0.0,
      "resource_metrics": {
        "duration": 2.0242538452148438,
        "cpu": {
          "avg": 14.2,
          "max": 16.3,
          "min": 12.2
        },
        "memory": {
          "avg_mb": 9606.50625,
          "max_mb": 9930.25,
          "min_mb": 9054.34375
        },
        "disk": {
          "read_total_mb": 985.484375,
          "write_total_mb": 177.359375
        },
        "network": {
          "sent_total_mb": 0.0322265625,
          "recv_total_mb": 0.0302734375
        }
      }
    },
    {
      "top_k": 3,
      "num_queries": 10,
      "avg_latency_ms": 10.2264404296875,
      "p50_latency_ms": 10.162115097045898,
      "p95_latency_ms": 11.81793212890625,
      "p99_latency_ms": 11.81793212890625,
      "min_latency_ms": 8.167266845703125,
      "max_latency_ms": 11.81793212890625,
      "queries_per_second": 97.78573560131304,
      "avg_similarity": 0.6381453653753935,
      "avg_top1_similarity": 0.66091389531386,
      "min_similarity": 0.617429116898659,
      "recall_at_3": 0.0,
      "precision_at_3": 0.0,
      "mrr": 0.0,
      "resource_metrics": {
        "duration": 0.0,
        "cpu": {
          "avg": 15.4,
          "max": 15.4,
          "min": 15.4
        },
        "memory": {
          "avg_mb": 9770.953125,
          "max_mb": 9770.953125,
          "min_mb": 9770.953125
        },
        "disk": {
          "read_total_mb": 0.25,
          "write_total_mb": 0.3125
        },
        "network": {
          "sent_total_mb": 0.0,
          "recv_total_mb": 0.0
        }
      }
    },
    {
      "top_k": 5,
      "num_queries": 10,
      "avg_latency_ms": 12.806200981140137,
      "p50_latency_ms": 13.220071792602539,
      "p95_latency_ms": 15.936851501464844,
      "p99_latency_ms": 15.936851501464844,
      "min_latency_ms": 10.337114334106445,
      "max_latency_ms": 15.936851501464844,
      "queries_per_second": 78.08717054126461,
      "avg_similarity": 0.6227200671583266,
      "avg_top1_similarity": 0.66091389531386,
      "min_similarity": 0.5959627332723414,
      "recall_at_5": 0.0,
      "precision_at_5": 0.0,
      "mrr": 0.0,
      "resource_metrics": {
        "duration": 0.0,
        "cpu": {
          "avg": 12.6,
          "max": 12.6,
          "min": 12.6
        },
        "memory": {
          "avg_mb": 9769.75,
          "max_mb": 9769.75,
          "min_mb": 9769.75
        },
        "disk": {
          "read_total_mb": 0.0,
          "write_total_mb": 0.0
        },
        "network": {
          "sent_total_mb": 0.0,
          "recv_total_mb": 0.0
        }
      }
    },
    {
      "top_k": 10,
      "num_queries": 10,
      "avg_latency_ms": 10.816097259521484,
      "p50_latency_ms": 10.483980178833008,
      "p95_latency_ms": 17.871856689453125,
      "p99_latency_ms": 17.871856689453125,
      "min_latency_ms": 8.162975311279297,
      "max_latency_ms": 17.871856689453125,
      "queries_per_second": 92.45478993078517,
      "avg_similarity": 0.5995994767417046,
      "avg_top1_similarity": 0.66091389531386,
      "min_similarity": 0.5663065761647823,
      "recall_at_10": 0.0,
      "precision_at_10": 0.0,
      "mrr": 0.0,
      "resource_metrics": {
        "duration": 0.0,
        "cpu": {
          "avg": 21.8,
          "max": 21.8,
          "min": 21.8
        },
        "memory": {
          "avg_mb": 9847.46875,
          "max_mb": 9847.46875,
          "min_mb": 9847.46875
        },
        "disk": {
          "read_total_mb": 0.0,
          "write_total_mb": 0.0
        },
        "network": {
          "sent_total_mb": 0.0,
          "recv_total_mb": 0.0
        }
      }
    },
    {
      "top_k": 20,
      "num_queries": 10,
      "avg_latency_ms": 12.268257141113281,
      "p50_latency_ms": 11.941194534301758,
      "p95_latency_ms": 15.189886093139648,
      "p99_latency_ms": 15.189886093139648,
      "min_latency_ms": 10.528087615966797,
      "max_latency_ms": 15.189886093139648,
      "queries_per_second": 81.51117053528397,
      "avg_similarity": 0.5702460435151667,
      "avg_top1_similarity": 0.66091389531386,
      "min_similarity": 0.5267550454041288,
      "recall_at_20": 0.0,
      "precision_at_20": 0.0,
      "mrr": 0.0,
      "resource_metrics": {
        "duration": 0.0,
        "cpu": {
          "avg": 13.5,
          "max": 13.5,
          "min": 13.5
        },
        "memory": {
          "avg_mb": 9861.640625,
          "max_mb": 9861.640625,
          "min_mb": 9861.640625
        },
        "disk": {
          "read_total_mb": 0.0,
          "write_total_mb": 0.0
        },
        "network": {
          "sent_total_mb": 0.0,
          "recv_total_mb": 0.0
        }
      }
    }
  ]
}