{
  "database": "qdrant",
  "config": {
    "corpus_path": "Data/test_corpus/documents",
    "test_cases_path": "Data/test_corpus/test_cases.json",
    "output_dir": "results/qdrant_scaling_n10/corpus_baseline/run_9",
    "qdrant_config": {
      "host": "localhost",
      "port": 6333,
      "collection_name": "benchmark_test"
    },
    "embedding_model": "sentence-transformers/all-MiniLM-L6-v2",
    "embedding_type": "sentence-transformers",
    "chunk_size": 512,
    "chunk_overlap": 50,
    "chunk_strategy": "fixed",
    "top_k_values": [
      1,
      3,
      5,
      10,
      20
    ],
    "batch_size": 100
  },
  "timestamp": "2026-01-10 03:03:23",
  "ingestion": {
    "total_time_sec": 0.5077991485595703,
    "num_documents": 20,
    "num_chunks": 175,
    "parsing_time_sec": 0.00019502639770507812,
    "embedding_time_sec": 0.3065910339355469,
    "insertion_time_sec": 0.049104928970336914
  },
  "query_results": [
    {
      "top_k": 1,
      "num_queries": 10,
      "avg_latency_ms": 25.00920295715332,
      "p50_latency_ms": 28.176069259643555,
      "p95_latency_ms": 50.79483985900879,
      "p99_latency_ms": 50.79483985900879,
      "min_latency_ms": 8.664846420288086,
      "max_latency_ms": 50.79483985900879,
      "queries_per_second": 39.98528068700296,
      "avg_similarity": 0.7316954950000001,
      "avg_top1_similarity": 0.7316954950000001,
      "min_similarity": 0.7316954950000001,
      "recall_at_1": 0.0,
      "precision_at_1": 0.0,
      "mrr": 0.0,
      "resource_metrics": {
        "duration": 0.0,
        "cpu": {
          "avg": 17.5,
          "max": 17.5,
          "min": 17.5
        },
        "memory": {
          "avg_mb": 11761.96875,
          "max_mb": 11761.96875,
          "min_mb": 11761.96875
        },
        "disk": {
          "read_total_mb": 0.0,
          "write_total_mb": 0.0
        },
        "network": {
          "sent_total_mb": 0.0,
          "recv_total_mb": 0.0
        }
      }
    },
    {
      "top_k": 3,
      "num_queries": 10,
      "avg_latency_ms": 21.912312507629395,
      "p50_latency_ms": 11.726140975952148,
      "p95_latency_ms": 109.09485816955566,
      "p99_latency_ms": 109.09485816955566,
      "min_latency_ms": 10.477781295776367,
      "max_latency_ms": 109.09485816955566,
      "queries_per_second": 45.63644296565329,
      "avg_similarity": 0.6881672943333332,
      "avg_top1_similarity": 0.7316954950000001,
      "min_similarity": 0.6527654500000001,
      "recall_at_3": 0.0,
      "precision_at_3": 0.0,
      "mrr": 0.0,
      "resource_metrics": {
        "duration": 0.0,
        "cpu": {
          "avg": 14.8,
          "max": 14.8,
          "min": 14.8
        },
        "memory": {
          "avg_mb": 11846.21875,
          "max_mb": 11846.21875,
          "min_mb": 11846.21875
        },
        "disk": {
          "read_total_mb": 0.0,
          "write_total_mb": 0.0
        },
        "network": {
          "sent_total_mb": 0.0,
          "recv_total_mb": 0.0
        }
      }
    },
    {
      "top_k": 5,
      "num_queries": 10,
      "avg_latency_ms": 12.270188331604004,
      "p50_latency_ms": 12.002944946289062,
      "p95_latency_ms": 15.366077423095703,
      "p99_latency_ms": 15.366077423095703,
      "min_latency_ms": 10.589122772216797,
      "max_latency_ms": 15.366077423095703,
      "queries_per_second": 81.49834158815037,
      "avg_similarity": 0.6663784032,
      "avg_top1_similarity": 0.7316954950000001,
      "min_similarity": 0.624387176,
      "recall_at_5": 0.0,
      "precision_at_5": 0.0,
      "mrr": 0.0,
      "resource_metrics": {
        "duration": 0.0,
        "cpu": {
          "avg": 12.4,
          "max": 12.4,
          "min": 12.4
        },
        "memory": {
          "avg_mb": 11831.265625,
          "max_mb": 11831.265625,
          "min_mb": 11831.265625
        },
        "disk": {
          "read_total_mb": 0.0,
          "write_total_mb": 0.0
        },
        "network": {
          "sent_total_mb": 0.0,
          "recv_total_mb": 0.0
        }
      }
    },
    {
      "top_k": 10,
      "num_queries": 10,
      "avg_latency_ms": 12.19182014465332,
      "p50_latency_ms": 11.66224479675293,
      "p95_latency_ms": 16.427993774414062,
      "p99_latency_ms": 16.427993774414062,
      "min_latency_ms": 10.193109512329102,
      "max_latency_ms": 16.427993774414062,
      "queries_per_second": 82.02220735995245,
      "avg_similarity": 0.6292959034,
      "avg_top1_similarity": 0.7316954950000001,
      "min_similarity": 0.573929708,
      "recall_at_10": 0.0,
      "precision_at_10": 0.0,
      "mrr": 0.0,
      "resource_metrics": {
        "duration": 0.0,
        "cpu": {
          "avg": 11.7,
          "max": 11.7,
          "min": 11.7
        },
        "memory": {
          "avg_mb": 11831.96875,
          "max_mb": 11831.96875,
          "min_mb": 11831.96875
        },
        "disk": {
          "read_total_mb": 0.0,
          "write_total_mb": 0.0
        },
        "network": {
          "sent_total_mb": 0.0,
          "recv_total_mb": 0.0
        }
      }
    },
    {
      "top_k": 20,
      "num_queries": 10,
      "avg_latency_ms": 13.00053596496582,
      "p50_latency_ms": 11.844158172607422,
      "p95_latency_ms": 17.93193817138672,
      "p99_latency_ms": 17.93193817138672,
      "min_latency_ms": 10.149240493774414,
      "max_latency_ms": 17.93193817138672,
      "queries_per_second": 76.91990566349155,
      "avg_similarity": 0.5740238879499999,
      "avg_top1_similarity": 0.7316954950000001,
      "min_similarity": 0.493848167,
      "recall_at_20": 0.0,
      "precision_at_20": 0.0,
      "mrr": 0.0,
      "resource_metrics": {
        "duration": 0.0,
        "cpu": {
          "avg": 12.5,
          "max": 12.5,
          "min": 12.5
        },
        "memory": {
          "avg_mb": 11698.90625,
          "max_mb": 11698.90625,
          "min_mb": 11698.90625
        },
        "disk": {
          "read_total_mb": 0.0,
          "write_total_mb": 0.0
        },
        "network": {
          "sent_total_mb": 0.0,
          "recv_total_mb": 0.0
        }
      }
    }
  ]
}