{
  "database": "pgvector",
  "config": {
    "corpus_path": "Data/test_corpus/documents",
    "test_cases_path": "Data/test_corpus/test_cases.json",
    "output_dir": "results/pgvector_scaling_n10/corpus_baseline/run_8",
    "pgvector_config": {
      "host": "localhost",
      "port": 5433,
      "database": "vectordb",
      "user": "postgres",
      "password": "postgres",
      "table_name": "benchmark_test",
      "index_type": "ivfflat"
    },
    "embedding_model": "sentence-transformers/all-MiniLM-L6-v2",
    "embedding_type": "sentence-transformers",
    "chunk_size": 512,
    "chunk_overlap": 50,
    "chunk_strategy": "fixed",
    "top_k_values": [
      1,
      3,
      5,
      10,
      20
    ],
    "batch_size": 100
  },
  "timestamp": "2026-01-10 10:26:56",
  "ingestion": {
    "total_time_sec": 0.5110630989074707,
    "num_documents": 20,
    "num_chunks": 175,
    "parsing_time_sec": 0.00014829635620117188,
    "embedding_time_sec": 0.29047298431396484,
    "insertion_time_sec": 0.10542416572570801
  },
  "query_results": [
    {
      "top_k": 1,
      "num_queries": 10,
      "avg_latency_ms": 23.93207550048828,
      "p50_latency_ms": 26.94082260131836,
      "p95_latency_ms": 47.5459098815918,
      "p99_latency_ms": 47.5459098815918,
      "min_latency_ms": 7.477998733520508,
      "max_latency_ms": 47.5459098815918,
      "queries_per_second": 41.784925840619096,
      "avg_similarity": 0.7316954973735107,
      "avg_top1_similarity": 0.7316954973735107,
      "min_similarity": 0.7316954973735107,
      "recall_at_1": 0.0,
      "precision_at_1": 0.0,
      "mrr": 0.0,
      "resource_metrics": {
        "duration": 0.0,
        "cpu": {
          "avg": 10.0,
          "max": 10.0,
          "min": 10.0
        },
        "memory": {
          "avg_mb": 11004.921875,
          "max_mb": 11004.921875,
          "min_mb": 11004.921875
        },
        "disk": {
          "read_total_mb": 0.0,
          "write_total_mb": 0.0
        },
        "network": {
          "sent_total_mb": 0.0,
          "recv_total_mb": 0.0
        }
      }
    },
    {
      "top_k": 3,
      "num_queries": 10,
      "avg_latency_ms": 9.719181060791016,
      "p50_latency_ms": 9.404897689819336,
      "p95_latency_ms": 14.74618911743164,
      "p99_latency_ms": 14.74618911743164,
      "min_latency_ms": 7.630825042724609,
      "max_latency_ms": 14.74618911743164,
      "queries_per_second": 102.88932717121466,
      "avg_similarity": 0.6881673020859458,
      "avg_top1_similarity": 0.7316954973735107,
      "min_similarity": 0.6527654300506451,
      "recall_at_3": 0.0,
      "precision_at_3": 0.0,
      "mrr": 0.0,
      "resource_metrics": {
        "duration": 0.0,
        "cpu": {
          "avg": 14.9,
          "max": 14.9,
          "min": 14.9
        },
        "memory": {
          "avg_mb": 11104.09375,
          "max_mb": 11104.09375,
          "min_mb": 11104.09375
        },
        "disk": {
          "read_total_mb": 0.0,
          "write_total_mb": 0.0
        },
        "network": {
          "sent_total_mb": 0.0,
          "recv_total_mb": 0.0
        }
      }
    },
    {
      "top_k": 5,
      "num_queries": 10,
      "avg_latency_ms": 12.013840675354004,
      "p50_latency_ms": 11.605978012084961,
      "p95_latency_ms": 16.528844833374023,
      "p99_latency_ms": 16.528844833374023,
      "min_latency_ms": 8.977890014648438,
      "max_latency_ms": 16.528844833374023,
      "queries_per_second": 83.23732826351417,
      "avg_similarity": 0.6663784126849246,
      "avg_top1_similarity": 0.7316954973735107,
      "min_similarity": 0.6243872141840345,
      "recall_at_5": 0.0,
      "precision_at_5": 0.0,
      "mrr": 0.0,
      "resource_metrics": {
        "duration": 0.0,
        "cpu": {
          "avg": 11.4,
          "max": 11.4,
          "min": 11.4
        },
        "memory": {
          "avg_mb": 11105.265625,
          "max_mb": 11105.265625,
          "min_mb": 11105.265625
        },
        "disk": {
          "read_total_mb": 0.0,
          "write_total_mb": 0.0
        },
        "network": {
          "sent_total_mb": 0.0,
          "recv_total_mb": 0.0
        }
      }
    },
    {
      "top_k": 10,
      "num_queries": 10,
      "avg_latency_ms": 12.685918807983398,
      "p50_latency_ms": 13.179302215576172,
      "p95_latency_ms": 16.43085479736328,
      "p99_latency_ms": 16.43085479736328,
      "min_latency_ms": 9.764671325683594,
      "max_latency_ms": 16.43085479736328,
      "queries_per_second": 78.82755795115827,
      "avg_similarity": 0.6292959139944945,
      "avg_top1_similarity": 0.7316954973735107,
      "min_similarity": 0.5739297043020959,
      "recall_at_10": 0.0,
      "precision_at_10": 0.0,
      "mrr": 0.0,
      "resource_metrics": {
        "duration": 0.0,
        "cpu": {
          "avg": 11.1,
          "max": 11.1,
          "min": 11.1
        },
        "memory": {
          "avg_mb": 10952.390625,
          "max_mb": 10952.390625,
          "min_mb": 10952.390625
        },
        "disk": {
          "read_total_mb": 0.0,
          "write_total_mb": 0.0
        },
        "network": {
          "sent_total_mb": 0.0,
          "recv_total_mb": 0.0
        }
      }
    },
    {
      "top_k": 20,
      "num_queries": 10,
      "avg_latency_ms": 12.303876876831055,
      "p50_latency_ms": 11.879920959472656,
      "p95_latency_ms": 16.525983810424805,
      "p99_latency_ms": 16.525983810424805,
      "min_latency_ms": 9.680747985839844,
      "max_latency_ms": 16.525983810424805,
      "queries_per_second": 81.27519561603063,
      "avg_similarity": 0.5740238946417549,
      "avg_top1_similarity": 0.7316954973735107,
      "min_similarity": 0.4938481571494914,
      "recall_at_20": 0.0,
      "precision_at_20": 0.0,
      "mrr": 0.0,
      "resource_metrics": {
        "duration": 0.0,
        "cpu": {
          "avg": 10.9,
          "max": 10.9,
          "min": 10.9
        },
        "memory": {
          "avg_mb": 10955.21875,
          "max_mb": 10955.21875,
          "min_mb": 10955.21875
        },
        "disk": {
          "read_total_mb": 0.0,
          "write_total_mb": 0.0
        },
        "network": {
          "sent_total_mb": 0.0,
          "recv_total_mb": 0.0
        }
      }
    }
  ]
}