{
  "database": "chroma",
  "config": {
    "corpus_path": "Data/test_corpus/corpus_sizes/corpus_10k",
    "test_cases_path": "Data/test_corpus/test_cases.json",
    "output_dir": "results/chroma_scaling_n10/corpus_10k/run_7",
    "chroma_config": {
      "persist_directory": "./vector_stores/chroma_db",
      "collection_name": "benchmark_test"
    },
    "embedding_model": "sentence-transformers/all-MiniLM-L6-v2",
    "embedding_type": "sentence-transformers",
    "chunk_size": 512,
    "chunk_overlap": 50,
    "chunk_strategy": "fixed",
    "top_k_values": [
      1,
      3,
      5,
      10,
      20
    ],
    "batch_size": 100
  },
  "timestamp": "2026-01-22 12:25:58",
  "ingestion": {
    "total_time_sec": 228.43420505523682,
    "num_documents": 1,
    "num_chunks": 69903,
    "parsing_time_sec": 0.1433861255645752,
    "embedding_time_sec": 163.0250289440155,
    "insertion_time_sec": 64.72005295753479
  },
  "query_results": [
    {
      "top_k": 1,
      "num_queries": 10,
      "avg_latency_ms": 38.282227516174316,
      "p50_latency_ms": 22.314786911010742,
      "p95_latency_ms": 220.22581100463867,
      "p99_latency_ms": 220.22581100463867,
      "min_latency_ms": 6.873130798339844,
      "max_latency_ms": 220.22581100463867,
      "queries_per_second": 26.121781956849247,
      "avg_similarity": 0.5972840189933777,
      "avg_top1_similarity": 0.5972840189933777,
      "min_similarity": 0.5972840189933777,
      "recall_at_1": 0.0,
      "precision_at_1": 0.0,
      "mrr": 0.0,
      "resource_metrics": {
        "duration": 0.0,
        "cpu": {
          "avg": 12.2,
          "max": 12.2,
          "min": 12.2
        },
        "memory": {
          "avg_mb": 8863.109375,
          "max_mb": 8863.109375,
          "min_mb": 8863.109375
        },
        "disk": {
          "read_total_mb": 0.0,
          "write_total_mb": 0.0
        },
        "network": {
          "sent_total_mb": 0.0,
          "recv_total_mb": 0.0
        }
      }
    },
    {
      "top_k": 3,
      "num_queries": 10,
      "avg_latency_ms": 7.332420349121094,
      "p50_latency_ms": 7.481813430786133,
      "p95_latency_ms": 9.044170379638672,
      "p99_latency_ms": 9.044170379638672,
      "min_latency_ms": 5.922079086303711,
      "max_latency_ms": 9.044170379638672,
      "queries_per_second": 136.3806154566501,
      "avg_similarity": 0.5706729869047801,
      "avg_top1_similarity": 0.5972840189933777,
      "min_similarity": 0.550542026758194,
      "recall_at_3": 0.0,
      "precision_at_3": 0.0,
      "mrr": 0.0,
      "resource_metrics": {
        "duration": 0.0,
        "cpu": {
          "avg": 20.4,
          "max": 20.4,
          "min": 20.4
        },
        "memory": {
          "avg_mb": 9360.53125,
          "max_mb": 9360.53125,
          "min_mb": 9360.53125
        },
        "disk": {
          "read_total_mb": 0.0,
          "write_total_mb": 0.0
        },
        "network": {
          "sent_total_mb": 0.0,
          "recv_total_mb": 0.0
        }
      }
    },
    {
      "top_k": 5,
      "num_queries": 10,
      "avg_latency_ms": 8.175468444824219,
      "p50_latency_ms": 7.598876953125,
      "p95_latency_ms": 13.63992691040039,
      "p99_latency_ms": 13.63992691040039,
      "min_latency_ms": 6.65283203125,
      "max_latency_ms": 13.63992691040039,
      "queries_per_second": 122.31714998950143,
      "avg_similarity": 0.5560520148277284,
      "avg_top1_similarity": 0.5972840189933777,
      "min_similarity": 0.5299822747707367,
      "recall_at_5": 0.0,
      "precision_at_5": 0.0,
      "mrr": 0.0,
      "resource_metrics": {
        "duration": 0.0,
        "cpu": {
          "avg": 12.2,
          "max": 12.2,
          "min": 12.2
        },
        "memory": {
          "avg_mb": 9362.5625,
          "max_mb": 9362.5625,
          "min_mb": 9362.5625
        },
        "disk": {
          "read_total_mb": 0.0,
          "write_total_mb": 0.0
        },
        "network": {
          "sent_total_mb": 0.0,
          "recv_total_mb": 0.0
        }
      }
    },
    {
      "top_k": 10,
      "num_queries": 10,
      "avg_latency_ms": 8.567357063293457,
      "p50_latency_ms": 7.767915725708008,
      "p95_latency_ms": 15.117168426513672,
      "p99_latency_ms": 15.117168426513672,
      "min_latency_ms": 7.190942764282227,
      "max_latency_ms": 15.117168426513672,
      "queries_per_second": 116.72211075273904,
      "avg_similarity": 0.531931540966034,
      "avg_top1_similarity": 0.5972840189933777,
      "min_similarity": 0.49561819434165955,
      "recall_at_10": 0.0,
      "precision_at_10": 0.0,
      "mrr": 0.0,
      "resource_metrics": {
        "duration": 0.0,
        "cpu": {
          "avg": 13.1,
          "max": 13.1,
          "min": 13.1
        },
        "memory": {
          "avg_mb": 9373.90625,
          "max_mb": 9373.90625,
          "min_mb": 9373.90625
        },
        "disk": {
          "read_total_mb": 0.0,
          "write_total_mb": 0.0
        },
        "network": {
          "sent_total_mb": 0.0,
          "recv_total_mb": 0.0
        }
      }
    },
    {
      "top_k": 20,
      "num_queries": 10,
      "avg_latency_ms": 8.617782592773438,
      "p50_latency_ms": 8.107900619506836,
      "p95_latency_ms": 14.261007308959961,
      "p99_latency_ms": 14.261007308959961,
      "min_latency_ms": 6.999731063842773,
      "max_latency_ms": 14.261007308959961,
      "queries_per_second": 116.03913062724094,
      "avg_similarity": 0.5037876173853875,
      "avg_top1_similarity": 0.5972840189933777,
      "min_similarity": 0.4634092926979065,
      "recall_at_20": 0.0,
      "precision_at_20": 0.0,
      "mrr": 0.0,
      "resource_metrics": {
        "duration": 0.0,
        "cpu": {
          "avg": 12.5,
          "max": 12.5,
          "min": 12.5
        },
        "memory": {
          "avg_mb": 9388.78125,
          "max_mb": 9388.78125,
          "min_mb": 9388.78125
        },
        "disk": {
          "read_total_mb": 0.0,
          "write_total_mb": 0.0
        },
        "network": {
          "sent_total_mb": 0.0,
          "recv_total_mb": 0.0
        }
      }
    }
  ]
}