{
  "database": "opensearch",
  "config": {
    "corpus_path": "Data/test_corpus/documents",
    "test_cases_path": "Data/test_corpus/test_cases.json",
    "output_dir": "results/opensearch_scaling_n10/corpus_baseline/run_6",
    "opensearch_config": {
      "host": "localhost",
      "port": 9200,
      "index_name": "benchmark_test"
    },
    "embedding_model": "sentence-transformers/all-MiniLM-L6-v2",
    "embedding_type": "sentence-transformers",
    "chunk_size": 512,
    "chunk_overlap": 50,
    "chunk_strategy": "fixed",
    "top_k_values": [
      1,
      3,
      5,
      10,
      20
    ],
    "batch_size": 100
  },
  "timestamp": "2026-01-10 08:01:59",
  "ingestion": {
    "total_time_sec": 0.5089051723480225,
    "num_documents": 20,
    "num_chunks": 175,
    "parsing_time_sec": 0.0001461505889892578,
    "embedding_time_sec": 0.29340600967407227,
    "insertion_time_sec": 0.19498085975646973
  },
  "query_results": [
    {
      "top_k": 1,
      "num_queries": 10,
      "avg_latency_ms": 23.302769660949707,
      "p50_latency_ms": 26.3519287109375,
      "p95_latency_ms": 45.18699645996094,
      "p99_latency_ms": 45.18699645996094,
      "min_latency_ms": 8.597850799560547,
      "max_latency_ms": 45.18699645996094,
      "queries_per_second": 42.913353843761286,
      "avg_similarity": 0.7316955051495089,
      "avg_top1_similarity": 0.7316955051495089,
      "min_similarity": 0.7316955051495089,
      "recall_at_1": 0.0,
      "precision_at_1": 0.0,
      "mrr": 0.0,
      "resource_metrics": {
        "duration": 0.0,
        "cpu": {
          "avg": 25.3,
          "max": 25.3,
          "min": 25.3
        },
        "memory": {
          "avg_mb": 9871.109375,
          "max_mb": 9871.109375,
          "min_mb": 9871.109375
        },
        "disk": {
          "read_total_mb": 0.0,
          "write_total_mb": 0.0
        },
        "network": {
          "sent_total_mb": 0.0,
          "recv_total_mb": 0.0
        }
      }
    },
    {
      "top_k": 3,
      "num_queries": 10,
      "avg_latency_ms": 9.920287132263184,
      "p50_latency_ms": 9.543895721435547,
      "p95_latency_ms": 12.506723403930664,
      "p99_latency_ms": 12.506723403930664,
      "min_latency_ms": 8.376121520996094,
      "max_latency_ms": 12.506723403930664,
      "queries_per_second": 100.80353387632874,
      "avg_similarity": 0.6881673174571981,
      "avg_top1_similarity": 0.7316955051495089,
      "min_similarity": 0.6527654327268795,
      "recall_at_3": 0.0,
      "precision_at_3": 0.0,
      "mrr": 0.0,
      "resource_metrics": {
        "duration": 0.0,
        "cpu": {
          "avg": 20.9,
          "max": 20.9,
          "min": 20.9
        },
        "memory": {
          "avg_mb": 9789.0,
          "max_mb": 9789.0,
          "min_mb": 9789.0
        },
        "disk": {
          "read_total_mb": 0.0,
          "write_total_mb": 0.0
        },
        "network": {
          "sent_total_mb": 0.0,
          "recv_total_mb": 0.0
        }
      }
    },
    {
      "top_k": 5,
      "num_queries": 10,
      "avg_latency_ms": 14.655470848083496,
      "p50_latency_ms": 13.645648956298828,
      "p95_latency_ms": 20.8132266998291,
      "p99_latency_ms": 20.8132266998291,
      "min_latency_ms": 12.560129165649414,
      "max_latency_ms": 20.8132266998291,
      "queries_per_second": 68.23390461936407,
      "avg_similarity": 0.6663784365523261,
      "avg_top1_similarity": 0.7316955051495089,
      "min_similarity": 0.6243872257648605,
      "recall_at_5": 0.0,
      "precision_at_5": 0.0,
      "mrr": 0.0,
      "resource_metrics": {
        "duration": 0.0,
        "cpu": {
          "avg": 45.2,
          "max": 45.2,
          "min": 45.2
        },
        "memory": {
          "avg_mb": 10765.296875,
          "max_mb": 10765.296875,
          "min_mb": 10765.296875
        },
        "disk": {
          "read_total_mb": 0.8125,
          "write_total_mb": 0.0
        },
        "network": {
          "sent_total_mb": 0.0,
          "recv_total_mb": 0.0
        }
      }
    },
    {
      "top_k": 10,
      "num_queries": 10,
      "avg_latency_ms": 14.542603492736816,
      "p50_latency_ms": 14.740943908691406,
      "p95_latency_ms": 21.017074584960938,
      "p99_latency_ms": 21.017074584960938,
      "min_latency_ms": 11.452913284301758,
      "max_latency_ms": 21.017074584960938,
      "queries_per_second": 68.7634783207451,
      "avg_similarity": 0.6292959425151484,
      "avg_top1_similarity": 0.7316955051495089,
      "min_similarity": 0.5739297547011815,
      "recall_at_10": 0.0,
      "precision_at_10": 0.0,
      "mrr": 0.0,
      "resource_metrics": {
        "duration": 0.0,
        "cpu": {
          "avg": 34.3,
          "max": 34.3,
          "min": 34.3
        },
        "memory": {
          "avg_mb": 10956.59375,
          "max_mb": 10956.59375,
          "min_mb": 10956.59375
        },
        "disk": {
          "read_total_mb": 0.1875,
          "write_total_mb": 0.0
        },
        "network": {
          "sent_total_mb": 0.0,
          "recv_total_mb": 0.0
        }
      }
    },
    {
      "top_k": 20,
      "num_queries": 10,
      "avg_latency_ms": 16.675710678100586,
      "p50_latency_ms": 17.054080963134766,
      "p95_latency_ms": 21.142005920410156,
      "p99_latency_ms": 21.142005920410156,
      "min_latency_ms": 14.100074768066406,
      "max_latency_ms": 21.142005920410156,
      "queries_per_second": 59.967459216790814,
      "avg_similarity": 0.574023922469125,
      "avg_top1_similarity": 0.7316955051495089,
      "min_similarity": 0.4938481953127697,
      "recall_at_20": 0.0,
      "precision_at_20": 0.0,
      "mrr": 0.0,
      "resource_metrics": {
        "duration": 0.0,
        "cpu": {
          "avg": 52.6,
          "max": 52.6,
          "min": 52.6
        },
        "memory": {
          "avg_mb": 10958.5,
          "max_mb": 10958.5,
          "min_mb": 10958.5
        },
        "disk": {
          "read_total_mb": 0.0,
          "write_total_mb": 0.0
        },
        "network": {
          "sent_total_mb": 0.0,
          "recv_total_mb": 0.0
        }
      }
    }
  ]
}