{
  "database": "milvus",
  "config": {
    "corpus_path": "Data/test_corpus/corpus_sizes/corpus_50k",
    "test_cases_path": "Data/test_corpus/test_cases.json",
    "output_dir": "results/milvus_scaling_n10/corpus_50k/run_10",
    "milvus_config": {
      "host": "localhost",
      "port": 19530,
      "collection_name": "benchmark_test"
    },
    "embedding_model": "sentence-transformers/all-MiniLM-L6-v2",
    "embedding_type": "sentence-transformers",
    "chunk_size": 512,
    "chunk_overlap": 50,
    "chunk_strategy": "fixed",
    "top_k_values": [
      1,
      3,
      5,
      10,
      20
    ],
    "batch_size": 100
  },
  "timestamp": "2026-01-10 07:26:33",
  "ingestion": {
    "total_time_sec": 835.7439880371094,
    "num_documents": 1,
    "num_chunks": 345046,
    "parsing_time_sec": 0.6491720676422119,
    "embedding_time_sec": 807.5428359508514,
    "insertion_time_sec": 26.324689149856567
  },
  "query_results": [
    {
      "top_k": 1,
      "num_queries": 10,
      "avg_latency_ms": 80.29947280883789,
      "p50_latency_ms": 38.72513771057129,
      "p95_latency_ms": 466.3212299346924,
      "p99_latency_ms": 466.3212299346924,
      "min_latency_ms": 12.851953506469727,
      "max_latency_ms": 466.3212299346924,
      "queries_per_second": 12.453381884344555,
      "avg_similarity": 0.6609138965606689,
      "avg_top1_similarity": 0.6609138965606689,
      "min_similarity": 0.6609138965606689,
      "recall_at_1": 0.0,
      "precision_at_1": 0.0,
      "mrr": 0.0,
      "resource_metrics": {
        "duration": 0.5088820457458496,
        "cpu": {
          "avg": 35.7,
          "max": 47.0,
          "min": 24.4
        },
        "memory": {
          "avg_mb": 8554.015625,
          "max_mb": 8960.640625,
          "min_mb": 8147.390625
        },
        "disk": {
          "read_total_mb": 216.98046875,
          "write_total_mb": 0.08203125
        },
        "network": {
          "sent_total_mb": 0.0048828125,
          "recv_total_mb": 0.005859375
        }
      }
    },
    {
      "top_k": 3,
      "num_queries": 10,
      "avg_latency_ms": 16.126585006713867,
      "p50_latency_ms": 15.688896179199219,
      "p95_latency_ms": 31.3718318939209,
      "p99_latency_ms": 31.3718318939209,
      "min_latency_ms": 9.111881256103516,
      "max_latency_ms": 31.3718318939209,
      "queries_per_second": 62.009408661764226,
      "avg_similarity": 0.6381453613440196,
      "avg_top1_similarity": 0.6609138965606689,
      "min_similarity": 0.6174291014671326,
      "recall_at_3": 0.0,
      "precision_at_3": 0.0,
      "mrr": 0.0,
      "resource_metrics": {
        "duration": 0.0,
        "cpu": {
          "avg": 50.1,
          "max": 50.1,
          "min": 50.1
        },
        "memory": {
          "avg_mb": 9042.34375,
          "max_mb": 9042.34375,
          "min_mb": 9042.34375
        },
        "disk": {
          "read_total_mb": 0.0,
          "write_total_mb": 0.0
        },
        "network": {
          "sent_total_mb": 0.0,
          "recv_total_mb": 0.0
        }
      }
    },
    {
      "top_k": 5,
      "num_queries": 10,
      "avg_latency_ms": 13.169026374816895,
      "p50_latency_ms": 12.268781661987305,
      "p95_latency_ms": 18.110036849975586,
      "p99_latency_ms": 18.110036849975586,
      "min_latency_ms": 10.977983474731445,
      "max_latency_ms": 18.110036849975586,
      "queries_per_second": 75.93575800807099,
      "avg_similarity": 0.6227200627326965,
      "avg_top1_similarity": 0.6609138965606689,
      "min_similarity": 0.5959627389907837,
      "recall_at_5": 0.0,
      "precision_at_5": 0.0,
      "mrr": 0.0,
      "resource_metrics": {
        "duration": 0.0,
        "cpu": {
          "avg": 49.5,
          "max": 49.5,
          "min": 49.5
        },
        "memory": {
          "avg_mb": 9192.15625,
          "max_mb": 9192.15625,
          "min_mb": 9192.15625
        },
        "disk": {
          "read_total_mb": 0.0,
          "write_total_mb": 0.0
        },
        "network": {
          "sent_total_mb": 0.0,
          "recv_total_mb": 0.0
        }
      }
    },
    {
      "top_k": 10,
      "num_queries": 10,
      "avg_latency_ms": 17.06225872039795,
      "p50_latency_ms": 16.559839248657227,
      "p95_latency_ms": 26.152849197387695,
      "p99_latency_ms": 26.152849197387695,
      "min_latency_ms": 9.75179672241211,
      "max_latency_ms": 26.152849197387695,
      "queries_per_second": 58.60888739217739,
      "avg_similarity": 0.5995994764566421,
      "avg_top1_similarity": 0.6609138965606689,
      "min_similarity": 0.5663065493106842,
      "recall_at_10": 0.0,
      "precision_at_10": 0.0,
      "mrr": 0.0,
      "resource_metrics": {
        "duration": 0.0,
        "cpu": {
          "avg": 53.3,
          "max": 53.3,
          "min": 53.3
        },
        "memory": {
          "avg_mb": 9142.078125,
          "max_mb": 9142.078125,
          "min_mb": 9142.078125
        },
        "disk": {
          "read_total_mb": 0.0,
          "write_total_mb": 0.0
        },
        "network": {
          "sent_total_mb": 0.0,
          "recv_total_mb": 0.0
        }
      }
    },
    {
      "top_k": 20,
      "num_queries": 10,
      "avg_latency_ms": 11.887097358703613,
      "p50_latency_ms": 11.631250381469727,
      "p95_latency_ms": 15.005111694335938,
      "p99_latency_ms": 15.005111694335938,
      "min_latency_ms": 9.39798355102539,
      "max_latency_ms": 15.005111694335938,
      "queries_per_second": 84.12482625691713,
      "avg_similarity": 0.5703478009998798,
      "avg_top1_similarity": 0.6609138965606689,
      "min_similarity": 0.5275020241737366,
      "recall_at_20": 0.0,
      "precision_at_20": 0.0,
      "mrr": 0.0,
      "resource_metrics": {
        "duration": 0.0,
        "cpu": {
          "avg": 49.0,
          "max": 49.0,
          "min": 49.0
        },
        "memory": {
          "avg_mb": 9092.6875,
          "max_mb": 9092.6875,
          "min_mb": 9092.6875
        },
        "disk": {
          "read_total_mb": 0.0,
          "write_total_mb": 0.0
        },
        "network": {
          "sent_total_mb": 0.0,
          "recv_total_mb": 0.0
        }
      }
    }
  ]
}