{
  "database": "pgvector",
  "config": {
    "corpus_path": "Data/test_corpus/corpus_sizes/corpus_50k",
    "test_cases_path": "Data/test_corpus/test_cases.json",
    "output_dir": "results/pgvector_scaling_n10/corpus_50k/run_4",
    "pgvector_config": {
      "host": "localhost",
      "port": 5433,
      "database": "vectordb",
      "user": "postgres",
      "password": "postgres",
      "table_name": "benchmark_test",
      "index_type": "ivfflat"
    },
    "embedding_model": "sentence-transformers/all-MiniLM-L6-v2",
    "embedding_type": "sentence-transformers",
    "chunk_size": 512,
    "chunk_overlap": 50,
    "chunk_strategy": "fixed",
    "top_k_values": [
      1,
      3,
      5,
      10,
      20
    ],
    "batch_size": 100
  },
  "timestamp": "2026-01-10 08:46:34",
  "ingestion": {
    "total_time_sec": 980.5838017463684,
    "num_documents": 1,
    "num_chunks": 345046,
    "parsing_time_sec": 0.6203360557556152,
    "embedding_time_sec": 807.7218737602234,
    "insertion_time_sec": 168.345449924469
  },
  "query_results": [
    {
      "top_k": 1,
      "num_queries": 10,
      "avg_latency_ms": 112.37998008728027,
      "p50_latency_ms": 44.14701461791992,
      "p95_latency_ms": 787.092924118042,
      "p99_latency_ms": 787.092924118042,
      "min_latency_ms": 16.957998275756836,
      "max_latency_ms": 787.092924118042,
      "queries_per_second": 8.89838207146279,
      "avg_similarity": 0.66091389531386,
      "avg_top1_similarity": 0.66091389531386,
      "min_similarity": 0.66091389531386,
      "recall_at_1": 0.0,
      "precision_at_1": 0.0,
      "mrr": 0.0,
      "resource_metrics": {
        "duration": 1.0137989521026611,
        "cpu": {
          "avg": 13.4,
          "max": 15.5,
          "min": 11.7
        },
        "memory": {
          "avg_mb": 9129.947916666666,
          "max_mb": 9760.328125,
          "min_mb": 8625.75
        },
        "disk": {
          "read_total_mb": 297.78125,
          "write_total_mb": 2.98828125
        },
        "network": {
          "sent_total_mb": 0.07421875,
          "recv_total_mb": 0.0615234375
        }
      }
    },
    {
      "top_k": 3,
      "num_queries": 10,
      "avg_latency_ms": 25.118613243103027,
      "p50_latency_ms": 25.821924209594727,
      "p95_latency_ms": 28.920650482177734,
      "p99_latency_ms": 28.920650482177734,
      "min_latency_ms": 20.268917083740234,
      "max_latency_ms": 28.920650482177734,
      "queries_per_second": 39.811114981619305,
      "avg_similarity": 0.6381453653753935,
      "avg_top1_similarity": 0.66091389531386,
      "min_similarity": 0.617429116898659,
      "recall_at_3": 0.0,
      "precision_at_3": 0.0,
      "mrr": 0.0,
      "resource_metrics": {
        "duration": 0.0,
        "cpu": {
          "avg": 11.0,
          "max": 11.0,
          "min": 11.0
        },
        "memory": {
          "avg_mb": 9838.453125,
          "max_mb": 9838.453125,
          "min_mb": 9838.453125
        },
        "disk": {
          "read_total_mb": 0.0,
          "write_total_mb": 0.0
        },
        "network": {
          "sent_total_mb": 0.0,
          "recv_total_mb": 0.0
        }
      }
    },
    {
      "top_k": 5,
      "num_queries": 10,
      "avg_latency_ms": 25.25010108947754,
      "p50_latency_ms": 26.08799934387207,
      "p95_latency_ms": 27.901887893676758,
      "p99_latency_ms": 27.901887893676758,
      "min_latency_ms": 19.38009262084961,
      "max_latency_ms": 27.901887893676758,
      "queries_per_second": 39.60380184048964,
      "avg_similarity": 0.6227200671583266,
      "avg_top1_similarity": 0.66091389531386,
      "min_similarity": 0.5959627332723414,
      "recall_at_5": 0.0,
      "precision_at_5": 0.0,
      "mrr": 0.0,
      "resource_metrics": {
        "duration": 0.0,
        "cpu": {
          "avg": 14.1,
          "max": 14.1,
          "min": 14.1
        },
        "memory": {
          "avg_mb": 9880.234375,
          "max_mb": 9880.234375,
          "min_mb": 9880.234375
        },
        "disk": {
          "read_total_mb": 0.0,
          "write_total_mb": 0.0
        },
        "network": {
          "sent_total_mb": 0.0,
          "recv_total_mb": 0.0
        }
      }
    },
    {
      "top_k": 10,
      "num_queries": 10,
      "avg_latency_ms": 24.9910831451416,
      "p50_latency_ms": 25.316238403320312,
      "p95_latency_ms": 28.65290641784668,
      "p99_latency_ms": 28.65290641784668,
      "min_latency_ms": 19.843101501464844,
      "max_latency_ms": 28.65290641784668,
      "queries_per_second": 40.01427205824832,
      "avg_similarity": 0.5995994767417046,
      "avg_top1_similarity": 0.66091389531386,
      "min_similarity": 0.5663065761647823,
      "recall_at_10": 0.0,
      "precision_at_10": 0.0,
      "mrr": 0.0,
      "resource_metrics": {
        "duration": 0.0,
        "cpu": {
          "avg": 15.6,
          "max": 15.6,
          "min": 15.6
        },
        "memory": {
          "avg_mb": 9801.8125,
          "max_mb": 9801.8125,
          "min_mb": 9801.8125
        },
        "disk": {
          "read_total_mb": 0.0,
          "write_total_mb": 0.0
        },
        "network": {
          "sent_total_mb": 0.0,
          "recv_total_mb": 0.0
        }
      }
    },
    {
      "top_k": 20,
      "num_queries": 10,
      "avg_latency_ms": 28.165698051452637,
      "p50_latency_ms": 28.539180755615234,
      "p95_latency_ms": 37.78815269470215,
      "p99_latency_ms": 37.78815269470215,
      "min_latency_ms": 23.71978759765625,
      "max_latency_ms": 37.78815269470215,
      "queries_per_second": 35.50417952266677,
      "avg_similarity": 0.5704182926838368,
      "avg_top1_similarity": 0.66091389531386,
      "min_similarity": 0.5275187642414847,
      "recall_at_20": 0.0,
      "precision_at_20": 0.0,
      "mrr": 0.0,
      "resource_metrics": {
        "duration": 0.0,
        "cpu": {
          "avg": 13.7,
          "max": 13.7,
          "min": 13.7
        },
        "memory": {
          "avg_mb": 9816.171875,
          "max_mb": 9816.171875,
          "min_mb": 9816.171875
        },
        "disk": {
          "read_total_mb": 0.0,
          "write_total_mb": 0.0
        },
        "network": {
          "sent_total_mb": 0.0,
          "recv_total_mb": 0.0
        }
      }
    }
  ]
}