{
  "database": "milvus",
  "config": {
    "corpus_path": "Data/test_corpus/documents",
    "test_cases_path": "Data/test_corpus/test_cases.json",
    "output_dir": "results/milvus_scaling_n10/corpus_baseline/run_7",
    "milvus_config": {
      "host": "localhost",
      "port": 19530,
      "collection_name": "benchmark_test"
    },
    "embedding_model": "sentence-transformers/all-MiniLM-L6-v2",
    "embedding_type": "sentence-transformers",
    "chunk_size": 512,
    "chunk_overlap": 50,
    "chunk_strategy": "fixed",
    "top_k_values": [
      1,
      3,
      5,
      10,
      20
    ],
    "batch_size": 100
  },
  "timestamp": "2026-01-10 07:27:36",
  "ingestion": {
    "total_time_sec": 8.132849216461182,
    "num_documents": 20,
    "num_chunks": 175,
    "parsing_time_sec": 0.0004601478576660156,
    "embedding_time_sec": 0.30339622497558594,
    "insertion_time_sec": 7.687309980392456
  },
  "query_results": [
    {
      "top_k": 1,
      "num_queries": 10,
      "avg_latency_ms": 26.548266410827637,
      "p50_latency_ms": 28.255939483642578,
      "p95_latency_ms": 62.15095520019531,
      "p99_latency_ms": 62.15095520019531,
      "min_latency_ms": 9.974956512451172,
      "max_latency_ms": 62.15095520019531,
      "queries_per_second": 37.6672429199427,
      "avg_similarity": 0.7316954731941223,
      "avg_top1_similarity": 0.7316954731941223,
      "min_similarity": 0.7316954731941223,
      "recall_at_1": 0.0,
      "precision_at_1": 0.0,
      "mrr": 0.0,
      "resource_metrics": {
        "duration": 0.0,
        "cpu": {
          "avg": 9.9,
          "max": 9.9,
          "min": 9.9
        },
        "memory": {
          "avg_mb": 11282.578125,
          "max_mb": 11282.578125,
          "min_mb": 11282.578125
        },
        "disk": {
          "read_total_mb": 0.0,
          "write_total_mb": 0.0
        },
        "network": {
          "sent_total_mb": 0.0,
          "recv_total_mb": 0.0
        }
      }
    },
    {
      "top_k": 3,
      "num_queries": 10,
      "avg_latency_ms": 11.540937423706055,
      "p50_latency_ms": 11.456012725830078,
      "p95_latency_ms": 15.082836151123047,
      "p99_latency_ms": 15.082836151123047,
      "min_latency_ms": 9.23609733581543,
      "max_latency_ms": 15.082836151123047,
      "queries_per_second": 86.64807400704868,
      "avg_similarity": 0.6881673038005829,
      "avg_top1_similarity": 0.7316954731941223,
      "min_similarity": 0.6527654767036438,
      "recall_at_3": 0.0,
      "precision_at_3": 0.0,
      "mrr": 0.0,
      "resource_metrics": {
        "duration": 0.0,
        "cpu": {
          "avg": 15.3,
          "max": 15.3,
          "min": 15.3
        },
        "memory": {
          "avg_mb": 11979.125,
          "max_mb": 11979.125,
          "min_mb": 11979.125
        },
        "disk": {
          "read_total_mb": 0.0,
          "write_total_mb": 0.0
        },
        "network": {
          "sent_total_mb": 0.0,
          "recv_total_mb": 0.0
        }
      }
    },
    {
      "top_k": 5,
      "num_queries": 10,
      "avg_latency_ms": 11.629247665405273,
      "p50_latency_ms": 10.98179817199707,
      "p95_latency_ms": 16.7081356048584,
      "p99_latency_ms": 16.7081356048584,
      "min_latency_ms": 9.68790054321289,
      "max_latency_ms": 16.7081356048584,
      "queries_per_second": 85.99008540980716,
      "avg_similarity": 0.6663784158229829,
      "avg_top1_similarity": 0.7316954731941223,
      "min_similarity": 0.6243872046470642,
      "recall_at_5": 0.0,
      "precision_at_5": 0.0,
      "mrr": 0.0,
      "resource_metrics": {
        "duration": 0.0,
        "cpu": {
          "avg": 10.9,
          "max": 10.9,
          "min": 10.9
        },
        "memory": {
          "avg_mb": 11980.828125,
          "max_mb": 11980.828125,
          "min_mb": 11980.828125
        },
        "disk": {
          "read_total_mb": 0.0,
          "write_total_mb": 0.0
        },
        "network": {
          "sent_total_mb": 0.0,
          "recv_total_mb": 0.0
        }
      }
    },
    {
      "top_k": 10,
      "num_queries": 10,
      "avg_latency_ms": 11.790823936462402,
      "p50_latency_ms": 10.859012603759766,
      "p95_latency_ms": 17.02713966369629,
      "p99_latency_ms": 17.02713966369629,
      "min_latency_ms": 9.859085083007812,
      "max_latency_ms": 17.02713966369629,
      "queries_per_second": 84.81171505814459,
      "avg_similarity": 0.6292959207296371,
      "avg_top1_similarity": 0.7316954731941223,
      "min_similarity": 0.573929738998413,
      "recall_at_10": 0.0,
      "precision_at_10": 0.0,
      "mrr": 0.0,
      "resource_metrics": {
        "duration": 0.0,
        "cpu": {
          "avg": 11.4,
          "max": 11.4,
          "min": 11.4
        },
        "memory": {
          "avg_mb": 11914.921875,
          "max_mb": 11914.921875,
          "min_mb": 11914.921875
        },
        "disk": {
          "read_total_mb": 0.0,
          "write_total_mb": 0.0
        },
        "network": {
          "sent_total_mb": 0.0,
          "recv_total_mb": 0.0
        }
      }
    },
    {
      "top_k": 20,
      "num_queries": 10,
      "avg_latency_ms": 11.297392845153809,
      "p50_latency_ms": 11.187076568603516,
      "p95_latency_ms": 13.952970504760742,
      "p99_latency_ms": 13.952970504760742,
      "min_latency_ms": 9.82975959777832,
      "max_latency_ms": 13.952970504760742,
      "queries_per_second": 88.5159977798741,
      "avg_similarity": 0.5740239070355893,
      "avg_top1_similarity": 0.7316954731941223,
      "min_similarity": 0.49384818971157074,
      "recall_at_20": 0.0,
      "precision_at_20": 0.0,
      "mrr": 0.0,
      "resource_metrics": {
        "duration": 0.0,
        "cpu": {
          "avg": 11.6,
          "max": 11.6,
          "min": 11.6
        },
        "memory": {
          "avg_mb": 11916.03125,
          "max_mb": 11916.03125,
          "min_mb": 11916.03125
        },
        "disk": {
          "read_total_mb": 0.0,
          "write_total_mb": 0.0
        },
        "network": {
          "sent_total_mb": 0.0,
          "recv_total_mb": 0.0
        }
      }
    }
  ]
}