{
  "database": "opensearch",
  "config": {
    "corpus_path": "Data/test_corpus/corpus_sizes/corpus_10k",
    "test_cases_path": "Data/test_corpus/test_cases.json",
    "output_dir": "results/opensearch_scaling_n10/corpus_10k/run_6",
    "opensearch_config": {
      "host": "localhost",
      "port": 9200,
      "index_name": "benchmark_test"
    },
    "embedding_model": "sentence-transformers/all-MiniLM-L6-v2",
    "embedding_type": "sentence-transformers",
    "chunk_size": 512,
    "chunk_overlap": 50,
    "chunk_strategy": "fixed",
    "top_k_values": [
      1,
      3,
      5,
      10,
      20
    ],
    "batch_size": 100
  },
  "timestamp": "2026-01-10 07:41:15",
  "ingestion": {
    "total_time_sec": 247.92164993286133,
    "num_documents": 1,
    "num_chunks": 69903,
    "parsing_time_sec": 0.15410470962524414,
    "embedding_time_sec": 169.38274502754211,
    "insertion_time_sec": 77.5219042301178
  },
  "query_results": [
    {
      "top_k": 1,
      "num_queries": 10,
      "avg_latency_ms": 58.6470365524292,
      "p50_latency_ms": 32.72080421447754,
      "p95_latency_ms": 347.1949100494385,
      "p99_latency_ms": 347.1949100494385,
      "min_latency_ms": 11.476993560791016,
      "max_latency_ms": 347.1949100494385,
      "queries_per_second": 17.05115993552413,
      "avg_similarity": 0.5972839416807366,
      "avg_top1_similarity": 0.5972839416807366,
      "min_similarity": 0.5972839416807366,
      "recall_at_1": 0.0,
      "precision_at_1": 0.0,
      "mrr": 0.0,
      "resource_metrics": {
        "duration": 0.5089809894561768,
        "cpu": {
          "avg": 14.45,
          "max": 19.0,
          "min": 9.9
        },
        "memory": {
          "avg_mb": 8573.75,
          "max_mb": 8573.75,
          "min_mb": 8573.75
        },
        "disk": {
          "read_total_mb": 18.4453125,
          "write_total_mb": 9.46875
        },
        "network": {
          "sent_total_mb": 0.0556640625,
          "recv_total_mb": 0.0576171875
        }
      }
    },
    {
      "top_k": 3,
      "num_queries": 10,
      "avg_latency_ms": 14.296627044677734,
      "p50_latency_ms": 13.070106506347656,
      "p95_latency_ms": 18.96810531616211,
      "p99_latency_ms": 18.96810531616211,
      "min_latency_ms": 11.472225189208984,
      "max_latency_ms": 18.96810531616211,
      "queries_per_second": 69.94656829718967,
      "avg_similarity": 0.5706728865666808,
      "avg_top1_similarity": 0.5972839416807366,
      "min_similarity": 0.5505419497576528,
      "recall_at_3": 0.0,
      "precision_at_3": 0.0,
      "mrr": 0.0,
      "resource_metrics": {
        "duration": 0.0,
        "cpu": {
          "avg": 10.4,
          "max": 10.4,
          "min": 10.4
        },
        "memory": {
          "avg_mb": 9714.0,
          "max_mb": 9714.0,
          "min_mb": 9714.0
        },
        "disk": {
          "read_total_mb": 0.0,
          "write_total_mb": 0.0
        },
        "network": {
          "sent_total_mb": 0.0,
          "recv_total_mb": 0.0
        }
      }
    },
    {
      "top_k": 5,
      "num_queries": 10,
      "avg_latency_ms": 16.44752025604248,
      "p50_latency_ms": 16.269922256469727,
      "p95_latency_ms": 22.601842880249023,
      "p99_latency_ms": 22.601842880249023,
      "min_latency_ms": 11.495113372802734,
      "max_latency_ms": 22.601842880249023,
      "queries_per_second": 60.79943872588456,
      "avg_similarity": 0.5560519406742831,
      "avg_top1_similarity": 0.5972839416807366,
      "min_similarity": 0.5299822483351335,
      "recall_at_5": 0.0,
      "precision_at_5": 0.0,
      "mrr": 0.0,
      "resource_metrics": {
        "duration": 0.0,
        "cpu": {
          "avg": 11.9,
          "max": 11.9,
          "min": 11.9
        },
        "memory": {
          "avg_mb": 9802.75,
          "max_mb": 9802.75,
          "min_mb": 9802.75
        },
        "disk": {
          "read_total_mb": 0.0,
          "write_total_mb": 0.0
        },
        "network": {
          "sent_total_mb": 0.0,
          "recv_total_mb": 0.0
        }
      }
    },
    {
      "top_k": 10,
      "num_queries": 10,
      "avg_latency_ms": 16.777968406677246,
      "p50_latency_ms": 15.7470703125,
      "p95_latency_ms": 24.966955184936523,
      "p99_latency_ms": 24.966955184936523,
      "min_latency_ms": 14.445066452026367,
      "max_latency_ms": 24.966955184936523,
      "queries_per_second": 59.60197180977066,
      "avg_similarity": 0.53193146756994,
      "avg_top1_similarity": 0.5972839416807366,
      "min_similarity": 0.495618100346762,
      "recall_at_10": 0.0,
      "precision_at_10": 0.0,
      "mrr": 0.0,
      "resource_metrics": {
        "duration": 0.0,
        "cpu": {
          "avg": 11.9,
          "max": 11.9,
          "min": 11.9
        },
        "memory": {
          "avg_mb": 9822.046875,
          "max_mb": 9822.046875,
          "min_mb": 9822.046875
        },
        "disk": {
          "read_total_mb": 0.0,
          "write_total_mb": 0.0
        },
        "network": {
          "sent_total_mb": 0.0,
          "recv_total_mb": 0.0009765625
        }
      }
    },
    {
      "top_k": 20,
      "num_queries": 10,
      "avg_latency_ms": 20.4775333404541,
      "p50_latency_ms": 18.692731857299805,
      "p95_latency_ms": 28.51104736328125,
      "p99_latency_ms": 28.51104736328125,
      "min_latency_ms": 17.712116241455078,
      "max_latency_ms": 28.51104736328125,
      "queries_per_second": 48.83400668304439,
      "avg_similarity": 0.5037875649668875,
      "avg_top1_similarity": 0.5972839416807366,
      "min_similarity": 0.4634092017181498,
      "recall_at_20": 0.0,
      "precision_at_20": 0.0,
      "mrr": 0.0,
      "resource_metrics": {
        "duration": 0.0,
        "cpu": {
          "avg": 14.7,
          "max": 14.7,
          "min": 14.7
        },
        "memory": {
          "avg_mb": 9743.484375,
          "max_mb": 9743.484375,
          "min_mb": 9743.484375
        },
        "disk": {
          "read_total_mb": 0.0,
          "write_total_mb": 0.0
        },
        "network": {
          "sent_total_mb": 0.0,
          "recv_total_mb": 0.0
        }
      }
    }
  ]
}