{
  "database": "pgvector",
  "config": {
    "corpus_path": "Data/test_corpus/corpus_sizes/corpus_1k",
    "test_cases_path": "Data/test_corpus/test_cases.json",
    "output_dir": "results/pgvector_hnsw_scaling_n3/corpus_1k/run_1",
    "pgvector_config": {
      "host": "localhost",
      "port": 5433,
      "database": "vectordb",
      "user": "postgres",
      "password": "postgres",
      "table_name": "benchmark_test",
      "index_type": "hnsw"
    },
    "embedding_model": "sentence-transformers/all-MiniLM-L6-v2",
    "embedding_type": "sentence-transformers",
    "chunk_size": 512,
    "chunk_overlap": 50,
    "chunk_strategy": "fixed",
    "top_k_values": [
      1,
      3,
      5,
      10,
      20
    ],
    "batch_size": 100
  },
  "timestamp": "2026-01-05 14:26:09",
  "ingestion": {
    "total_time_sec": 18.7166850566864,
    "num_documents": 1,
    "num_chunks": 5562,
    "parsing_time_sec": 0.008098125457763672,
    "embedding_time_sec": 14.826627016067505,
    "insertion_time_sec": 3.447697162628174
  },
  "query_results": [
    {
      "top_k": 1,
      "num_queries": 10,
      "avg_latency_ms": 25.072956085205078,
      "p50_latency_ms": 25.21204948425293,
      "p95_latency_ms": 71.72179222106934,
      "p99_latency_ms": 71.72179222106934,
      "min_latency_ms": 8.734941482543945,
      "max_latency_ms": 71.72179222106934,
      "queries_per_second": 39.88360991826069,
      "avg_similarity": 0.528162035344304,
      "avg_top1_similarity": 0.528162035344304,
      "min_similarity": 0.528162035344304,
      "recall_at_1": 0.0,
      "precision_at_1": 0.0,
      "mrr": 0.0,
      "resource_metrics": {
        "duration": 0.0,
        "cpu": {
          "avg": 0.0,
          "max": 0.0,
          "min": 0.0
        },
        "memory": {
          "avg_mb": 9538.296875,
          "max_mb": 9538.296875,
          "min_mb": 9538.296875
        },
        "disk": {
          "read_total_mb": 0.0,
          "write_total_mb": 0.0
        },
        "network": {
          "sent_total_mb": 0.0,
          "recv_total_mb": 0.0
        }
      }
    },
    {
      "top_k": 3,
      "num_queries": 10,
      "avg_latency_ms": 10.506176948547363,
      "p50_latency_ms": 9.698867797851562,
      "p95_latency_ms": 15.278816223144531,
      "p99_latency_ms": 15.278816223144531,
      "min_latency_ms": 8.584976196289062,
      "max_latency_ms": 15.278816223144531,
      "queries_per_second": 95.18210143398213,
      "avg_similarity": 0.5003335539457303,
      "avg_top1_similarity": 0.528162035344304,
      "min_similarity": 0.4769755557293287,
      "recall_at_3": 0.0,
      "precision_at_3": 0.0,
      "mrr": 0.0,
      "resource_metrics": {
        "duration": 0.0,
        "cpu": {
          "avg": 0.0,
          "max": 0.0,
          "min": 0.0
        },
        "memory": {
          "avg_mb": 10142.203125,
          "max_mb": 10142.203125,
          "min_mb": 10142.203125
        },
        "disk": {
          "read_total_mb": 0.0,
          "write_total_mb": 0.0
        },
        "network": {
          "sent_total_mb": 0.0,
          "recv_total_mb": 0.0
        }
      }
    },
    {
      "top_k": 5,
      "num_queries": 10,
      "avg_latency_ms": 12.349176406860352,
      "p50_latency_ms": 11.986017227172852,
      "p95_latency_ms": 16.90506935119629,
      "p99_latency_ms": 16.90506935119629,
      "min_latency_ms": 10.405778884887695,
      "max_latency_ms": 16.90506935119629,
      "queries_per_second": 80.97706009321148,
      "avg_similarity": 0.4829400376937939,
      "avg_top1_similarity": 0.528162035344304,
      "min_similarity": 0.4524799354312535,
      "recall_at_5": 0.0,
      "precision_at_5": 0.0,
      "mrr": 0.0,
      "resource_metrics": {
        "duration": 0.0,
        "cpu": {
          "avg": 14.0,
          "max": 14.0,
          "min": 14.0
        },
        "memory": {
          "avg_mb": 10112.828125,
          "max_mb": 10112.828125,
          "min_mb": 10112.828125
        },
        "disk": {
          "read_total_mb": 0.0,
          "write_total_mb": 0.0
        },
        "network": {
          "sent_total_mb": 0.0,
          "recv_total_mb": 0.0
        }
      }
    },
    {
      "top_k": 10,
      "num_queries": 10,
      "avg_latency_ms": 12.697768211364746,
      "p50_latency_ms": 12.460947036743164,
      "p95_latency_ms": 15.714883804321289,
      "p99_latency_ms": 15.714883804321289,
      "min_latency_ms": 10.442972183227539,
      "max_latency_ms": 15.714883804321289,
      "queries_per_second": 78.75399702957098,
      "avg_similarity": 0.45815166591339657,
      "avg_top1_similarity": 0.528162035344304,
      "min_similarity": 0.4219652749823714,
      "recall_at_10": 0.0,
      "precision_at_10": 0.0,
      "mrr": 0.0,
      "resource_metrics": {
        "duration": 0.0,
        "cpu": {
          "avg": 19.0,
          "max": 19.0,
          "min": 19.0
        },
        "memory": {
          "avg_mb": 9784.546875,
          "max_mb": 9784.546875,
          "min_mb": 9784.546875
        },
        "disk": {
          "read_total_mb": 0.0,
          "write_total_mb": 0.0
        },
        "network": {
          "sent_total_mb": 0.0,
          "recv_total_mb": 0.0
        }
      }
    },
    {
      "top_k": 20,
      "num_queries": 10,
      "avg_latency_ms": 13.40329647064209,
      "p50_latency_ms": 14.008045196533203,
      "p95_latency_ms": 16.362905502319336,
      "p99_latency_ms": 16.362905502319336,
      "min_latency_ms": 10.904788970947266,
      "max_latency_ms": 16.362905502319336,
      "queries_per_second": 74.60851158447103,
      "avg_similarity": 0.42754179546061233,
      "avg_top1_similarity": 0.528162035344304,
      "min_similarity": 0.38184746407865244,
      "recall_at_20": 0.0,
      "precision_at_20": 0.0,
      "mrr": 0.0,
      "resource_metrics": {
        "duration": 0.0,
        "cpu": {
          "avg": 11.9,
          "max": 11.9,
          "min": 11.9
        },
        "memory": {
          "avg_mb": 9824.453125,
          "max_mb": 9824.453125,
          "min_mb": 9824.453125
        },
        "disk": {
          "read_total_mb": 0.0,
          "write_total_mb": 0.0
        },
        "network": {
          "sent_total_mb": 0.0,
          "recv_total_mb": 0.0
        }
      }
    }
  ]
}