{
  "database": "opensearch",
  "config": {
    "corpus_path": "Data/test_corpus/corpus_sizes/corpus_10k",
    "test_cases_path": "Data/test_corpus/test_cases.json",
    "output_dir": "results/opensearch_scaling_experiment/corpus_10k",
    "opensearch_config": {
      "host": "localhost",
      "port": 9200,
      "index_name": "benchmark_test"
    },
    "embedding_model": "sentence-transformers/all-MiniLM-L6-v2",
    "embedding_type": "sentence-transformers",
    "chunk_size": 512,
    "chunk_overlap": 50,
    "chunk_strategy": "fixed",
    "top_k_values": [
      1,
      3,
      5,
      10,
      20
    ],
    "batch_size": 100
  },
  "timestamp": "2025-12-16 21:31:54",
  "ingestion": {
    "total_time_sec": 1386.5793406963348,
    "num_documents": 1,
    "num_chunks": 69903,
    "parsing_time_sec": 0.1415269374847412,
    "embedding_time_sec": 1184.1372940540314,
    "insertion_time_sec": 185.92328596115112
  },
  "query_results": [
    {
      "top_k": 1,
      "num_queries": 10,
      "avg_latency_ms": 1292.2453165054321,
      "p50_latency_ms": 258.79406929016113,
      "p95_latency_ms": 10258.352041244507,
      "p99_latency_ms": 10258.352041244507,
      "min_latency_ms": 43.70999336242676,
      "max_latency_ms": 10258.352041244507,
      "queries_per_second": 0.7738468750687837,
      "avg_similarity": 0.5972839416807366,
      "avg_top1_similarity": 0.5972839416807366,
      "min_similarity": 0.5972839416807366,
      "recall_at_1": 0.0,
      "precision_at_1": 0.0,
      "mrr": 0.0,
      "resource_metrics": {
        "duration": 12.781217098236084,
        "cpu": {
          "avg": 25.77692307692308,
          "max": 48.3,
          "min": 0.0
        },
        "memory": {
          "avg_mb": 15845.454927884615,
          "max_mb": 17155.3125,
          "min_mb": 15023.46875
        },
        "disk": {
          "read_total_mb": 3420.6953125,
          "write_total_mb": 2827.671875
        },
        "network": {
          "sent_total_mb": 0.3173828125,
          "recv_total_mb": 1.7001953125
        }
      }
    },
    {
      "top_k": 3,
      "num_queries": 10,
      "avg_latency_ms": 48.531389236450195,
      "p50_latency_ms": 41.25380516052246,
      "p95_latency_ms": 86.14182472229004,
      "p99_latency_ms": 86.14182472229004,
      "min_latency_ms": 21.25692367553711,
      "max_latency_ms": 86.14182472229004,
      "queries_per_second": 20.60522098652259,
      "avg_similarity": 0.5706728865666808,
      "avg_top1_similarity": 0.5972839416807366,
      "min_similarity": 0.5505419497576528,
      "recall_at_3": 0.0,
      "precision_at_3": 0.0,
      "mrr": 0.0,
      "resource_metrics": {
        "duration": 0.0,
        "cpu": {
          "avg": 0.0,
          "max": 0.0,
          "min": 0.0
        },
        "memory": {
          "avg_mb": 15977.375,
          "max_mb": 15977.375,
          "min_mb": 15977.375
        },
        "disk": {
          "read_total_mb": 0.234375,
          "write_total_mb": 0.0
        },
        "network": {
          "sent_total_mb": 0.0,
          "recv_total_mb": 0.0
        }
      }
    },
    {
      "top_k": 5,
      "num_queries": 10,
      "avg_latency_ms": 52.611470222473145,
      "p50_latency_ms": 61.94710731506348,
      "p95_latency_ms": 81.50601387023926,
      "p99_latency_ms": 81.50601387023926,
      "min_latency_ms": 23.402929306030273,
      "max_latency_ms": 81.50601387023926,
      "queries_per_second": 19.007262024258107,
      "avg_similarity": 0.5560519406742831,
      "avg_top1_similarity": 0.5972839416807366,
      "min_similarity": 0.5299822483351335,
      "recall_at_5": 0.0,
      "precision_at_5": 0.0,
      "mrr": 0.0,
      "resource_metrics": {
        "duration": 0.5057001113891602,
        "cpu": {
          "avg": 38.150000000000006,
          "max": 44.7,
          "min": 31.6
        },
        "memory": {
          "avg_mb": 16324.234375,
          "max_mb": 16671.09375,
          "min_mb": 15977.375
        },
        "disk": {
          "read_total_mb": 59.7734375,
          "write_total_mb": 339.52734375
        },
        "network": {
          "sent_total_mb": 0.228515625,
          "recv_total_mb": 0.228515625
        }
      }
    },
    {
      "top_k": 10,
      "num_queries": 10,
      "avg_latency_ms": 67.41619110107422,
      "p50_latency_ms": 62.73818016052246,
      "p95_latency_ms": 118.93820762634277,
      "p99_latency_ms": 118.93820762634277,
      "min_latency_ms": 40.28487205505371,
      "max_latency_ms": 118.93820762634277,
      "queries_per_second": 14.833231953148209,
      "avg_similarity": 0.53193146756994,
      "avg_top1_similarity": 0.5972839416807366,
      "min_similarity": 0.495618100346762,
      "recall_at_10": 0.0,
      "precision_at_10": 0.0,
      "mrr": 0.0,
      "resource_metrics": {
        "duration": 0.50673508644104,
        "cpu": {
          "avg": 23.2,
          "max": 27.2,
          "min": 19.2
        },
        "memory": {
          "avg_mb": 16750.84375,
          "max_mb": 17256.65625,
          "min_mb": 16245.03125
        },
        "disk": {
          "read_total_mb": 176.0234375,
          "write_total_mb": 0.0234375
        },
        "network": {
          "sent_total_mb": 0.2763671875,
          "recv_total_mb": 0.27734375
        }
      }
    },
    {
      "top_k": 20,
      "num_queries": 10,
      "avg_latency_ms": 51.963210105895996,
      "p50_latency_ms": 51.83005332946777,
      "p95_latency_ms": 76.61199569702148,
      "p99_latency_ms": 76.61199569702148,
      "min_latency_ms": 34.465789794921875,
      "max_latency_ms": 76.61199569702148,
      "queries_per_second": 19.24438459367881,
      "avg_similarity": 0.5037875649668875,
      "avg_top1_similarity": 0.5972839416807366,
      "min_similarity": 0.4634092017181498,
      "recall_at_20": 0.0,
      "precision_at_20": 0.0,
      "mrr": 0.0,
      "resource_metrics": {
        "duration": 0.503270149230957,
        "cpu": {
          "avg": 34.95,
          "max": 35.4,
          "min": 34.5
        },
        "memory": {
          "avg_mb": 16773.8984375,
          "max_mb": 17221.84375,
          "min_mb": 16325.953125
        },
        "disk": {
          "read_total_mb": 226.4296875,
          "write_total_mb": 32.2890625
        },
        "network": {
          "sent_total_mb": 0.767578125,
          "recv_total_mb": 0.7666015625
        }
      }
    }
  ]
}