{
  "database": "weaviate",
  "config": {
    "corpus_path": "Data/test_corpus/corpus_sizes/corpus_1k",
    "test_cases_path": "Data/test_corpus/test_cases.json",
    "output_dir": "results/weaviate_scaling_experiment/corpus_1k",
    "weaviate_config": {
      "host": "localhost",
      "port": 8082,
      "class_name": "BenchmarkTest"
    },
    "embedding_model": "sentence-transformers/all-MiniLM-L6-v2",
    "embedding_type": "sentence-transformers",
    "chunk_size": 512,
    "chunk_overlap": 50,
    "chunk_strategy": "fixed",
    "top_k_values": [
      1,
      3,
      5,
      10,
      20
    ],
    "batch_size": 100
  },
  "timestamp": "2025-12-16 21:10:32",
  "ingestion": {
    "total_time_sec": 31.496806859970093,
    "num_documents": 1,
    "num_chunks": 5562,
    "parsing_time_sec": 0.01890087127685547,
    "embedding_time_sec": 26.92721176147461,
    "insertion_time_sec": 4.106688976287842
  },
  "query_results": [
    {
      "top_k": 1,
      "num_queries": 10,
      "avg_latency_ms": 69.9251651763916,
      "p50_latency_ms": 51.68795585632324,
      "p95_latency_ms": 341.19296073913574,
      "p99_latency_ms": 341.19296073913574,
      "min_latency_ms": 7.215976715087891,
      "max_latency_ms": 341.19296073913574,
      "queries_per_second": 14.30100304343112,
      "avg_similarity": 0.5281620919704437,
      "avg_top1_similarity": 0.5281620919704437,
      "min_similarity": 0.5281620919704437,
      "recall_at_1": 0.0,
      "precision_at_1": 0.0,
      "mrr": 0.0,
      "resource_metrics": {
        "duration": 0.5071086883544922,
        "cpu": {
          "avg": 12.85,
          "max": 25.7,
          "min": 0.0
        },
        "memory": {
          "avg_mb": 12841.8046875,
          "max_mb": 13269.859375,
          "min_mb": 12413.75
        },
        "disk": {
          "read_total_mb": 348.3046875,
          "write_total_mb": 14.36328125
        },
        "network": {
          "sent_total_mb": 0.0107421875,
          "recv_total_mb": 0.0107421875
        }
      }
    },
    {
      "top_k": 3,
      "num_queries": 10,
      "avg_latency_ms": 20.995283126831055,
      "p50_latency_ms": 15.368938446044922,
      "p95_latency_ms": 63.421010971069336,
      "p99_latency_ms": 63.421010971069336,
      "min_latency_ms": 6.349086761474609,
      "max_latency_ms": 63.421010971069336,
      "queries_per_second": 47.62974587954204,
      "avg_similarity": 0.500333595275879,
      "avg_top1_similarity": 0.5281620919704437,
      "min_similarity": 0.4769755721092224,
      "recall_at_3": 0.0,
      "precision_at_3": 0.0,
      "mrr": 0.0,
      "resource_metrics": {
        "duration": 0.0,
        "cpu": {
          "avg": 24.4,
          "max": 24.4,
          "min": 24.4
        },
        "memory": {
          "avg_mb": 13148.9375,
          "max_mb": 13148.9375,
          "min_mb": 13148.9375
        },
        "disk": {
          "read_total_mb": 0.0,
          "write_total_mb": 0.0
        },
        "network": {
          "sent_total_mb": 0.0,
          "recv_total_mb": 0.0
        }
      }
    },
    {
      "top_k": 5,
      "num_queries": 10,
      "avg_latency_ms": 14.038968086242676,
      "p50_latency_ms": 16.000032424926758,
      "p95_latency_ms": 25.616884231567383,
      "p99_latency_ms": 25.616884231567383,
      "min_latency_ms": 6.229162216186523,
      "max_latency_ms": 25.616884231567383,
      "queries_per_second": 71.23030651946124,
      "avg_similarity": 0.48294008612632755,
      "avg_top1_similarity": 0.5281620919704437,
      "min_similarity": 0.45248001217842104,
      "recall_at_5": 0.0,
      "precision_at_5": 0.0,
      "mrr": 0.0,
      "resource_metrics": {
        "duration": 0.0,
        "cpu": {
          "avg": 25.9,
          "max": 25.9,
          "min": 25.9
        },
        "memory": {
          "avg_mb": 13316.171875,
          "max_mb": 13316.171875,
          "min_mb": 13316.171875
        },
        "disk": {
          "read_total_mb": 0.3125,
          "write_total_mb": 0.5625
        },
        "network": {
          "sent_total_mb": 0.0,
          "recv_total_mb": 0.0
        }
      }
    },
    {
      "top_k": 10,
      "num_queries": 10,
      "avg_latency_ms": 7.937073707580566,
      "p50_latency_ms": 7.571935653686523,
      "p95_latency_ms": 10.37907600402832,
      "p99_latency_ms": 10.37907600402832,
      "min_latency_ms": 6.936073303222656,
      "max_latency_ms": 10.37907600402832,
      "queries_per_second": 125.99101845871945,
      "avg_similarity": 0.45815171718597414,
      "avg_top1_similarity": 0.5281620919704437,
      "min_similarity": 0.42196529507637026,
      "recall_at_10": 0.0,
      "precision_at_10": 0.0,
      "mrr": 0.0,
      "resource_metrics": {
        "duration": 0.0,
        "cpu": {
          "avg": 0.0,
          "max": 0.0,
          "min": 0.0
        },
        "memory": {
          "avg_mb": 13796.4375,
          "max_mb": 13796.4375,
          "min_mb": 13796.4375
        },
        "disk": {
          "read_total_mb": 0.375,
          "write_total_mb": 0.75
        },
        "network": {
          "sent_total_mb": 0.0,
          "recv_total_mb": 0.0
        }
      }
    },
    {
      "top_k": 20,
      "num_queries": 10,
      "avg_latency_ms": 13.738822937011719,
      "p50_latency_ms": 12.14599609375,
      "p95_latency_ms": 30.780792236328125,
      "p99_latency_ms": 30.780792236328125,
      "min_latency_ms": 8.798837661743164,
      "max_latency_ms": 30.780792236328125,
      "queries_per_second": 72.78643917202315,
      "avg_similarity": 0.42762157768011094,
      "avg_top1_similarity": 0.5281620919704437,
      "min_similarity": 0.3825070321559906,
      "recall_at_20": 0.0,
      "precision_at_20": 0.0,
      "mrr": 0.0,
      "resource_metrics": {
        "duration": 0.0,
        "cpu": {
          "avg": 24.8,
          "max": 24.8,
          "min": 24.8
        },
        "memory": {
          "avg_mb": 15579.46875,
          "max_mb": 15579.46875,
          "min_mb": 15579.46875
        },
        "disk": {
          "read_total_mb": 0.1875,
          "write_total_mb": 0.0
        },
        "network": {
          "sent_total_mb": 0.0,
          "recv_total_mb": 0.0
        }
      }
    }
  ]
}