{
  "database": "chroma",
  "config": {
    "corpus_path": "Data/test_corpus/corpus_sizes/corpus_10k",
    "test_cases_path": "Data/test_corpus/test_cases.json",
    "output_dir": "results/chroma_scaling_n3/corpus_10k/run_3",
    "chroma_config": {
      "persist_directory": "./vector_stores/chroma_db",
      "collection_name": "benchmark_test"
    },
    "embedding_model": "sentence-transformers/all-MiniLM-L6-v2",
    "embedding_type": "sentence-transformers",
    "chunk_size": 512,
    "chunk_overlap": 50,
    "chunk_strategy": "fixed",
    "top_k_values": [
      1,
      3,
      5,
      10,
      20
    ],
    "batch_size": 100
  },
  "timestamp": "2025-12-22 17:28:31",
  "ingestion": {
    "total_time_sec": 547.3264331817627,
    "num_documents": 1,
    "num_chunks": 69903,
    "parsing_time_sec": 0.33994531631469727,
    "embedding_time_sec": 479.53051805496216,
    "insertion_time_sec": 67.06554889678955
  },
  "query_results": [
    {
      "top_k": 1,
      "num_queries": 10,
      "avg_latency_ms": 98.81677627563477,
      "p50_latency_ms": 80.6279182434082,
      "p95_latency_ms": 375.23388862609863,
      "p99_latency_ms": 375.23388862609863,
      "min_latency_ms": 15.260934829711914,
      "max_latency_ms": 375.23388862609863,
      "queries_per_second": 10.119739154520161,
      "avg_similarity": 0.5972840011119842,
      "avg_top1_similarity": 0.5972840011119842,
      "min_similarity": 0.5972840011119842,
      "recall_at_1": 0.0,
      "precision_at_1": 0.0,
      "mrr": 0.0,
      "resource_metrics": {
        "duration": 0.5106730461120605,
        "cpu": {
          "avg": 25.5,
          "max": 29.1,
          "min": 21.9
        },
        "memory": {
          "avg_mb": 15620.421875,
          "max_mb": 16027.703125,
          "min_mb": 15213.140625
        },
        "disk": {
          "read_total_mb": 32.3671875,
          "write_total_mb": 1.0078125
        },
        "network": {
          "sent_total_mb": 0.0,
          "recv_total_mb": 0.0
        }
      }
    },
    {
      "top_k": 3,
      "num_queries": 10,
      "avg_latency_ms": 49.12736415863037,
      "p50_latency_ms": 49.99208450317383,
      "p95_latency_ms": 73.61507415771484,
      "p99_latency_ms": 73.61507415771484,
      "min_latency_ms": 28.840065002441406,
      "max_latency_ms": 73.61507415771484,
      "queries_per_second": 20.355254492609017,
      "avg_similarity": 0.5706729690233867,
      "avg_top1_similarity": 0.5972840011119842,
      "min_similarity": 0.5505420327186584,
      "recall_at_3": 0.0,
      "precision_at_3": 0.0,
      "mrr": 0.0,
      "resource_metrics": {
        "duration": 0.0,
        "cpu": {
          "avg": 25.9,
          "max": 25.9,
          "min": 25.9
        },
        "memory": {
          "avg_mb": 16340.359375,
          "max_mb": 16340.359375,
          "min_mb": 16340.359375
        },
        "disk": {
          "read_total_mb": 0.015625,
          "write_total_mb": 0.0
        },
        "network": {
          "sent_total_mb": 0.0,
          "recv_total_mb": 0.0
        }
      }
    },
    {
      "top_k": 5,
      "num_queries": 10,
      "avg_latency_ms": 32.48775005340576,
      "p50_latency_ms": 31.0971736907959,
      "p95_latency_ms": 62.86311149597168,
      "p99_latency_ms": 62.86311149597168,
      "min_latency_ms": 15.712976455688477,
      "max_latency_ms": 62.86311149597168,
      "queries_per_second": 30.780832724830933,
      "avg_similarity": 0.5556486332416535,
      "avg_top1_similarity": 0.5972840011119842,
      "min_similarity": 0.5284928560256958,
      "recall_at_5": 0.0,
      "precision_at_5": 0.0,
      "mrr": 0.0,
      "resource_metrics": {
        "duration": 0.0,
        "cpu": {
          "avg": 17.5,
          "max": 17.5,
          "min": 17.5
        },
        "memory": {
          "avg_mb": 16391.25,
          "max_mb": 16391.25,
          "min_mb": 16391.25
        },
        "disk": {
          "read_total_mb": 0.0,
          "write_total_mb": 0.0
        },
        "network": {
          "sent_total_mb": 0.0,
          "recv_total_mb": 0.0
        }
      }
    },
    {
      "top_k": 10,
      "num_queries": 10,
      "avg_latency_ms": 40.1447057723999,
      "p50_latency_ms": 49.143075942993164,
      "p95_latency_ms": 58.56895446777344,
      "p99_latency_ms": 58.56895446777344,
      "min_latency_ms": 8.223295211791992,
      "max_latency_ms": 58.56895446777344,
      "queries_per_second": 24.90988489664097,
      "avg_similarity": 0.5314719545841217,
      "avg_top1_similarity": 0.5972840011119842,
      "min_similarity": 0.4953427970409393,
      "recall_at_10": 0.0,
      "precision_at_10": 0.0,
      "mrr": 0.0,
      "resource_metrics": {
        "duration": 0.0,
        "cpu": {
          "avg": 30.3,
          "max": 30.3,
          "min": 30.3
        },
        "memory": {
          "avg_mb": 15954.375,
          "max_mb": 15954.375,
          "min_mb": 15954.375
        },
        "disk": {
          "read_total_mb": 0.0,
          "write_total_mb": 0.0
        },
        "network": {
          "sent_total_mb": 0.0,
          "recv_total_mb": 0.0
        }
      }
    },
    {
      "top_k": 20,
      "num_queries": 10,
      "avg_latency_ms": 40.46154022216797,
      "p50_latency_ms": 44.61789131164551,
      "p95_latency_ms": 68.04394721984863,
      "p99_latency_ms": 68.04394721984863,
      "min_latency_ms": 6.875038146972656,
      "max_latency_ms": 68.04394721984863,
      "queries_per_second": 24.71482782190586,
      "avg_similarity": 0.5032500356435776,
      "avg_top1_similarity": 0.5972840011119842,
      "min_similarity": 0.46306474804878234,
      "recall_at_20": 0.0,
      "precision_at_20": 0.0,
      "mrr": 0.0,
      "resource_metrics": {
        "duration": 0.0,
        "cpu": {
          "avg": 10.2,
          "max": 10.2,
          "min": 10.2
        },
        "memory": {
          "avg_mb": 15960.21875,
          "max_mb": 15960.21875,
          "min_mb": 15960.21875
        },
        "disk": {
          "read_total_mb": 0.0,
          "write_total_mb": 0.0
        },
        "network": {
          "sent_total_mb": 0.0,
          "recv_total_mb": 0.0
        }
      }
    }
  ]
}