{
  "database": "milvus",
  "config": {
    "corpus_path": "Data/test_corpus/corpus_sizes/corpus_10k",
    "test_cases_path": "Data/test_corpus/test_cases.json",
    "output_dir": "results/milvus_scaling_n10/corpus_10k/run_4",
    "milvus_config": {
      "host": "localhost",
      "port": 19530,
      "collection_name": "benchmark_test"
    },
    "embedding_model": "sentence-transformers/all-MiniLM-L6-v2",
    "embedding_type": "sentence-transformers",
    "chunk_size": 512,
    "chunk_overlap": 50,
    "chunk_strategy": "fixed",
    "top_k_values": [
      1,
      3,
      5,
      10,
      20
    ],
    "batch_size": 100
  },
  "timestamp": "2026-01-10 05:25:04",
  "ingestion": {
    "total_time_sec": 180.77193903923035,
    "num_documents": 1,
    "num_chunks": 69903,
    "parsing_time_sec": 0.16415619850158691,
    "embedding_time_sec": 169.9057309627533,
    "insertion_time_sec": 10.51452374458313
  },
  "query_results": [
    {
      "top_k": 1,
      "num_queries": 10,
      "avg_latency_ms": 59.03620719909668,
      "p50_latency_ms": 33.885955810546875,
      "p95_latency_ms": 337.89896965026855,
      "p99_latency_ms": 337.89896965026855,
      "min_latency_ms": 12.373685836791992,
      "max_latency_ms": 337.89896965026855,
      "queries_per_second": 16.938757542935466,
      "avg_similarity": 0.597283911705017,
      "avg_top1_similarity": 0.597283911705017,
      "min_similarity": 0.597283911705017,
      "recall_at_1": 0.0,
      "precision_at_1": 0.0,
      "mrr": 0.0,
      "resource_metrics": {
        "duration": 0.5077168941497803,
        "cpu": {
          "avg": 27.1,
          "max": 32.4,
          "min": 21.8
        },
        "memory": {
          "avg_mb": 8789.0546875,
          "max_mb": 9140.953125,
          "min_mb": 8437.15625
        },
        "disk": {
          "read_total_mb": 4.1171875,
          "write_total_mb": 0.44140625
        },
        "network": {
          "sent_total_mb": 0.0185546875,
          "recv_total_mb": 0.0205078125
        }
      }
    },
    {
      "top_k": 3,
      "num_queries": 10,
      "avg_latency_ms": 15.029287338256836,
      "p50_latency_ms": 15.285968780517578,
      "p95_latency_ms": 24.31797981262207,
      "p99_latency_ms": 24.31797981262207,
      "min_latency_ms": 10.824918746948242,
      "max_latency_ms": 24.31797981262207,
      "queries_per_second": 66.53675437121454,
      "avg_similarity": 0.570672869682312,
      "avg_top1_similarity": 0.597283911705017,
      "min_similarity": 0.5505419582128525,
      "recall_at_3": 0.0,
      "precision_at_3": 0.0,
      "mrr": 0.0,
      "resource_metrics": {
        "duration": 0.0,
        "cpu": {
          "avg": 21.5,
          "max": 21.5,
          "min": 21.5
        },
        "memory": {
          "avg_mb": 9110.078125,
          "max_mb": 9110.078125,
          "min_mb": 9110.078125
        },
        "disk": {
          "read_total_mb": 0.0,
          "write_total_mb": 0.0
        },
        "network": {
          "sent_total_mb": 0.0,
          "recv_total_mb": 0.0
        }
      }
    },
    {
      "top_k": 5,
      "num_queries": 10,
      "avg_latency_ms": 14.032411575317383,
      "p50_latency_ms": 13.024568557739258,
      "p95_latency_ms": 22.922992706298828,
      "p99_latency_ms": 22.922992706298828,
      "min_latency_ms": 10.842084884643555,
      "max_latency_ms": 22.922992706298828,
      "queries_per_second": 71.263588203112,
      "avg_similarity": 0.5560519069433212,
      "avg_top1_similarity": 0.597283911705017,
      "min_similarity": 0.5299822092056274,
      "recall_at_5": 0.0,
      "precision_at_5": 0.0,
      "mrr": 0.0,
      "resource_metrics": {
        "duration": 0.0,
        "cpu": {
          "avg": 20.1,
          "max": 20.1,
          "min": 20.1
        },
        "memory": {
          "avg_mb": 9111.515625,
          "max_mb": 9111.515625,
          "min_mb": 9111.515625
        },
        "disk": {
          "read_total_mb": 0.234375,
          "write_total_mb": 0.0
        },
        "network": {
          "sent_total_mb": 0.0,
          "recv_total_mb": 0.0
        }
      }
    },
    {
      "top_k": 10,
      "num_queries": 10,
      "avg_latency_ms": 16.37904644012451,
      "p50_latency_ms": 14.918804168701172,
      "p95_latency_ms": 25.21204948425293,
      "p99_latency_ms": 25.21204948425293,
      "min_latency_ms": 13.317108154296875,
      "max_latency_ms": 25.21204948425293,
      "queries_per_second": 61.053615279473995,
      "avg_similarity": 0.5319314521551133,
      "avg_top1_similarity": 0.597283911705017,
      "min_similarity": 0.49561808705329896,
      "recall_at_10": 0.0,
      "precision_at_10": 0.0,
      "mrr": 0.0,
      "resource_metrics": {
        "duration": 0.0,
        "cpu": {
          "avg": 28.1,
          "max": 28.1,
          "min": 28.1
        },
        "memory": {
          "avg_mb": 9083.3125,
          "max_mb": 9083.3125,
          "min_mb": 9083.3125
        },
        "disk": {
          "read_total_mb": 0.28125,
          "write_total_mb": 0.0
        },
        "network": {
          "sent_total_mb": 0.0,
          "recv_total_mb": 0.0
        }
      }
    },
    {
      "top_k": 20,
      "num_queries": 10,
      "avg_latency_ms": 15.464353561401367,
      "p50_latency_ms": 16.40605926513672,
      "p95_latency_ms": 21.378755569458008,
      "p99_latency_ms": 21.378755569458008,
      "min_latency_ms": 11.408090591430664,
      "max_latency_ms": 21.378755569458008,
      "queries_per_second": 64.66484331397949,
      "avg_similarity": 0.5037875378131866,
      "avg_top1_similarity": 0.597283911705017,
      "min_similarity": 0.46340918242931367,
      "recall_at_20": 0.0,
      "precision_at_20": 0.0,
      "mrr": 0.0,
      "resource_metrics": {
        "duration": 0.0,
        "cpu": {
          "avg": 32.9,
          "max": 32.9,
          "min": 32.9
        },
        "memory": {
          "avg_mb": 9057.328125,
          "max_mb": 9057.328125,
          "min_mb": 9057.328125
        },
        "disk": {
          "read_total_mb": 0.0,
          "write_total_mb": 0.0
        },
        "network": {
          "sent_total_mb": 0.0,
          "recv_total_mb": 0.0
        }
      }
    }
  ]
}