{
  "database": "faiss",
  "config": {
    "corpus_path": "Data/test_corpus/corpus_sizes/corpus_full",
    "test_cases_path": "Data/test_corpus/test_cases.json",
    "output_dir": "results/faiss_scaling_n10/corpus_full/run_10",
    "faiss_config": {
      "index_path": "./vector_stores/faiss_index.index",
      "index_type": "Flat"
    },
    "embedding_model": "sentence-transformers/all-MiniLM-L6-v2",
    "embedding_type": "sentence-transformers",
    "chunk_size": 512,
    "chunk_overlap": 50,
    "chunk_strategy": "fixed",
    "top_k_values": [
      1,
      3,
      5,
      10,
      20
    ],
    "batch_size": 100
  },
  "timestamp": "2026-01-10 00:48:31",
  "ingestion": {
    "total_time_sec": 5345.87148308754,
    "num_documents": 1,
    "num_chunks": 2249072,
    "parsing_time_sec": 3.5562610626220703,
    "embedding_time_sec": 5326.560623168945,
    "insertion_time_sec": 5.100866079330444
  },
  "query_results": [
    {
      "top_k": 1,
      "num_queries": 10,
      "avg_latency_ms": 431.22198581695557,
      "p50_latency_ms": 95.4737663269043,
      "p95_latency_ms": 3502.080202102661,
      "p99_latency_ms": 3502.080202102661,
      "min_latency_ms": 60.07194519042969,
      "max_latency_ms": 3502.080202102661,
      "queries_per_second": 2.3189912223642475,
      "avg_similarity": 0.6081104759530154,
      "avg_top1_similarity": 0.6081104759530154,
      "min_similarity": 0.6081104759530154,
      "recall_at_1": 0.0,
      "precision_at_1": 0.0,
      "mrr": 0.0,
      "resource_metrics": {
        "duration": 4.030246734619141,
        "cpu": {
          "avg": 17.01111111111111,
          "max": 35.3,
          "min": 0.0
        },
        "memory": {
          "avg_mb": 9440.496527777777,
          "max_mb": 10530.296875,
          "min_mb": 8816.6875
        },
        "disk": {
          "read_total_mb": 1785.58984375,
          "write_total_mb": 369.01953125
        },
        "network": {
          "sent_total_mb": 0.0576171875,
          "recv_total_mb": 0.076171875
        }
      }
    },
    {
      "top_k": 3,
      "num_queries": 10,
      "avg_latency_ms": 63.27354907989502,
      "p50_latency_ms": 62.566280364990234,
      "p95_latency_ms": 70.59574127197266,
      "p99_latency_ms": 70.59574127197266,
      "min_latency_ms": 59.55791473388672,
      "max_latency_ms": 70.59574127197266,
      "queries_per_second": 15.804392428458655,
      "avg_similarity": 0.5970919434566881,
      "avg_top1_similarity": 0.6081104759530154,
      "min_similarity": 0.5869038129129002,
      "recall_at_3": 0.0,
      "precision_at_3": 0.0,
      "mrr": 0.0,
      "resource_metrics": {
        "duration": 0.5034627914428711,
        "cpu": {
          "avg": 17.15,
          "max": 18.5,
          "min": 15.8
        },
        "memory": {
          "avg_mb": 10471.8046875,
          "max_mb": 10476.140625,
          "min_mb": 10467.46875
        },
        "disk": {
          "read_total_mb": 9.99609375,
          "write_total_mb": 0.359375
        },
        "network": {
          "sent_total_mb": 0.001953125,
          "recv_total_mb": 0.0029296875
        }
      }
    },
    {
      "top_k": 5,
      "num_queries": 10,
      "avg_latency_ms": 62.99030780792236,
      "p50_latency_ms": 61.988115310668945,
      "p95_latency_ms": 68.24517250061035,
      "p99_latency_ms": 68.24517250061035,
      "min_latency_ms": 60.34708023071289,
      "max_latency_ms": 68.24517250061035,
      "queries_per_second": 15.87545822206998,
      "avg_similarity": 0.589569724902797,
      "avg_top1_similarity": 0.6081104759530154,
      "min_similarity": 0.5767552424979981,
      "recall_at_5": 0.0,
      "precision_at_5": 0.0,
      "mrr": 0.0,
      "resource_metrics": {
        "duration": 0.5021309852600098,
        "cpu": {
          "avg": 16.1,
          "max": 19.4,
          "min": 12.8
        },
        "memory": {
          "avg_mb": 10422.5234375,
          "max_mb": 10439.78125,
          "min_mb": 10405.265625
        },
        "disk": {
          "read_total_mb": 28.72265625,
          "write_total_mb": 0.23828125
        },
        "network": {
          "sent_total_mb": 0.0078125,
          "recv_total_mb": 0.009765625
        }
      }
    },
    {
      "top_k": 10,
      "num_queries": 10,
      "avg_latency_ms": 61.25845909118652,
      "p50_latency_ms": 61.13314628601074,
      "p95_latency_ms": 63.11488151550293,
      "p99_latency_ms": 63.11488151550293,
      "min_latency_ms": 60.50395965576172,
      "max_latency_ms": 63.11488151550293,
      "queries_per_second": 16.324276105467263,
      "avg_similarity": 0.5771787789131821,
      "avg_top1_similarity": 0.6081104759530154,
      "min_similarity": 0.5588513399533241,
      "recall_at_10": 0.0,
      "precision_at_10": 0.0,
      "mrr": 0.0,
      "resource_metrics": {
        "duration": 0.5036709308624268,
        "cpu": {
          "avg": 15.5,
          "max": 18.8,
          "min": 12.2
        },
        "memory": {
          "avg_mb": 10392.40625,
          "max_mb": 10408.28125,
          "min_mb": 10376.53125
        },
        "disk": {
          "read_total_mb": 21.984375,
          "write_total_mb": 0.0
        },
        "network": {
          "sent_total_mb": 0.001953125,
          "recv_total_mb": 0.00390625
        }
      }
    },
    {
      "top_k": 20,
      "num_queries": 10,
      "avg_latency_ms": 60.869622230529785,
      "p50_latency_ms": 60.70899963378906,
      "p95_latency_ms": 62.191009521484375,
      "p99_latency_ms": 62.191009521484375,
      "min_latency_ms": 60.06217002868652,
      "max_latency_ms": 62.191009521484375,
      "queries_per_second": 16.42855604085612,
      "avg_similarity": 0.5616581162708834,
      "avg_top1_similarity": 0.6081104759530154,
      "min_similarity": 0.5375578751597476,
      "recall_at_20": 0.0,
      "precision_at_20": 0.0,
      "mrr": 0.0,
      "resource_metrics": {
        "duration": 0.5032229423522949,
        "cpu": {
          "avg": 14.7,
          "max": 16.8,
          "min": 12.6
        },
        "memory": {
          "avg_mb": 10370.671875,
          "max_mb": 10372.890625,
          "min_mb": 10368.453125
        },
        "disk": {
          "read_total_mb": 10.375,
          "write_total_mb": 0.046875
        },
        "network": {
          "sent_total_mb": 0.001953125,
          "recv_total_mb": 0.0029296875
        }
      }
    }
  ]
}