{
  "database": "pgvector",
  "config": {
    "corpus_path": "Data/test_corpus/corpus_sizes/corpus_10k",
    "test_cases_path": "Data/test_corpus/test_cases.json",
    "output_dir": "results/pgvector_hnsw_scaling_n3/corpus_10k/run_3",
    "pgvector_config": {
      "host": "localhost",
      "port": 5433,
      "database": "vectordb",
      "user": "postgres",
      "password": "postgres",
      "table_name": "benchmark_test",
      "index_type": "hnsw"
    },
    "embedding_model": "sentence-transformers/all-MiniLM-L6-v2",
    "embedding_type": "sentence-transformers",
    "chunk_size": 512,
    "chunk_overlap": 50,
    "chunk_strategy": "fixed",
    "top_k_values": [
      1,
      3,
      5,
      10,
      20
    ],
    "batch_size": 100
  },
  "timestamp": "2026-01-05 14:39:59",
  "ingestion": {
    "total_time_sec": 254.29579496383667,
    "num_documents": 1,
    "num_chunks": 69903,
    "parsing_time_sec": 0.1387472152709961,
    "embedding_time_sec": 174.7549901008606,
    "insertion_time_sec": 78.9077980518341
  },
  "query_results": [
    {
      "top_k": 1,
      "num_queries": 10,
      "avg_latency_ms": 46.39122486114502,
      "p50_latency_ms": 34.491777420043945,
      "p95_latency_ms": 219.6190357208252,
      "p99_latency_ms": 219.6190357208252,
      "min_latency_ms": 8.745193481445312,
      "max_latency_ms": 219.6190357208252,
      "queries_per_second": 21.555800757430532,
      "avg_similarity": 0.5972839128151974,
      "avg_top1_similarity": 0.5972839128151974,
      "min_similarity": 0.5972839128151974,
      "recall_at_1": 0.0,
      "precision_at_1": 0.0,
      "mrr": 0.0,
      "resource_metrics": {
        "duration": 0.0,
        "cpu": {
          "avg": 17.4,
          "max": 17.4,
          "min": 17.4
        },
        "memory": {
          "avg_mb": 8350.15625,
          "max_mb": 8350.15625,
          "min_mb": 8350.15625
        },
        "disk": {
          "read_total_mb": 0.0,
          "write_total_mb": 0.0
        },
        "network": {
          "sent_total_mb": 0.0,
          "recv_total_mb": 0.0
        }
      }
    },
    {
      "top_k": 3,
      "num_queries": 10,
      "avg_latency_ms": 8.403921127319336,
      "p50_latency_ms": 8.175134658813477,
      "p95_latency_ms": 9.943008422851562,
      "p99_latency_ms": 9.943008422851562,
      "min_latency_ms": 7.725000381469727,
      "max_latency_ms": 9.943008422851562,
      "queries_per_second": 118.99207344405168,
      "avg_similarity": 0.570486799496596,
      "avg_top1_similarity": 0.5972839128151974,
      "min_similarity": 0.5502612991568202,
      "recall_at_3": 0.0,
      "precision_at_3": 0.0,
      "mrr": 0.0,
      "resource_metrics": {
        "duration": 0.0,
        "cpu": {
          "avg": 24.5,
          "max": 24.5,
          "min": 24.5
        },
        "memory": {
          "avg_mb": 9459.96875,
          "max_mb": 9459.96875,
          "min_mb": 9459.96875
        },
        "disk": {
          "read_total_mb": 0.0,
          "write_total_mb": 0.0
        },
        "network": {
          "sent_total_mb": 0.0,
          "recv_total_mb": 0.0
        }
      }
    },
    {
      "top_k": 5,
      "num_queries": 10,
      "avg_latency_ms": 11.453056335449219,
      "p50_latency_ms": 11.554241180419922,
      "p95_latency_ms": 14.657020568847656,
      "p99_latency_ms": 14.657020568847656,
      "min_latency_ms": 9.891033172607422,
      "max_latency_ms": 14.657020568847656,
      "queries_per_second": 87.31293819841125,
      "avg_similarity": 0.5555369041978911,
      "avg_top1_similarity": 0.5972839128151974,
      "min_similarity": 0.528492760911597,
      "recall_at_5": 0.0,
      "precision_at_5": 0.0,
      "mrr": 0.0,
      "resource_metrics": {
        "duration": 0.0,
        "cpu": {
          "avg": 47.1,
          "max": 47.1,
          "min": 47.1
        },
        "memory": {
          "avg_mb": 9386.09375,
          "max_mb": 9386.09375,
          "min_mb": 9386.09375
        },
        "disk": {
          "read_total_mb": 0.0625,
          "write_total_mb": 0.0
        },
        "network": {
          "sent_total_mb": 0.001953125,
          "recv_total_mb": 0.0
        }
      }
    },
    {
      "top_k": 10,
      "num_queries": 10,
      "avg_latency_ms": 11.707329750061035,
      "p50_latency_ms": 11.497974395751953,
      "p95_latency_ms": 17.006874084472656,
      "p99_latency_ms": 17.006874084472656,
      "min_latency_ms": 9.820222854614258,
      "max_latency_ms": 17.006874084472656,
      "queries_per_second": 85.41657417608712,
      "avg_similarity": 0.5315123748926632,
      "avg_top1_similarity": 0.5972839128151974,
      "min_similarity": 0.49544302144978786,
      "recall_at_10": 0.0,
      "precision_at_10": 0.0,
      "mrr": 0.0,
      "resource_metrics": {
        "duration": 0.0,
        "cpu": {
          "avg": 28.1,
          "max": 28.1,
          "min": 28.1
        },
        "memory": {
          "avg_mb": 9432.828125,
          "max_mb": 9432.828125,
          "min_mb": 9432.828125
        },
        "disk": {
          "read_total_mb": 0.0,
          "write_total_mb": 0.0
        },
        "network": {
          "sent_total_mb": 0.0,
          "recv_total_mb": 0.0
        }
      }
    },
    {
      "top_k": 20,
      "num_queries": 10,
      "avg_latency_ms": 11.38772964477539,
      "p50_latency_ms": 11.329889297485352,
      "p95_latency_ms": 13.783931732177734,
      "p99_latency_ms": 13.783931732177734,
      "min_latency_ms": 10.020971298217773,
      "max_latency_ms": 13.783931732177734,
      "queries_per_second": 87.8138163789999,
      "avg_similarity": 0.5032275700553493,
      "avg_top1_similarity": 0.5972839128151974,
      "min_similarity": 0.46279810724039694,
      "recall_at_20": 0.0,
      "precision_at_20": 0.0,
      "mrr": 0.0,
      "resource_metrics": {
        "duration": 0.0,
        "cpu": {
          "avg": 19.7,
          "max": 19.7,
          "min": 19.7
        },
        "memory": {
          "avg_mb": 9521.015625,
          "max_mb": 9521.015625,
          "min_mb": 9521.015625
        },
        "disk": {
          "read_total_mb": 0.1875,
          "write_total_mb": 0.0
        },
        "network": {
          "sent_total_mb": 0.0,
          "recv_total_mb": 0.00390625
        }
      }
    }
  ]
}