{
  "database": "weaviate",
  "config": {
    "corpus_path": "Data/test_corpus/corpus_sizes/corpus_10k",
    "test_cases_path": "Data/test_corpus/test_cases.json",
    "output_dir": "results/weaviate_scaling_experiment/corpus_10k",
    "weaviate_config": {
      "host": "localhost",
      "port": 8082,
      "class_name": "BenchmarkTest"
    },
    "embedding_model": "sentence-transformers/all-MiniLM-L6-v2",
    "embedding_type": "sentence-transformers",
    "chunk_size": 512,
    "chunk_overlap": 50,
    "chunk_strategy": "fixed",
    "top_k_values": [
      1,
      3,
      5,
      10,
      20
    ],
    "batch_size": 100
  },
  "timestamp": "2025-12-16 21:40:42",
  "ingestion": {
    "total_time_sec": 1755.8885667324066,
    "num_documents": 1,
    "num_chunks": 69903,
    "parsing_time_sec": 0.3710460662841797,
    "embedding_time_sec": 1703.8932747840881,
    "insertion_time_sec": 48.97248101234436
  },
  "query_results": [
    {
      "top_k": 1,
      "num_queries": 10,
      "avg_latency_ms": 2500.3719329833984,
      "p50_latency_ms": 396.0590362548828,
      "p95_latency_ms": 20430.736780166626,
      "p99_latency_ms": 20430.736780166626,
      "min_latency_ms": 70.04690170288086,
      "max_latency_ms": 20430.736780166626,
      "queries_per_second": 0.39994049957472455,
      "avg_similarity": 0.5972839415073394,
      "avg_top1_similarity": 0.5972839415073394,
      "min_similarity": 0.5972839415073394,
      "recall_at_1": 0.0,
      "precision_at_1": 0.0,
      "mrr": 0.0,
      "resource_metrics": {
        "duration": 24.60564684867859,
        "cpu": {
          "avg": 31.589361702127654,
          "max": 80.0,
          "min": 0.0
        },
        "memory": {
          "avg_mb": 17696.651928191488,
          "max_mb": 19671.625,
          "min_mb": 15340.734375
        },
        "disk": {
          "read_total_mb": 8600.22265625,
          "write_total_mb": 7818.4140625
        },
        "network": {
          "sent_total_mb": 0.12890625,
          "recv_total_mb": 0.1103515625
        }
      }
    },
    {
      "top_k": 3,
      "num_queries": 10,
      "avg_latency_ms": 70.42903900146484,
      "p50_latency_ms": 54.09383773803711,
      "p95_latency_ms": 218.9939022064209,
      "p99_latency_ms": 218.9939022064209,
      "min_latency_ms": 24.2156982421875,
      "max_latency_ms": 218.9939022064209,
      "queries_per_second": 14.198688696848485,
      "avg_similarity": 0.5706729133923848,
      "avg_top1_similarity": 0.5972839415073394,
      "min_similarity": 0.5505420148372651,
      "recall_at_3": 0.0,
      "precision_at_3": 0.0,
      "mrr": 0.0,
      "resource_metrics": {
        "duration": 0.5059869289398193,
        "cpu": {
          "avg": 34.55,
          "max": 36.0,
          "min": 33.1
        },
        "memory": {
          "avg_mb": 16223.015625,
          "max_mb": 16255.71875,
          "min_mb": 16190.3125
        },
        "disk": {
          "read_total_mb": 152.81640625,
          "write_total_mb": 260.125
        },
        "network": {
          "sent_total_mb": 0.03125,
          "recv_total_mb": 0.0322265625
        }
      }
    },
    {
      "top_k": 5,
      "num_queries": 10,
      "avg_latency_ms": 17.436742782592773,
      "p50_latency_ms": 17.11273193359375,
      "p95_latency_ms": 31.601905822753906,
      "p99_latency_ms": 31.601905822753906,
      "min_latency_ms": 8.642911911010742,
      "max_latency_ms": 31.601905822753906,
      "queries_per_second": 57.35016066178984,
      "avg_similarity": 0.5560519528388976,
      "avg_top1_similarity": 0.5972839415073394,
      "min_similarity": 0.5299822449684143,
      "recall_at_5": 0.0,
      "precision_at_5": 0.0,
      "mrr": 0.0,
      "resource_metrics": {
        "duration": 0.0,
        "cpu": {
          "avg": 39.1,
          "max": 39.1,
          "min": 39.1
        },
        "memory": {
          "avg_mb": 16026.671875,
          "max_mb": 16026.671875,
          "min_mb": 16026.671875
        },
        "disk": {
          "read_total_mb": 0.25,
          "write_total_mb": 0.625
        },
        "network": {
          "sent_total_mb": 0.0,
          "recv_total_mb": 0.0
        }
      }
    },
    {
      "top_k": 10,
      "num_queries": 10,
      "avg_latency_ms": 165.63806533813477,
      "p50_latency_ms": 70.85728645324707,
      "p95_latency_ms": 937.3879432678223,
      "p99_latency_ms": 937.3879432678223,
      "min_latency_ms": 17.5020694732666,
      "max_latency_ms": 937.3879432678223,
      "queries_per_second": 6.03725959946823,
      "avg_similarity": 0.5319314944744111,
      "avg_top1_similarity": 0.5972839415073394,
      "min_similarity": 0.4956180989742279,
      "recall_at_10": 0.0,
      "precision_at_10": 0.0,
      "mrr": 0.0,
      "resource_metrics": {
        "duration": 1.524312973022461,
        "cpu": {
          "avg": 34.55,
          "max": 53.8,
          "min": 12.6
        },
        "memory": {
          "avg_mb": 16446.7890625,
          "max_mb": 16494.1875,
          "min_mb": 16397.6875
        },
        "disk": {
          "read_total_mb": 269.3203125,
          "write_total_mb": 441.890625
        },
        "network": {
          "sent_total_mb": 0.0830078125,
          "recv_total_mb": 0.076171875
        }
      }
    },
    {
      "top_k": 20,
      "num_queries": 10,
      "avg_latency_ms": 68.62542629241943,
      "p50_latency_ms": 67.25311279296875,
      "p95_latency_ms": 116.44601821899414,
      "p99_latency_ms": 116.44601821899414,
      "min_latency_ms": 40.888071060180664,
      "max_latency_ms": 116.44601821899414,
      "queries_per_second": 14.571858479084785,
      "avg_similarity": 0.5037875854969024,
      "avg_top1_similarity": 0.5972839415073394,
      "min_similarity": 0.4634092628955841,
      "recall_at_20": 0.0,
      "precision_at_20": 0.0,
      "mrr": 0.0,
      "resource_metrics": {
        "duration": 0.5017011165618896,
        "cpu": {
          "avg": 38.849999999999994,
          "max": 45.3,
          "min": 32.4
        },
        "memory": {
          "avg_mb": 16202.8359375,
          "max_mb": 16224.0625,
          "min_mb": 16181.609375
        },
        "disk": {
          "read_total_mb": 174.10546875,
          "write_total_mb": 236.9140625
        },
        "network": {
          "sent_total_mb": 0.115234375,
          "recv_total_mb": 0.1162109375
        }
      }
    }
  ]
}