{
  "database": "faiss",
  "config": {
    "corpus_path": "Data/test_corpus/corpus_sizes/corpus_500k",
    "test_cases_path": "Data/test_corpus/test_cases.json",
    "output_dir": "results/faiss_scaling_n10/corpus_500k/run_9",
    "faiss_config": {
      "index_path": "./vector_stores/faiss_index.index",
      "index_type": "Flat"
    },
    "embedding_model": "sentence-transformers/all-MiniLM-L6-v2",
    "embedding_type": "sentence-transformers",
    "chunk_size": 512,
    "chunk_overlap": 50,
    "chunk_strategy": "fixed",
    "top_k_values": [
      1,
      3,
      5,
      10,
      20
    ],
    "batch_size": 100
  },
  "timestamp": "2026-01-09 01:15:11",
  "ingestion": {
    "total_time_sec": 5245.000395059586,
    "num_documents": 1,
    "num_chunks": 2249072,
    "parsing_time_sec": 3.2920889854431152,
    "embedding_time_sec": 5224.113510847092,
    "insertion_time_sec": 5.177711009979248
  },
  "query_results": [
    {
      "top_k": 1,
      "num_queries": 10,
      "avg_latency_ms": 466.4998769760132,
      "p50_latency_ms": 82.95702934265137,
      "p95_latency_ms": 3955.997943878174,
      "p99_latency_ms": 3955.997943878174,
      "min_latency_ms": 58.969974517822266,
      "max_latency_ms": 3955.997943878174,
      "queries_per_second": 2.1436232877107892,
      "avg_similarity": 0.6081104759530154,
      "avg_top1_similarity": 0.6081104759530154,
      "min_similarity": 0.6081104759530154,
      "recall_at_1": 0.0,
      "precision_at_1": 0.0,
      "mrr": 0.0,
      "resource_metrics": {
        "duration": 4.585421085357666,
        "cpu": {
          "avg": 12.77,
          "max": 22.0,
          "min": 0.0
        },
        "memory": {
          "avg_mb": 8944.278125,
          "max_mb": 10095.21875,
          "min_mb": 8493.203125
        },
        "disk": {
          "read_total_mb": 1486.83984375,
          "write_total_mb": 148.56640625
        },
        "network": {
          "sent_total_mb": 0.017578125,
          "recv_total_mb": 0.0205078125
        }
      }
    },
    {
      "top_k": 3,
      "num_queries": 10,
      "avg_latency_ms": 62.328362464904785,
      "p50_latency_ms": 61.19894981384277,
      "p95_latency_ms": 74.2940902709961,
      "p99_latency_ms": 74.2940902709961,
      "min_latency_ms": 58.809757232666016,
      "max_latency_ms": 74.2940902709961,
      "queries_per_second": 16.04406020714999,
      "avg_similarity": 0.5970919434566881,
      "avg_top1_similarity": 0.6081104759530154,
      "min_similarity": 0.5869038129129002,
      "recall_at_3": 0.0,
      "precision_at_3": 0.0,
      "mrr": 0.0,
      "resource_metrics": {
        "duration": 0.5106840133666992,
        "cpu": {
          "avg": 12.25,
          "max": 15.6,
          "min": 8.9
        },
        "memory": {
          "avg_mb": 10082.5546875,
          "max_mb": 10086.734375,
          "min_mb": 10078.375
        },
        "disk": {
          "read_total_mb": 11.5859375,
          "write_total_mb": 0.03125
        },
        "network": {
          "sent_total_mb": 0.0,
          "recv_total_mb": 0.0009765625
        }
      }
    },
    {
      "top_k": 5,
      "num_queries": 10,
      "avg_latency_ms": 60.90273857116699,
      "p50_latency_ms": 59.612274169921875,
      "p95_latency_ms": 74.99217987060547,
      "p99_latency_ms": 74.99217987060547,
      "min_latency_ms": 58.49313735961914,
      "max_latency_ms": 74.99217987060547,
      "queries_per_second": 16.41962288496214,
      "avg_similarity": 0.589569724902797,
      "avg_top1_similarity": 0.6081104759530154,
      "min_similarity": 0.5767552424979981,
      "recall_at_5": 0.0,
      "precision_at_5": 0.0,
      "mrr": 0.0,
      "resource_metrics": {
        "duration": 0.5107378959655762,
        "cpu": {
          "avg": 14.95,
          "max": 15.7,
          "min": 14.2
        },
        "memory": {
          "avg_mb": 10031.4765625,
          "max_mb": 10048.703125,
          "min_mb": 10014.25
        },
        "disk": {
          "read_total_mb": 26.5625,
          "write_total_mb": 0.0
        },
        "network": {
          "sent_total_mb": 0.0009765625,
          "recv_total_mb": 0.0009765625
        }
      }
    },
    {
      "top_k": 10,
      "num_queries": 10,
      "avg_latency_ms": 61.19732856750488,
      "p50_latency_ms": 58.638811111450195,
      "p95_latency_ms": 78.48119735717773,
      "p99_latency_ms": 78.48119735717773,
      "min_latency_ms": 57.39188194274902,
      "max_latency_ms": 78.48119735717773,
      "queries_per_second": 16.340582561490912,
      "avg_similarity": 0.5771787789131821,
      "avg_top1_similarity": 0.6081104759530154,
      "min_similarity": 0.5588513399533241,
      "recall_at_10": 0.0,
      "precision_at_10": 0.0,
      "mrr": 0.0,
      "resource_metrics": {
        "duration": 0.5108010768890381,
        "cpu": {
          "avg": 12.5,
          "max": 17.7,
          "min": 7.3
        },
        "memory": {
          "avg_mb": 9995.390625,
          "max_mb": 10003.71875,
          "min_mb": 9987.0625
        },
        "disk": {
          "read_total_mb": 139.7734375,
          "write_total_mb": 122.671875
        },
        "network": {
          "sent_total_mb": 0.005859375,
          "recv_total_mb": 0.0048828125
        }
      }
    },
    {
      "top_k": 20,
      "num_queries": 10,
      "avg_latency_ms": 59.444427490234375,
      "p50_latency_ms": 59.97180938720703,
      "p95_latency_ms": 61.061859130859375,
      "p99_latency_ms": 61.061859130859375,
      "min_latency_ms": 57.940006256103516,
      "max_latency_ms": 61.061859130859375,
      "queries_per_second": 16.82243470448566,
      "avg_similarity": 0.5616581162708834,
      "avg_top1_similarity": 0.6081104759530154,
      "min_similarity": 0.5375578751597476,
      "recall_at_20": 0.0,
      "precision_at_20": 0.0,
      "mrr": 0.0,
      "resource_metrics": {
        "duration": 0.5046918392181396,
        "cpu": {
          "avg": 12.2,
          "max": 14.6,
          "min": 9.8
        },
        "memory": {
          "avg_mb": 9974.546875,
          "max_mb": 9975.796875,
          "min_mb": 9973.296875
        },
        "disk": {
          "read_total_mb": 159.84375,
          "write_total_mb": 157.33203125
        },
        "network": {
          "sent_total_mb": 0.001953125,
          "recv_total_mb": 0.001953125
        }
      }
    }
  ]
}