{
  "database": "opensearch",
  "config": {
    "corpus_path": "Data/test_corpus/corpus_sizes/corpus_1k",
    "test_cases_path": "Data/test_corpus/test_cases.json",
    "output_dir": "results/opensearch_scaling_n3/corpus_1k/run_2",
    "opensearch_config": {
      "host": "localhost",
      "port": 9200,
      "index_name": "benchmark_test"
    },
    "embedding_model": "sentence-transformers/all-MiniLM-L6-v2",
    "embedding_type": "sentence-transformers",
    "chunk_size": 512,
    "chunk_overlap": 50,
    "chunk_strategy": "fixed",
    "top_k_values": [
      1,
      3,
      5,
      10,
      20
    ],
    "batch_size": 100
  },
  "timestamp": "2025-12-22 16:30:09",
  "ingestion": {
    "total_time_sec": 72.7227988243103,
    "num_documents": 1,
    "num_chunks": 5562,
    "parsing_time_sec": 0.011448860168457031,
    "embedding_time_sec": 48.36585998535156,
    "insertion_time_sec": 24.016743898391724
  },
  "query_results": [
    {
      "top_k": 1,
      "num_queries": 10,
      "avg_latency_ms": 1314.9857759475708,
      "p50_latency_ms": 203.86576652526855,
      "p95_latency_ms": 10944.85878944397,
      "p99_latency_ms": 10944.85878944397,
      "min_latency_ms": 109.77005958557129,
      "max_latency_ms": 10944.85878944397,
      "queries_per_second": 0.7604644995337733,
      "avg_similarity": 0.5281620380524102,
      "avg_top1_similarity": 0.5281620380524102,
      "min_similarity": 0.5281620380524102,
      "recall_at_1": 0.0,
      "precision_at_1": 0.0,
      "mrr": 0.0,
      "resource_metrics": {
        "duration": 12.732174158096313,
        "cpu": {
          "avg": 23.596153846153843,
          "max": 50.9,
          "min": 0.0
        },
        "memory": {
          "avg_mb": 18857.75721153846,
          "max_mb": 20193.328125,
          "min_mb": 17255.796875
        },
        "disk": {
          "read_total_mb": 3495.453125,
          "write_total_mb": 3443.98828125
        },
        "network": {
          "sent_total_mb": 0.1005859375,
          "recv_total_mb": 0.0849609375
        }
      }
    },
    {
      "top_k": 3,
      "num_queries": 10,
      "avg_latency_ms": 64.86432552337646,
      "p50_latency_ms": 69.76008415222168,
      "p95_latency_ms": 94.71917152404785,
      "p99_latency_ms": 94.71917152404785,
      "min_latency_ms": 38.76996040344238,
      "max_latency_ms": 94.71917152404785,
      "queries_per_second": 15.416794854971704,
      "avg_similarity": 0.5003335785744996,
      "avg_top1_similarity": 0.5281620380524102,
      "min_similarity": 0.4769755785670771,
      "recall_at_3": 0.0,
      "precision_at_3": 0.0,
      "mrr": 0.0,
      "resource_metrics": {
        "duration": 0.5087978839874268,
        "cpu": {
          "avg": 21.3,
          "max": 26.0,
          "min": 16.6
        },
        "memory": {
          "avg_mb": 19400.6015625,
          "max_mb": 19504.703125,
          "min_mb": 19296.5
        },
        "disk": {
          "read_total_mb": 66.515625,
          "write_total_mb": 2.140625
        },
        "network": {
          "sent_total_mb": 0.12109375,
          "recv_total_mb": 0.1220703125
        }
      }
    },
    {
      "top_k": 5,
      "num_queries": 10,
      "avg_latency_ms": 51.911377906799316,
      "p50_latency_ms": 50.90785026550293,
      "p95_latency_ms": 69.09990310668945,
      "p99_latency_ms": 69.09990310668945,
      "min_latency_ms": 37.690162658691406,
      "max_latency_ms": 69.09990310668945,
      "queries_per_second": 19.263599625411228,
      "avg_similarity": 0.48294005260895656,
      "avg_top1_similarity": 0.5281620380524102,
      "min_similarity": 0.45247993988108204,
      "recall_at_5": 0.0,
      "precision_at_5": 0.0,
      "mrr": 0.0,
      "resource_metrics": {
        "duration": 0.504000186920166,
        "cpu": {
          "avg": 13.65,
          "max": 27.3,
          "min": 0.0
        },
        "memory": {
          "avg_mb": 19540.6875,
          "max_mb": 19750.9375,
          "min_mb": 19330.4375
        },
        "disk": {
          "read_total_mb": 138.2578125,
          "write_total_mb": 4.55078125
        },
        "network": {
          "sent_total_mb": 0.2294921875,
          "recv_total_mb": 0.2294921875
        }
      }
    },
    {
      "top_k": 10,
      "num_queries": 10,
      "avg_latency_ms": 54.87465858459473,
      "p50_latency_ms": 57.26504325866699,
      "p95_latency_ms": 106.17423057556152,
      "p99_latency_ms": 106.17423057556152,
      "min_latency_ms": 18.94688606262207,
      "max_latency_ms": 106.17423057556152,
      "queries_per_second": 18.22334800422313,
      "avg_similarity": 0.4581516809590983,
      "avg_top1_similarity": 0.5281620380524102,
      "min_similarity": 0.4219653128287223,
      "recall_at_10": 0.0,
      "precision_at_10": 0.0,
      "mrr": 0.0,
      "resource_metrics": {
        "duration": 0.5076682567596436,
        "cpu": {
          "avg": 29.25,
          "max": 30.3,
          "min": 28.2
        },
        "memory": {
          "avg_mb": 18585.1171875,
          "max_mb": 19245.921875,
          "min_mb": 17924.3125
        },
        "disk": {
          "read_total_mb": 131.26953125,
          "write_total_mb": 9.25
        },
        "network": {
          "sent_total_mb": 0.4091796875,
          "recv_total_mb": 0.41015625
        }
      }
    },
    {
      "top_k": 20,
      "num_queries": 10,
      "avg_latency_ms": 63.704848289489746,
      "p50_latency_ms": 68.37606430053711,
      "p95_latency_ms": 80.11174201965332,
      "p99_latency_ms": 80.11174201965332,
      "min_latency_ms": 46.75412178039551,
      "max_latency_ms": 80.11174201965332,
      "queries_per_second": 15.697392378296952,
      "avg_similarity": 0.42762155499305193,
      "avg_top1_similarity": 0.5281620380524102,
      "min_similarity": 0.38250702953675664,
      "recall_at_20": 0.0,
      "precision_at_20": 0.0,
      "mrr": 0.0,
      "resource_metrics": {
        "duration": 0.5101587772369385,
        "cpu": {
          "avg": 27.900000000000002,
          "max": 40.7,
          "min": 15.1
        },
        "memory": {
          "avg_mb": 19203.2578125,
          "max_mb": 19588.984375,
          "min_mb": 18817.53125
        },
        "disk": {
          "read_total_mb": 112.59375,
          "write_total_mb": 1.92578125
        },
        "network": {
          "sent_total_mb": 0.6171875,
          "recv_total_mb": 0.6171875
        }
      }
    }
  ]
}