{
  "database": "chroma",
  "config": {
    "corpus_path": "Data/test_corpus/documents",
    "test_cases_path": "Data/test_corpus/test_cases.json",
    "output_dir": "results/chroma_scaling_n10/corpus_baseline/run_6",
    "chroma_config": {
      "persist_directory": "./vector_stores/chroma_db",
      "collection_name": "benchmark_test"
    },
    "embedding_model": "sentence-transformers/all-MiniLM-L6-v2",
    "embedding_type": "sentence-transformers",
    "chunk_size": 512,
    "chunk_overlap": 50,
    "chunk_strategy": "fixed",
    "top_k_values": [
      1,
      3,
      5,
      10,
      20
    ],
    "batch_size": 100
  },
  "timestamp": "2026-01-22 15:48:23",
  "ingestion": {
    "total_time_sec": 0.5070991516113281,
    "num_documents": 20,
    "num_chunks": 175,
    "parsing_time_sec": 0.00013113021850585938,
    "embedding_time_sec": 0.3019556999206543,
    "insertion_time_sec": 0.15581893920898438
  },
  "query_results": [
    {
      "top_k": 1,
      "num_queries": 10,
      "avg_latency_ms": 16.932368278503418,
      "p50_latency_ms": 19.284963607788086,
      "p95_latency_ms": 36.55815124511719,
      "p99_latency_ms": 36.55815124511719,
      "min_latency_ms": 4.625082015991211,
      "max_latency_ms": 36.55815124511719,
      "queries_per_second": 59.05848393751012,
      "avg_similarity": 0.7316957294940949,
      "avg_top1_similarity": 0.7316957294940949,
      "min_similarity": 0.7316957294940949,
      "recall_at_1": 0.0,
      "precision_at_1": 0.0,
      "mrr": 0.0,
      "resource_metrics": {
        "duration": 0.0,
        "cpu": {
          "avg": 18.9,
          "max": 18.9,
          "min": 18.9
        },
        "memory": {
          "avg_mb": 8992.703125,
          "max_mb": 8992.703125,
          "min_mb": 8992.703125
        },
        "disk": {
          "read_total_mb": 0.0,
          "write_total_mb": 0.0
        },
        "network": {
          "sent_total_mb": 0.0009765625,
          "recv_total_mb": 0.0
        }
      }
    },
    {
      "top_k": 3,
      "num_queries": 10,
      "avg_latency_ms": 6.961941719055176,
      "p50_latency_ms": 6.357908248901367,
      "p95_latency_ms": 12.904882431030273,
      "p99_latency_ms": 12.904882431030273,
      "min_latency_ms": 4.895210266113281,
      "max_latency_ms": 12.904882431030273,
      "queries_per_second": 143.63808838889744,
      "avg_similarity": 0.6881674349308013,
      "avg_top1_similarity": 0.7316957294940949,
      "min_similarity": 0.6527655184268951,
      "recall_at_3": 0.0,
      "precision_at_3": 0.0,
      "mrr": 0.0,
      "resource_metrics": {
        "duration": 0.0,
        "cpu": {
          "avg": 13.0,
          "max": 13.0,
          "min": 13.0
        },
        "memory": {
          "avg_mb": 9252.234375,
          "max_mb": 9252.234375,
          "min_mb": 9252.234375
        },
        "disk": {
          "read_total_mb": 0.0,
          "write_total_mb": 0.0
        },
        "network": {
          "sent_total_mb": 0.0,
          "recv_total_mb": 0.0
        }
      }
    },
    {
      "top_k": 5,
      "num_queries": 10,
      "avg_latency_ms": 7.697415351867676,
      "p50_latency_ms": 7.300853729248047,
      "p95_latency_ms": 12.312173843383789,
      "p99_latency_ms": 12.312173843383789,
      "min_latency_ms": 6.312847137451172,
      "max_latency_ms": 12.312173843383789,
      "queries_per_second": 129.91373783114915,
      "avg_similarity": 0.6663785541057587,
      "avg_top1_similarity": 0.7316957294940949,
      "min_similarity": 0.6243873357772827,
      "recall_at_5": 0.0,
      "precision_at_5": 0.0,
      "mrr": 0.0,
      "resource_metrics": {
        "duration": 0.0,
        "cpu": {
          "avg": 21.7,
          "max": 21.7,
          "min": 21.7
        },
        "memory": {
          "avg_mb": 9253.3125,
          "max_mb": 9253.3125,
          "min_mb": 9253.3125
        },
        "disk": {
          "read_total_mb": 0.0,
          "write_total_mb": 0.0
        },
        "network": {
          "sent_total_mb": 0.0,
          "recv_total_mb": 0.0
        }
      }
    },
    {
      "top_k": 10,
      "num_queries": 10,
      "avg_latency_ms": 7.878017425537109,
      "p50_latency_ms": 7.630109786987305,
      "p95_latency_ms": 12.405157089233398,
      "p99_latency_ms": 12.405157089233398,
      "min_latency_ms": 6.555080413818359,
      "max_latency_ms": 12.405157089233398,
      "queries_per_second": 126.93548972847337,
      "avg_similarity": 0.6292960441112518,
      "avg_top1_similarity": 0.7316957294940949,
      "min_similarity": 0.5739297866821289,
      "recall_at_10": 0.0,
      "precision_at_10": 0.0,
      "mrr": 0.0,
      "resource_metrics": {
        "duration": 0.0,
        "cpu": {
          "avg": 11.4,
          "max": 11.4,
          "min": 11.4
        },
        "memory": {
          "avg_mb": 9253.515625,
          "max_mb": 9253.515625,
          "min_mb": 9253.515625
        },
        "disk": {
          "read_total_mb": 0.0,
          "write_total_mb": 0.0
        },
        "network": {
          "sent_total_mb": 0.0,
          "recv_total_mb": 0.0
        }
      }
    },
    {
      "top_k": 20,
      "num_queries": 10,
      "avg_latency_ms": 7.917070388793945,
      "p50_latency_ms": 7.606029510498047,
      "p95_latency_ms": 12.807846069335938,
      "p99_latency_ms": 12.807846069335938,
      "min_latency_ms": 6.736040115356445,
      "max_latency_ms": 12.807846069335938,
      "queries_per_second": 126.3093481416345,
      "avg_similarity": 0.5740240275859833,
      "avg_top1_similarity": 0.7316957294940949,
      "min_similarity": 0.49384829998016355,
      "recall_at_20": 0.0,
      "precision_at_20": 0.0,
      "mrr": 0.0,
      "resource_metrics": {
        "duration": 0.0,
        "cpu": {
          "avg": 13.3,
          "max": 13.3,
          "min": 13.3
        },
        "memory": {
          "avg_mb": 9250.09375,
          "max_mb": 9250.09375,
          "min_mb": 9250.09375
        },
        "disk": {
          "read_total_mb": 0.0,
          "write_total_mb": 0.0
        },
        "network": {
          "sent_total_mb": 0.0,
          "recv_total_mb": 0.0
        }
      }
    }
  ]
}