{
  "database": "milvus",
  "config": {
    "corpus_path": "Data/test_corpus/corpus_sizes/corpus_50k",
    "test_cases_path": "Data/test_corpus/test_cases.json",
    "output_dir": "results/milvus_scaling_n10/corpus_50k/run_6",
    "milvus_config": {
      "host": "localhost",
      "port": 19530,
      "collection_name": "benchmark_test"
    },
    "embedding_model": "sentence-transformers/all-MiniLM-L6-v2",
    "embedding_type": "sentence-transformers",
    "chunk_size": 512,
    "chunk_overlap": 50,
    "chunk_strategy": "fixed",
    "top_k_values": [
      1,
      3,
      5,
      10,
      20
    ],
    "batch_size": 100
  },
  "timestamp": "2026-01-10 06:29:50",
  "ingestion": {
    "total_time_sec": 841.2914481163025,
    "num_documents": 1,
    "num_chunks": 345046,
    "parsing_time_sec": 0.6311371326446533,
    "embedding_time_sec": 810.599898815155,
    "insertion_time_sec": 28.15750503540039
  },
  "query_results": [
    {
      "top_k": 1,
      "num_queries": 10,
      "avg_latency_ms": 64.82455730438232,
      "p50_latency_ms": 36.389827728271484,
      "p95_latency_ms": 356.3220500946045,
      "p99_latency_ms": 356.3220500946045,
      "min_latency_ms": 11.248111724853516,
      "max_latency_ms": 356.3220500946045,
      "queries_per_second": 15.42625266694104,
      "avg_similarity": 0.6609138965606689,
      "avg_top1_similarity": 0.6609138965606689,
      "min_similarity": 0.6609138965606689,
      "recall_at_1": 0.0,
      "precision_at_1": 0.0,
      "mrr": 0.0,
      "resource_metrics": {
        "duration": 0.509727954864502,
        "cpu": {
          "avg": 26.75,
          "max": 35.2,
          "min": 18.3
        },
        "memory": {
          "avg_mb": 8616.8125,
          "max_mb": 9122.53125,
          "min_mb": 8111.09375
        },
        "disk": {
          "read_total_mb": 35.62890625,
          "write_total_mb": 116.70703125
        },
        "network": {
          "sent_total_mb": 0.0126953125,
          "recv_total_mb": 0.013671875
        }
      }
    },
    {
      "top_k": 3,
      "num_queries": 10,
      "avg_latency_ms": 13.550925254821777,
      "p50_latency_ms": 12.73202896118164,
      "p95_latency_ms": 18.587827682495117,
      "p99_latency_ms": 18.587827682495117,
      "min_latency_ms": 10.90383529663086,
      "max_latency_ms": 18.587827682495117,
      "queries_per_second": 73.79569890581261,
      "avg_similarity": 0.6381453613440196,
      "avg_top1_similarity": 0.6609138965606689,
      "min_similarity": 0.6174291014671326,
      "recall_at_3": 0.0,
      "precision_at_3": 0.0,
      "mrr": 0.0,
      "resource_metrics": {
        "duration": 0.0,
        "cpu": {
          "avg": 24.7,
          "max": 24.7,
          "min": 24.7
        },
        "memory": {
          "avg_mb": 9027.90625,
          "max_mb": 9027.90625,
          "min_mb": 9027.90625
        },
        "disk": {
          "read_total_mb": 0.0,
          "write_total_mb": 0.0
        },
        "network": {
          "sent_total_mb": 0.0,
          "recv_total_mb": 0.0
        }
      }
    },
    {
      "top_k": 5,
      "num_queries": 10,
      "avg_latency_ms": 16.50247573852539,
      "p50_latency_ms": 16.247034072875977,
      "p95_latency_ms": 27.209997177124023,
      "p99_latency_ms": 27.209997177124023,
      "min_latency_ms": 11.86513900756836,
      "max_latency_ms": 27.209997177124023,
      "queries_per_second": 60.59696834854167,
      "avg_similarity": 0.6227200627326965,
      "avg_top1_similarity": 0.6609138965606689,
      "min_similarity": 0.5959627389907837,
      "recall_at_5": 0.0,
      "precision_at_5": 0.0,
      "mrr": 0.0,
      "resource_metrics": {
        "duration": 0.0,
        "cpu": {
          "avg": 28.5,
          "max": 28.5,
          "min": 28.5
        },
        "memory": {
          "avg_mb": 9190.5625,
          "max_mb": 9190.5625,
          "min_mb": 9190.5625
        },
        "disk": {
          "read_total_mb": 0.0,
          "write_total_mb": 0.0
        },
        "network": {
          "sent_total_mb": 0.0,
          "recv_total_mb": 0.0
        }
      }
    },
    {
      "top_k": 10,
      "num_queries": 10,
      "avg_latency_ms": 12.821769714355469,
      "p50_latency_ms": 12.029170989990234,
      "p95_latency_ms": 18.465042114257812,
      "p99_latency_ms": 18.465042114257812,
      "min_latency_ms": 10.055303573608398,
      "max_latency_ms": 18.465042114257812,
      "queries_per_second": 77.9923538074766,
      "avg_similarity": 0.5995994764566421,
      "avg_top1_similarity": 0.6609138965606689,
      "min_similarity": 0.5663065493106842,
      "recall_at_10": 0.0,
      "precision_at_10": 0.0,
      "mrr": 0.0,
      "resource_metrics": {
        "duration": 0.0,
        "cpu": {
          "avg": 18.5,
          "max": 18.5,
          "min": 18.5
        },
        "memory": {
          "avg_mb": 9106.125,
          "max_mb": 9106.125,
          "min_mb": 9106.125
        },
        "disk": {
          "read_total_mb": 0.0,
          "write_total_mb": 0.0
        },
        "network": {
          "sent_total_mb": 0.0,
          "recv_total_mb": 0.0
        }
      }
    },
    {
      "top_k": 20,
      "num_queries": 10,
      "avg_latency_ms": 12.27114200592041,
      "p50_latency_ms": 11.794805526733398,
      "p95_latency_ms": 20.393848419189453,
      "p99_latency_ms": 20.393848419189453,
      "min_latency_ms": 8.884906768798828,
      "max_latency_ms": 20.393848419189453,
      "queries_per_second": 81.49200779499853,
      "avg_similarity": 0.5699922524392604,
      "avg_top1_similarity": 0.6609138965606689,
      "min_similarity": 0.5266134023666382,
      "recall_at_20": 0.0,
      "precision_at_20": 0.0,
      "mrr": 0.0,
      "resource_metrics": {
        "duration": 0.0,
        "cpu": {
          "avg": 16.9,
          "max": 16.9,
          "min": 16.9
        },
        "memory": {
          "avg_mb": 9133.828125,
          "max_mb": 9133.828125,
          "min_mb": 9133.828125
        },
        "disk": {
          "read_total_mb": 0.03125,
          "write_total_mb": 0.0
        },
        "network": {
          "sent_total_mb": 0.0,
          "recv_total_mb": 0.0
        }
      }
    }
  ]
}