{
  "database": "milvus",
  "config": {
    "corpus_path": "Data/test_corpus/corpus_sizes/corpus_1k",
    "test_cases_path": "Data/test_corpus/test_cases.json",
    "output_dir": "results/milvus_scaling_n10/corpus_1k/run_4",
    "milvus_config": {
      "host": "localhost",
      "port": 19530,
      "collection_name": "benchmark_test"
    },
    "embedding_model": "sentence-transformers/all-MiniLM-L6-v2",
    "embedding_type": "sentence-transformers",
    "chunk_size": 512,
    "chunk_overlap": 50,
    "chunk_strategy": "fixed",
    "top_k_values": [
      1,
      3,
      5,
      10,
      20
    ],
    "batch_size": 100
  },
  "timestamp": "2026-01-10 05:44:16",
  "ingestion": {
    "total_time_sec": 20.832611083984375,
    "num_documents": 1,
    "num_chunks": 5562,
    "parsing_time_sec": 0.009715080261230469,
    "embedding_time_sec": 13.369085311889648,
    "insertion_time_sec": 7.3589417934417725
  },
  "query_results": [
    {
      "top_k": 1,
      "num_queries": 10,
      "avg_latency_ms": 26.982975006103516,
      "p50_latency_ms": 27.90093421936035,
      "p95_latency_ms": 64.68486785888672,
      "p99_latency_ms": 64.68486785888672,
      "min_latency_ms": 10.43081283569336,
      "max_latency_ms": 64.68486785888672,
      "queries_per_second": 37.06040567334778,
      "avg_similarity": 0.5281620055437088,
      "avg_top1_similarity": 0.5281620055437088,
      "min_similarity": 0.5281620055437088,
      "recall_at_1": 0.0,
      "precision_at_1": 0.0,
      "mrr": 0.0,
      "resource_metrics": {
        "duration": 0.0,
        "cpu": {
          "avg": 0.0,
          "max": 0.0,
          "min": 0.0
        },
        "memory": {
          "avg_mb": 9993.625,
          "max_mb": 9993.625,
          "min_mb": 9993.625
        },
        "disk": {
          "read_total_mb": 0.0,
          "write_total_mb": 0.0
        },
        "network": {
          "sent_total_mb": 0.0,
          "recv_total_mb": 0.0
        }
      }
    },
    {
      "top_k": 3,
      "num_queries": 10,
      "avg_latency_ms": 12.365508079528809,
      "p50_latency_ms": 11.592864990234375,
      "p95_latency_ms": 15.739917755126953,
      "p99_latency_ms": 15.739917755126953,
      "min_latency_ms": 9.6588134765625,
      "max_latency_ms": 15.739917755126953,
      "queries_per_second": 80.87011011342975,
      "avg_similarity": 0.5003335307041804,
      "avg_top1_similarity": 0.5281620055437088,
      "min_similarity": 0.476975554227829,
      "recall_at_3": 0.0,
      "precision_at_3": 0.0,
      "mrr": 0.0,
      "resource_metrics": {
        "duration": 0.0,
        "cpu": {
          "avg": 13.4,
          "max": 13.4,
          "min": 13.4
        },
        "memory": {
          "avg_mb": 11063.015625,
          "max_mb": 11063.015625,
          "min_mb": 11063.015625
        },
        "disk": {
          "read_total_mb": 0.0,
          "write_total_mb": 0.0
        },
        "network": {
          "sent_total_mb": 0.0,
          "recv_total_mb": 0.0009765625
        }
      }
    },
    {
      "top_k": 5,
      "num_queries": 10,
      "avg_latency_ms": 12.484884262084961,
      "p50_latency_ms": 12.012243270874023,
      "p95_latency_ms": 15.820026397705078,
      "p99_latency_ms": 15.820026397705078,
      "min_latency_ms": 10.42795181274414,
      "max_latency_ms": 15.820026397705078,
      "queries_per_second": 80.09685784888495,
      "avg_similarity": 0.4823250257968903,
      "avg_top1_similarity": 0.5281620055437088,
      "min_similarity": 0.4517365336418152,
      "recall_at_5": 0.0,
      "precision_at_5": 0.0,
      "mrr": 0.0,
      "resource_metrics": {
        "duration": 0.0,
        "cpu": {
          "avg": 11.2,
          "max": 11.2,
          "min": 11.2
        },
        "memory": {
          "avg_mb": 11074.671875,
          "max_mb": 11074.671875,
          "min_mb": 11074.671875
        },
        "disk": {
          "read_total_mb": 0.0,
          "write_total_mb": 0.0
        },
        "network": {
          "sent_total_mb": 0.0,
          "recv_total_mb": 0.0
        }
      }
    },
    {
      "top_k": 10,
      "num_queries": 10,
      "avg_latency_ms": 11.886787414550781,
      "p50_latency_ms": 11.427879333496094,
      "p95_latency_ms": 15.805959701538086,
      "p99_latency_ms": 15.805959701538086,
      "min_latency_ms": 9.049177169799805,
      "max_latency_ms": 15.805959701538086,
      "queries_per_second": 84.12701978466328,
      "avg_similarity": 0.4576154735684394,
      "avg_top1_similarity": 0.5281620055437088,
      "min_similarity": 0.42120504677295684,
      "recall_at_10": 0.0,
      "precision_at_10": 0.0,
      "mrr": 0.0,
      "resource_metrics": {
        "duration": 0.0,
        "cpu": {
          "avg": 10.7,
          "max": 10.7,
          "min": 10.7
        },
        "memory": {
          "avg_mb": 11077.484375,
          "max_mb": 11077.484375,
          "min_mb": 11077.484375
        },
        "disk": {
          "read_total_mb": 0.0,
          "write_total_mb": 0.0
        },
        "network": {
          "sent_total_mb": 0.0,
          "recv_total_mb": 0.0009765625
        }
      }
    },
    {
      "top_k": 20,
      "num_queries": 10,
      "avg_latency_ms": 12.374520301818848,
      "p50_latency_ms": 12.035131454467773,
      "p95_latency_ms": 16.679048538208008,
      "p99_latency_ms": 16.679048538208008,
      "min_latency_ms": 10.176897048950195,
      "max_latency_ms": 16.679048538208008,
      "queries_per_second": 80.8112133326911,
      "avg_similarity": 0.4268869496881962,
      "avg_top1_similarity": 0.5281620055437088,
      "min_similarity": 0.3815583735704422,
      "recall_at_20": 0.0,
      "precision_at_20": 0.0,
      "mrr": 0.0,
      "resource_metrics": {
        "duration": 0.0,
        "cpu": {
          "avg": 11.8,
          "max": 11.8,
          "min": 11.8
        },
        "memory": {
          "avg_mb": 11081.625,
          "max_mb": 11081.625,
          "min_mb": 11081.625
        },
        "disk": {
          "read_total_mb": 0.0,
          "write_total_mb": 0.0
        },
        "network": {
          "sent_total_mb": 0.0,
          "recv_total_mb": 0.0
        }
      }
    }
  ]
}