{
  "database": "pgvector",
  "config": {
    "corpus_path": "Data/test_corpus/corpus_sizes/corpus_10k",
    "test_cases_path": "Data/test_corpus/test_cases.json",
    "output_dir": "results/pgvector_ivfflat_scaling_n3/corpus_10k/run_1",
    "pgvector_config": {
      "host": "localhost",
      "port": 5433,
      "database": "vectordb",
      "user": "postgres",
      "password": "postgres",
      "table_name": "benchmark_test",
      "index_type": "ivfflat"
    },
    "embedding_model": "sentence-transformers/all-MiniLM-L6-v2",
    "embedding_type": "sentence-transformers",
    "chunk_size": 512,
    "chunk_overlap": 50,
    "chunk_strategy": "fixed",
    "top_k_values": [
      1,
      3,
      5,
      10,
      20
    ],
    "batch_size": 100
  },
  "timestamp": "2026-01-05 13:28:07",
  "ingestion": {
    "total_time_sec": 199.36711478233337,
    "num_documents": 1,
    "num_chunks": 69903,
    "parsing_time_sec": 0.13203811645507812,
    "embedding_time_sec": 167.9382119178772,
    "insertion_time_sec": 30.530691862106323
  },
  "query_results": [
    {
      "top_k": 1,
      "num_queries": 10,
      "avg_latency_ms": 44.44019794464111,
      "p50_latency_ms": 35.48097610473633,
      "p95_latency_ms": 173.54083061218262,
      "p99_latency_ms": 173.54083061218262,
      "min_latency_ms": 12.970924377441406,
      "max_latency_ms": 173.54083061218262,
      "queries_per_second": 22.502149995949477,
      "avg_similarity": 0.5972839128151974,
      "avg_top1_similarity": 0.5972839128151974,
      "min_similarity": 0.5972839128151974,
      "recall_at_1": 0.0,
      "precision_at_1": 0.0,
      "mrr": 0.0,
      "resource_metrics": {
        "duration": 0.0,
        "cpu": {
          "avg": 6.7,
          "max": 6.7,
          "min": 6.7
        },
        "memory": {
          "avg_mb": 8469.875,
          "max_mb": 8469.875,
          "min_mb": 8469.875
        },
        "disk": {
          "read_total_mb": 0.0,
          "write_total_mb": 0.0
        },
        "network": {
          "sent_total_mb": 0.0,
          "recv_total_mb": 0.0
        }
      }
    },
    {
      "top_k": 3,
      "num_queries": 10,
      "avg_latency_ms": 14.203381538391113,
      "p50_latency_ms": 14.278888702392578,
      "p95_latency_ms": 16.448974609375,
      "p99_latency_ms": 16.448974609375,
      "min_latency_ms": 12.002944946289062,
      "max_latency_ms": 16.448974609375,
      "queries_per_second": 70.40576902739986,
      "avg_similarity": 0.570672856956934,
      "avg_top1_similarity": 0.5972839128151974,
      "min_similarity": 0.5505419429834566,
      "recall_at_3": 0.0,
      "precision_at_3": 0.0,
      "mrr": 0.0,
      "resource_metrics": {
        "duration": 0.0,
        "cpu": {
          "avg": 11.8,
          "max": 11.8,
          "min": 11.8
        },
        "memory": {
          "avg_mb": 9848.9375,
          "max_mb": 9848.9375,
          "min_mb": 9848.9375
        },
        "disk": {
          "read_total_mb": 0.0,
          "write_total_mb": 0.0
        },
        "network": {
          "sent_total_mb": 0.0,
          "recv_total_mb": 0.0
        }
      }
    },
    {
      "top_k": 5,
      "num_queries": 10,
      "avg_latency_ms": 17.070508003234863,
      "p50_latency_ms": 16.84880256652832,
      "p95_latency_ms": 22.023916244506836,
      "p99_latency_ms": 22.023916244506836,
      "min_latency_ms": 13.850927352905273,
      "max_latency_ms": 22.023916244506836,
      "queries_per_second": 58.580564785213184,
      "avg_similarity": 0.5560518949006095,
      "avg_top1_similarity": 0.5972839128151974,
      "min_similarity": 0.5299821839576263,
      "recall_at_5": 0.0,
      "precision_at_5": 0.0,
      "mrr": 0.0,
      "resource_metrics": {
        "duration": 0.0,
        "cpu": {
          "avg": 7.2,
          "max": 7.2,
          "min": 7.2
        },
        "memory": {
          "avg_mb": 9905.296875,
          "max_mb": 9905.296875,
          "min_mb": 9905.296875
        },
        "disk": {
          "read_total_mb": 0.0,
          "write_total_mb": 0.0
        },
        "network": {
          "sent_total_mb": 0.0,
          "recv_total_mb": 0.0
        }
      }
    },
    {
      "top_k": 10,
      "num_queries": 10,
      "avg_latency_ms": 13.495087623596191,
      "p50_latency_ms": 12.312173843383789,
      "p95_latency_ms": 19.517898559570312,
      "p99_latency_ms": 19.517898559570312,
      "min_latency_ms": 10.305166244506836,
      "max_latency_ms": 19.517898559570312,
      "queries_per_second": 74.10103794002032,
      "avg_similarity": 0.5319314369218939,
      "avg_top1_similarity": 0.5972839128151974,
      "min_similarity": 0.49561807908199584,
      "recall_at_10": 0.0,
      "precision_at_10": 0.0,
      "mrr": 0.0,
      "resource_metrics": {
        "duration": 0.0,
        "cpu": {
          "avg": 14.2,
          "max": 14.2,
          "min": 14.2
        },
        "memory": {
          "avg_mb": 9998.734375,
          "max_mb": 9998.734375,
          "min_mb": 9998.734375
        },
        "disk": {
          "read_total_mb": 0.0,
          "write_total_mb": 0.0
        },
        "network": {
          "sent_total_mb": 0.0,
          "recv_total_mb": 0.0
        }
      }
    },
    {
      "top_k": 20,
      "num_queries": 10,
      "avg_latency_ms": 14.078664779663086,
      "p50_latency_ms": 14.241218566894531,
      "p95_latency_ms": 16.0830020904541,
      "p99_latency_ms": 16.0830020904541,
      "min_latency_ms": 11.983871459960938,
      "max_latency_ms": 16.0830020904541,
      "queries_per_second": 71.02946306701756,
      "avg_similarity": 0.5037875273879951,
      "avg_top1_similarity": 0.5972839128151974,
      "min_similarity": 0.4634091860159863,
      "recall_at_20": 0.0,
      "precision_at_20": 0.0,
      "mrr": 0.0,
      "resource_metrics": {
        "duration": 0.0,
        "cpu": {
          "avg": 11.1,
          "max": 11.1,
          "min": 11.1
        },
        "memory": {
          "avg_mb": 9815.390625,
          "max_mb": 9815.390625,
          "min_mb": 9815.390625
        },
        "disk": {
          "read_total_mb": 0.0,
          "write_total_mb": 0.0
        },
        "network": {
          "sent_total_mb": 0.0,
          "recv_total_mb": 0.0
        }
      }
    }
  ]
}