{
  "database": "chroma",
  "config": {
    "corpus_path": "Data/test_corpus/documents",
    "test_cases_path": "Data/test_corpus/test_cases.json",
    "output_dir": "results/chroma_scaling_n10/corpus_baseline/run_10",
    "chroma_config": {
      "persist_directory": "./vector_stores/chroma_db",
      "collection_name": "benchmark_test"
    },
    "embedding_model": "sentence-transformers/all-MiniLM-L6-v2",
    "embedding_type": "sentence-transformers",
    "chunk_size": 512,
    "chunk_overlap": 50,
    "chunk_strategy": "fixed",
    "top_k_values": [
      1,
      3,
      5,
      10,
      20
    ],
    "batch_size": 100
  },
  "timestamp": "2026-01-22 15:48:54",
  "ingestion": {
    "total_time_sec": 0.511336088180542,
    "num_documents": 20,
    "num_chunks": 175,
    "parsing_time_sec": 0.0001342296600341797,
    "embedding_time_sec": 0.29347920417785645,
    "insertion_time_sec": 0.16490888595581055
  },
  "query_results": [
    {
      "top_k": 1,
      "num_queries": 10,
      "avg_latency_ms": 17.55962371826172,
      "p50_latency_ms": 19.752979278564453,
      "p95_latency_ms": 37.467002868652344,
      "p99_latency_ms": 37.467002868652344,
      "min_latency_ms": 4.5452117919921875,
      "max_latency_ms": 37.467002868652344,
      "queries_per_second": 56.94882851960071,
      "avg_similarity": 0.7316957294940949,
      "avg_top1_similarity": 0.7316957294940949,
      "min_similarity": 0.7316957294940949,
      "recall_at_1": 0.0,
      "precision_at_1": 0.0,
      "mrr": 0.0,
      "resource_metrics": {
        "duration": 0.0,
        "cpu": {
          "avg": 18.9,
          "max": 18.9,
          "min": 18.9
        },
        "memory": {
          "avg_mb": 9441.265625,
          "max_mb": 9441.265625,
          "min_mb": 9441.265625
        },
        "disk": {
          "read_total_mb": 0.0,
          "write_total_mb": 0.0
        },
        "network": {
          "sent_total_mb": 0.0,
          "recv_total_mb": 0.0
        }
      }
    },
    {
      "top_k": 3,
      "num_queries": 10,
      "avg_latency_ms": 6.416845321655273,
      "p50_latency_ms": 6.579875946044922,
      "p95_latency_ms": 11.715173721313477,
      "p99_latency_ms": 11.715173721313477,
      "min_latency_ms": 4.474163055419922,
      "max_latency_ms": 11.715173721313477,
      "queries_per_second": 155.8398168996292,
      "avg_similarity": 0.6881674349308013,
      "avg_top1_similarity": 0.7316957294940949,
      "min_similarity": 0.6527655184268951,
      "recall_at_3": 0.0,
      "precision_at_3": 0.0,
      "mrr": 0.0,
      "resource_metrics": {
        "duration": 0.0,
        "cpu": {
          "avg": 13.7,
          "max": 13.7,
          "min": 13.7
        },
        "memory": {
          "avg_mb": 9559.546875,
          "max_mb": 9559.546875,
          "min_mb": 9559.546875
        },
        "disk": {
          "read_total_mb": 0.0,
          "write_total_mb": 0.0
        },
        "network": {
          "sent_total_mb": 0.0,
          "recv_total_mb": 0.0
        }
      }
    },
    {
      "top_k": 5,
      "num_queries": 10,
      "avg_latency_ms": 7.719230651855469,
      "p50_latency_ms": 7.686138153076172,
      "p95_latency_ms": 12.742757797241211,
      "p99_latency_ms": 12.742757797241211,
      "min_latency_ms": 5.986928939819336,
      "max_latency_ms": 12.742757797241211,
      "queries_per_second": 129.54658891551975,
      "avg_similarity": 0.6663785541057587,
      "avg_top1_similarity": 0.7316957294940949,
      "min_similarity": 0.6243873357772827,
      "recall_at_5": 0.0,
      "precision_at_5": 0.0,
      "mrr": 0.0,
      "resource_metrics": {
        "duration": 0.0,
        "cpu": {
          "avg": 15.0,
          "max": 15.0,
          "min": 15.0
        },
        "memory": {
          "avg_mb": 9617.546875,
          "max_mb": 9617.546875,
          "min_mb": 9617.546875
        },
        "disk": {
          "read_total_mb": 0.0,
          "write_total_mb": 0.0
        },
        "network": {
          "sent_total_mb": 0.0,
          "recv_total_mb": 0.0
        }
      }
    },
    {
      "top_k": 10,
      "num_queries": 10,
      "avg_latency_ms": 7.429671287536621,
      "p50_latency_ms": 7.505893707275391,
      "p95_latency_ms": 12.063980102539062,
      "p99_latency_ms": 12.063980102539062,
      "min_latency_ms": 5.51915168762207,
      "max_latency_ms": 12.063980102539062,
      "queries_per_second": 134.59545668965384,
      "avg_similarity": 0.6292960441112518,
      "avg_top1_similarity": 0.7316957294940949,
      "min_similarity": 0.5739297866821289,
      "recall_at_10": 0.0,
      "precision_at_10": 0.0,
      "mrr": 0.0,
      "resource_metrics": {
        "duration": 0.0,
        "cpu": {
          "avg": 12.6,
          "max": 12.6,
          "min": 12.6
        },
        "memory": {
          "avg_mb": 9628.21875,
          "max_mb": 9628.21875,
          "min_mb": 9628.21875
        },
        "disk": {
          "read_total_mb": 0.0,
          "write_total_mb": 0.0
        },
        "network": {
          "sent_total_mb": 0.0,
          "recv_total_mb": 0.0
        }
      }
    },
    {
      "top_k": 20,
      "num_queries": 10,
      "avg_latency_ms": 7.9174041748046875,
      "p50_latency_ms": 7.438898086547852,
      "p95_latency_ms": 12.694835662841797,
      "p99_latency_ms": 12.694835662841797,
      "min_latency_ms": 6.524085998535156,
      "max_latency_ms": 12.694835662841797,
      "queries_per_second": 126.30402312695736,
      "avg_similarity": 0.5740240275859833,
      "avg_top1_similarity": 0.7316957294940949,
      "min_similarity": 0.49384829998016355,
      "recall_at_20": 0.0,
      "precision_at_20": 0.0,
      "mrr": 0.0,
      "resource_metrics": {
        "duration": 0.0,
        "cpu": {
          "avg": 12.4,
          "max": 12.4,
          "min": 12.4
        },
        "memory": {
          "avg_mb": 9577.296875,
          "max_mb": 9577.296875,
          "min_mb": 9577.296875
        },
        "disk": {
          "read_total_mb": 0.0,
          "write_total_mb": 0.0
        },
        "network": {
          "sent_total_mb": 0.0,
          "recv_total_mb": 0.0
        }
      }
    }
  ]
}