{
  "database": "faiss",
  "config": {
    "corpus_path": "Data/test_corpus/corpus_sizes/corpus_1k",
    "test_cases_path": "Data/test_corpus/test_cases.json",
    "output_dir": "results/faiss_scaling_n10/corpus_1k/run_4",
    "faiss_config": {
      "index_path": "./vector_stores/faiss_index.index",
      "index_type": "Flat"
    },
    "embedding_model": "sentence-transformers/all-MiniLM-L6-v2",
    "embedding_type": "sentence-transformers",
    "chunk_size": 512,
    "chunk_overlap": 50,
    "chunk_strategy": "fixed",
    "top_k_values": [
      1,
      3,
      5,
      10,
      20
    ],
    "batch_size": 100
  },
  "timestamp": "2026-01-07 21:24:23",
  "ingestion": {
    "total_time_sec": 13.25621485710144,
    "num_documents": 1,
    "num_chunks": 5562,
    "parsing_time_sec": 0.005818843841552734,
    "embedding_time_sec": 13.004419803619385,
    "insertion_time_sec": 0.0016777515411376953
  },
  "query_results": [
    {
      "top_k": 1,
      "num_queries": 10,
      "avg_latency_ms": 20.206165313720703,
      "p50_latency_ms": 20.933866500854492,
      "p95_latency_ms": 54.042816162109375,
      "p99_latency_ms": 54.042816162109375,
      "min_latency_ms": 5.810976028442383,
      "max_latency_ms": 54.042816162109375,
      "queries_per_second": 49.489845523582076,
      "avg_similarity": 0.5210750799192773,
      "avg_top1_similarity": 0.5210750799192773,
      "min_similarity": 0.5210750799192773,
      "recall_at_1": 0.0,
      "precision_at_1": 0.0,
      "mrr": 0.0,
      "resource_metrics": {
        "duration": 0.0,
        "cpu": {
          "avg": 0.0,
          "max": 0.0,
          "min": 0.0
        },
        "memory": {
          "avg_mb": 11850.9375,
          "max_mb": 11850.9375,
          "min_mb": 11850.9375
        },
        "disk": {
          "read_total_mb": 0.0,
          "write_total_mb": 0.0
        },
        "network": {
          "sent_total_mb": 0.0,
          "recv_total_mb": 0.0
        }
      }
    },
    {
      "top_k": 3,
      "num_queries": 10,
      "avg_latency_ms": 8.570599555969238,
      "p50_latency_ms": 8.471965789794922,
      "p95_latency_ms": 12.768030166625977,
      "p99_latency_ms": 12.768030166625977,
      "min_latency_ms": 5.928993225097656,
      "max_latency_ms": 12.768030166625977,
      "queries_per_second": 116.677951579656,
      "avg_similarity": 0.5059781398986011,
      "avg_top1_similarity": 0.5210750799192773,
      "min_similarity": 0.493759919746614,
      "recall_at_3": 0.0,
      "precision_at_3": 0.0,
      "mrr": 0.0,
      "resource_metrics": {
        "duration": 0.0,
        "cpu": {
          "avg": 15.1,
          "max": 15.1,
          "min": 15.1
        },
        "memory": {
          "avg_mb": 11906.09375,
          "max_mb": 11906.09375,
          "min_mb": 11906.09375
        },
        "disk": {
          "read_total_mb": 0.00390625,
          "write_total_mb": 0.0
        },
        "network": {
          "sent_total_mb": 0.0,
          "recv_total_mb": 0.0
        }
      }
    },
    {
      "top_k": 5,
      "num_queries": 10,
      "avg_latency_ms": 9.266829490661621,
      "p50_latency_ms": 9.171009063720703,
      "p95_latency_ms": 13.119935989379883,
      "p99_latency_ms": 13.119935989379883,
      "min_latency_ms": 7.262945175170898,
      "max_latency_ms": 13.119935989379883,
      "queries_per_second": 107.91177295403148,
      "avg_similarity": 0.49715507483102944,
      "avg_top1_similarity": 0.5210750799192773,
      "min_similarity": 0.4819666974851036,
      "recall_at_5": 0.0,
      "precision_at_5": 0.0,
      "mrr": 0.0,
      "resource_metrics": {
        "duration": 0.0,
        "cpu": {
          "avg": 13.4,
          "max": 13.4,
          "min": 13.4
        },
        "memory": {
          "avg_mb": 11085.65625,
          "max_mb": 11085.65625,
          "min_mb": 11085.65625
        },
        "disk": {
          "read_total_mb": 0.0,
          "write_total_mb": 0.0
        },
        "network": {
          "sent_total_mb": 0.0,
          "recv_total_mb": 0.0
        }
      }
    },
    {
      "top_k": 10,
      "num_queries": 10,
      "avg_latency_ms": 9.867143630981445,
      "p50_latency_ms": 9.379148483276367,
      "p95_latency_ms": 14.525175094604492,
      "p99_latency_ms": 14.525175094604492,
      "min_latency_ms": 7.813215255737305,
      "max_latency_ms": 14.525175094604492,
      "queries_per_second": 101.34645216475217,
      "avg_similarity": 0.4847373656715314,
      "avg_top1_similarity": 0.5210750799192773,
      "min_similarity": 0.46673530390332774,
      "recall_at_10": 0.0,
      "precision_at_10": 0.0,
      "mrr": 0.0,
      "resource_metrics": {
        "duration": 0.0,
        "cpu": {
          "avg": 13.8,
          "max": 13.8,
          "min": 13.8
        },
        "memory": {
          "avg_mb": 11049.453125,
          "max_mb": 11049.453125,
          "min_mb": 11049.453125
        },
        "disk": {
          "read_total_mb": 0.0,
          "write_total_mb": 0.0
        },
        "network": {
          "sent_total_mb": 0.0,
          "recv_total_mb": 0.0
        }
      }
    },
    {
      "top_k": 20,
      "num_queries": 10,
      "avg_latency_ms": 9.783768653869629,
      "p50_latency_ms": 9.21487808227539,
      "p95_latency_ms": 15.047788619995117,
      "p99_latency_ms": 15.047788619995117,
      "min_latency_ms": 7.166862487792969,
      "max_latency_ms": 15.047788619995117,
      "queries_per_second": 102.21010281191438,
      "avg_similarity": 0.4701479685882138,
      "avg_top1_similarity": 0.5210750799192773,
      "min_similarity": 0.44928775157628353,
      "recall_at_20": 0.0,
      "precision_at_20": 0.0,
      "mrr": 0.0,
      "resource_metrics": {
        "duration": 0.0,
        "cpu": {
          "avg": 16.1,
          "max": 16.1,
          "min": 16.1
        },
        "memory": {
          "avg_mb": 10948.078125,
          "max_mb": 10948.078125,
          "min_mb": 10948.078125
        },
        "disk": {
          "read_total_mb": 0.0,
          "write_total_mb": 0.00390625
        },
        "network": {
          "sent_total_mb": 0.0,
          "recv_total_mb": 0.0
        }
      }
    }
  ]
}