{
  "database": "weaviate",
  "config": {
    "corpus_path": "Data/test_corpus/corpus_sizes/corpus_10k",
    "test_cases_path": "Data/test_corpus/test_cases.json",
    "output_dir": "results/weaviate_scaling_n10/corpus_10k/run_6",
    "weaviate_config": {
      "host": "localhost",
      "port": 8082,
      "class_name": "BenchmarkTest"
    },
    "embedding_model": "sentence-transformers/all-MiniLM-L6-v2",
    "embedding_type": "sentence-transformers",
    "chunk_size": 512,
    "chunk_overlap": 50,
    "chunk_strategy": "fixed",
    "top_k_values": [
      1,
      3,
      5,
      10,
      20
    ],
    "batch_size": 100
  },
  "timestamp": "2026-01-10 03:13:16",
  "ingestion": {
    "total_time_sec": 183.71816396713257,
    "num_documents": 1,
    "num_chunks": 69903,
    "parsing_time_sec": 0.15698885917663574,
    "embedding_time_sec": 166.82130527496338,
    "insertion_time_sec": 16.616993188858032
  },
  "query_results": [
    {
      "top_k": 1,
      "num_queries": 10,
      "avg_latency_ms": 49.40779209136963,
      "p50_latency_ms": 34.26313400268555,
      "p95_latency_ms": 244.43888664245605,
      "p99_latency_ms": 244.43888664245605,
      "min_latency_ms": 8.888006210327148,
      "max_latency_ms": 244.43888664245605,
      "queries_per_second": 20.23972247435595,
      "avg_similarity": 0.5972839415073394,
      "avg_top1_similarity": 0.5972839415073394,
      "min_similarity": 0.5972839415073394,
      "recall_at_1": 0.0,
      "precision_at_1": 0.0,
      "mrr": 0.0,
      "resource_metrics": {
        "duration": 0.0,
        "cpu": {
          "avg": 31.5,
          "max": 31.5,
          "min": 31.5
        },
        "memory": {
          "avg_mb": 8932.140625,
          "max_mb": 8932.140625,
          "min_mb": 8932.140625
        },
        "disk": {
          "read_total_mb": 0.0,
          "write_total_mb": 0.0
        },
        "network": {
          "sent_total_mb": 0.0,
          "recv_total_mb": 0.0
        }
      }
    },
    {
      "top_k": 3,
      "num_queries": 10,
      "avg_latency_ms": 9.137511253356934,
      "p50_latency_ms": 8.738040924072266,
      "p95_latency_ms": 12.223958969116211,
      "p99_latency_ms": 12.223958969116211,
      "min_latency_ms": 8.046150207519531,
      "max_latency_ms": 12.223958969116211,
      "queries_per_second": 109.43898970659221,
      "avg_similarity": 0.5706729133923848,
      "avg_top1_similarity": 0.5972839415073394,
      "min_similarity": 0.5505420148372651,
      "recall_at_3": 0.0,
      "precision_at_3": 0.0,
      "mrr": 0.0,
      "resource_metrics": {
        "duration": 0.0,
        "cpu": {
          "avg": 39.4,
          "max": 39.4,
          "min": 39.4
        },
        "memory": {
          "avg_mb": 9682.359375,
          "max_mb": 9682.359375,
          "min_mb": 9682.359375
        },
        "disk": {
          "read_total_mb": 0.0,
          "write_total_mb": 0.0
        },
        "network": {
          "sent_total_mb": 0.0,
          "recv_total_mb": 0.0
        }
      }
    },
    {
      "top_k": 5,
      "num_queries": 10,
      "avg_latency_ms": 10.675716400146484,
      "p50_latency_ms": 9.583711624145508,
      "p95_latency_ms": 14.824867248535156,
      "p99_latency_ms": 14.824867248535156,
      "min_latency_ms": 8.739948272705078,
      "max_latency_ms": 14.824867248535156,
      "queries_per_second": 93.67052875123947,
      "avg_similarity": 0.5560519528388976,
      "avg_top1_similarity": 0.5972839415073394,
      "min_similarity": 0.5299822449684143,
      "recall_at_5": 0.0,
      "precision_at_5": 0.0,
      "mrr": 0.0,
      "resource_metrics": {
        "duration": 0.0,
        "cpu": {
          "avg": 34.5,
          "max": 34.5,
          "min": 34.5
        },
        "memory": {
          "avg_mb": 9711.03125,
          "max_mb": 9711.03125,
          "min_mb": 9711.03125
        },
        "disk": {
          "read_total_mb": 0.0625,
          "write_total_mb": 0.0
        },
        "network": {
          "sent_total_mb": 0.0,
          "recv_total_mb": 0.0
        }
      }
    },
    {
      "top_k": 10,
      "num_queries": 10,
      "avg_latency_ms": 10.08307933807373,
      "p50_latency_ms": 10.452032089233398,
      "p95_latency_ms": 13.571977615356445,
      "p99_latency_ms": 13.571977615356445,
      "min_latency_ms": 7.394075393676758,
      "max_latency_ms": 13.571977615356445,
      "queries_per_second": 99.17605192532778,
      "avg_similarity": 0.5319314944744111,
      "avg_top1_similarity": 0.5972839415073394,
      "min_similarity": 0.4956180989742279,
      "recall_at_10": 0.0,
      "precision_at_10": 0.0,
      "mrr": 0.0,
      "resource_metrics": {
        "duration": 0.0,
        "cpu": {
          "avg": 24.8,
          "max": 24.8,
          "min": 24.8
        },
        "memory": {
          "avg_mb": 9561.640625,
          "max_mb": 9561.640625,
          "min_mb": 9561.640625
        },
        "disk": {
          "read_total_mb": 0.0,
          "write_total_mb": 0.0
        },
        "network": {
          "sent_total_mb": 0.0,
          "recv_total_mb": 0.0
        }
      }
    },
    {
      "top_k": 20,
      "num_queries": 10,
      "avg_latency_ms": 12.57786750793457,
      "p50_latency_ms": 12.079000473022461,
      "p95_latency_ms": 16.73293113708496,
      "p99_latency_ms": 16.73293113708496,
      "min_latency_ms": 11.164188385009766,
      "max_latency_ms": 16.73293113708496,
      "queries_per_second": 79.50473316475659,
      "avg_similarity": 0.5037875854969024,
      "avg_top1_similarity": 0.5972839415073394,
      "min_similarity": 0.4634092628955841,
      "recall_at_20": 0.0,
      "precision_at_20": 0.0,
      "mrr": 0.0,
      "resource_metrics": {
        "duration": 0.0,
        "cpu": {
          "avg": 14.4,
          "max": 14.4,
          "min": 14.4
        },
        "memory": {
          "avg_mb": 9551.578125,
          "max_mb": 9551.578125,
          "min_mb": 9551.578125
        },
        "disk": {
          "read_total_mb": 0.0,
          "write_total_mb": 0.0
        },
        "network": {
          "sent_total_mb": 0.0,
          "recv_total_mb": 0.0
        }
      }
    }
  ]
}