{
  "database": "pgvector",
  "config": {
    "corpus_path": "Data/test_corpus/corpus_sizes/corpus_10k",
    "test_cases_path": "Data/test_corpus/test_cases.json",
    "output_dir": "results/pgvector_scaling_n10/corpus_10k/run_9",
    "pgvector_config": {
      "host": "localhost",
      "port": 5433,
      "database": "vectordb",
      "user": "postgres",
      "password": "postgres",
      "table_name": "benchmark_test",
      "index_type": "ivfflat"
    },
    "embedding_model": "sentence-transformers/all-MiniLM-L6-v2",
    "embedding_type": "sentence-transformers",
    "chunk_size": 512,
    "chunk_overlap": 50,
    "chunk_strategy": "fixed",
    "top_k_values": [
      1,
      3,
      5,
      10,
      20
    ],
    "batch_size": 100
  },
  "timestamp": "2026-01-10 08:23:44",
  "ingestion": {
    "total_time_sec": 201.84369921684265,
    "num_documents": 1,
    "num_chunks": 69903,
    "parsing_time_sec": 0.14718008041381836,
    "embedding_time_sec": 167.7309968471527,
    "insertion_time_sec": 33.173222064971924
  },
  "query_results": [
    {
      "top_k": 1,
      "num_queries": 10,
      "avg_latency_ms": 44.55440044403076,
      "p50_latency_ms": 33.479928970336914,
      "p95_latency_ms": 193.89700889587402,
      "p99_latency_ms": 193.89700889587402,
      "min_latency_ms": 11.337041854858398,
      "max_latency_ms": 193.89700889587402,
      "queries_per_second": 22.444472151660978,
      "avg_similarity": 0.5972839128151974,
      "avg_top1_similarity": 0.5972839128151974,
      "min_similarity": 0.5972839128151974,
      "recall_at_1": 0.0,
      "precision_at_1": 0.0,
      "mrr": 0.0,
      "resource_metrics": {
        "duration": 0.0,
        "cpu": {
          "avg": 14.3,
          "max": 14.3,
          "min": 14.3
        },
        "memory": {
          "avg_mb": 8891.3125,
          "max_mb": 8891.3125,
          "min_mb": 8891.3125
        },
        "disk": {
          "read_total_mb": 0.0,
          "write_total_mb": 0.0
        },
        "network": {
          "sent_total_mb": 0.0,
          "recv_total_mb": 0.0
        }
      }
    },
    {
      "top_k": 3,
      "num_queries": 10,
      "avg_latency_ms": 12.336516380310059,
      "p50_latency_ms": 11.78121566772461,
      "p95_latency_ms": 16.676902770996094,
      "p99_latency_ms": 16.676902770996094,
      "min_latency_ms": 10.576009750366211,
      "max_latency_ms": 16.676902770996094,
      "queries_per_second": 81.06016067842862,
      "avg_similarity": 0.570672856956934,
      "avg_top1_similarity": 0.5972839128151974,
      "min_similarity": 0.5505419429834566,
      "recall_at_3": 0.0,
      "precision_at_3": 0.0,
      "mrr": 0.0,
      "resource_metrics": {
        "duration": 0.0,
        "cpu": {
          "avg": 16.9,
          "max": 16.9,
          "min": 16.9
        },
        "memory": {
          "avg_mb": 10101.75,
          "max_mb": 10101.75,
          "min_mb": 10101.75
        },
        "disk": {
          "read_total_mb": 0.0,
          "write_total_mb": 0.0
        },
        "network": {
          "sent_total_mb": 0.0,
          "recv_total_mb": 0.0
        }
      }
    },
    {
      "top_k": 5,
      "num_queries": 10,
      "avg_latency_ms": 13.264775276184082,
      "p50_latency_ms": 12.537002563476562,
      "p95_latency_ms": 19.791126251220703,
      "p99_latency_ms": 19.791126251220703,
      "min_latency_ms": 11.416196823120117,
      "max_latency_ms": 19.791126251220703,
      "queries_per_second": 75.38763221985567,
      "avg_similarity": 0.5560518949006095,
      "avg_top1_similarity": 0.5972839128151974,
      "min_similarity": 0.5299821839576263,
      "recall_at_5": 0.0,
      "precision_at_5": 0.0,
      "mrr": 0.0,
      "resource_metrics": {
        "duration": 0.0,
        "cpu": {
          "avg": 14.0,
          "max": 14.0,
          "min": 14.0
        },
        "memory": {
          "avg_mb": 10020.90625,
          "max_mb": 10020.90625,
          "min_mb": 10020.90625
        },
        "disk": {
          "read_total_mb": 0.0,
          "write_total_mb": 0.0
        },
        "network": {
          "sent_total_mb": 0.0,
          "recv_total_mb": 0.0
        }
      }
    },
    {
      "top_k": 10,
      "num_queries": 10,
      "avg_latency_ms": 14.328241348266602,
      "p50_latency_ms": 12.977838516235352,
      "p95_latency_ms": 20.678997039794922,
      "p99_latency_ms": 20.678997039794922,
      "min_latency_ms": 9.229898452758789,
      "max_latency_ms": 20.678997039794922,
      "queries_per_second": 69.79223588531873,
      "avg_similarity": 0.5319314369218939,
      "avg_top1_similarity": 0.5972839128151974,
      "min_similarity": 0.49561807908199584,
      "recall_at_10": 0.0,
      "precision_at_10": 0.0,
      "mrr": 0.0,
      "resource_metrics": {
        "duration": 0.0,
        "cpu": {
          "avg": 13.4,
          "max": 13.4,
          "min": 13.4
        },
        "memory": {
          "avg_mb": 10018.65625,
          "max_mb": 10018.65625,
          "min_mb": 10018.65625
        },
        "disk": {
          "read_total_mb": 0.0,
          "write_total_mb": 0.0
        },
        "network": {
          "sent_total_mb": 0.0,
          "recv_total_mb": 0.0
        }
      }
    },
    {
      "top_k": 20,
      "num_queries": 10,
      "avg_latency_ms": 13.753747940063477,
      "p50_latency_ms": 12.813806533813477,
      "p95_latency_ms": 22.14670181274414,
      "p99_latency_ms": 22.14670181274414,
      "min_latency_ms": 9.860754013061523,
      "max_latency_ms": 22.14670181274414,
      "queries_per_second": 72.70745431411365,
      "avg_similarity": 0.5037875273879951,
      "avg_top1_similarity": 0.5972839128151974,
      "min_similarity": 0.4634091860159863,
      "recall_at_20": 0.0,
      "precision_at_20": 0.0,
      "mrr": 0.0,
      "resource_metrics": {
        "duration": 0.0,
        "cpu": {
          "avg": 13.9,
          "max": 13.9,
          "min": 13.9
        },
        "memory": {
          "avg_mb": 10082.125,
          "max_mb": 10082.125,
          "min_mb": 10082.125
        },
        "disk": {
          "read_total_mb": 0.0,
          "write_total_mb": 0.0
        },
        "network": {
          "sent_total_mb": 0.0,
          "recv_total_mb": 0.0
        }
      }
    }
  ]
}