{
  "database": "opensearch",
  "config": {
    "corpus_path": "Data/test_corpus/corpus_sizes/corpus_10k",
    "test_cases_path": "Data/test_corpus/test_cases.json",
    "output_dir": "results/opensearch_scaling_n10/corpus_10k/run_5",
    "opensearch_config": {
      "host": "localhost",
      "port": 9200,
      "index_name": "benchmark_test"
    },
    "embedding_model": "sentence-transformers/all-MiniLM-L6-v2",
    "embedding_type": "sentence-transformers",
    "chunk_size": 512,
    "chunk_overlap": 50,
    "chunk_strategy": "fixed",
    "top_k_values": [
      1,
      3,
      5,
      10,
      20
    ],
    "batch_size": 100
  },
  "timestamp": "2026-01-10 07:36:58",
  "ingestion": {
    "total_time_sec": 249.09477305412292,
    "num_documents": 1,
    "num_chunks": 69903,
    "parsing_time_sec": 0.14388394355773926,
    "embedding_time_sec": 171.25373101234436,
    "insertion_time_sec": 76.83944892883301
  },
  "query_results": [
    {
      "top_k": 1,
      "num_queries": 10,
      "avg_latency_ms": 53.444480895996094,
      "p50_latency_ms": 33.551931381225586,
      "p95_latency_ms": 277.56500244140625,
      "p99_latency_ms": 277.56500244140625,
      "min_latency_ms": 11.872053146362305,
      "max_latency_ms": 277.56500244140625,
      "queries_per_second": 18.711005949258215,
      "avg_similarity": 0.5972839416807366,
      "avg_top1_similarity": 0.5972839416807366,
      "min_similarity": 0.5972839416807366,
      "recall_at_1": 0.0,
      "precision_at_1": 0.0,
      "mrr": 0.0,
      "resource_metrics": {
        "duration": 0.505547046661377,
        "cpu": {
          "avg": 14.850000000000001,
          "max": 19.3,
          "min": 10.4
        },
        "memory": {
          "avg_mb": 8822.2890625,
          "max_mb": 9415.8125,
          "min_mb": 8228.765625
        },
        "disk": {
          "read_total_mb": 0.98828125,
          "write_total_mb": 0.0
        },
        "network": {
          "sent_total_mb": 0.083984375,
          "recv_total_mb": 0.0849609375
        }
      }
    },
    {
      "top_k": 3,
      "num_queries": 10,
      "avg_latency_ms": 15.107560157775879,
      "p50_latency_ms": 14.246940612792969,
      "p95_latency_ms": 20.585060119628906,
      "p99_latency_ms": 20.585060119628906,
      "min_latency_ms": 11.935949325561523,
      "max_latency_ms": 20.585060119628906,
      "queries_per_second": 66.1920250230014,
      "avg_similarity": 0.5706728865666808,
      "avg_top1_similarity": 0.5972839416807366,
      "min_similarity": 0.5505419497576528,
      "recall_at_3": 0.0,
      "precision_at_3": 0.0,
      "mrr": 0.0,
      "resource_metrics": {
        "duration": 0.0,
        "cpu": {
          "avg": 9.8,
          "max": 9.8,
          "min": 9.8
        },
        "memory": {
          "avg_mb": 9426.578125,
          "max_mb": 9426.578125,
          "min_mb": 9426.578125
        },
        "disk": {
          "read_total_mb": 0.0,
          "write_total_mb": 0.0
        },
        "network": {
          "sent_total_mb": 0.0009765625,
          "recv_total_mb": 0.0
        }
      }
    },
    {
      "top_k": 5,
      "num_queries": 10,
      "avg_latency_ms": 15.061330795288086,
      "p50_latency_ms": 15.321731567382812,
      "p95_latency_ms": 17.147064208984375,
      "p99_latency_ms": 17.147064208984375,
      "min_latency_ms": 12.586116790771484,
      "max_latency_ms": 17.147064208984375,
      "queries_per_second": 66.39519532449606,
      "avg_similarity": 0.5560519406742831,
      "avg_top1_similarity": 0.5972839416807366,
      "min_similarity": 0.5299822483351335,
      "recall_at_5": 0.0,
      "precision_at_5": 0.0,
      "mrr": 0.0,
      "resource_metrics": {
        "duration": 0.0,
        "cpu": {
          "avg": 14.1,
          "max": 14.1,
          "min": 14.1
        },
        "memory": {
          "avg_mb": 9623.9375,
          "max_mb": 9623.9375,
          "min_mb": 9623.9375
        },
        "disk": {
          "read_total_mb": 0.0,
          "write_total_mb": 0.0
        },
        "network": {
          "sent_total_mb": 0.0,
          "recv_total_mb": 0.0
        }
      }
    },
    {
      "top_k": 10,
      "num_queries": 10,
      "avg_latency_ms": 23.032045364379883,
      "p50_latency_ms": 22.12977409362793,
      "p95_latency_ms": 29.752016067504883,
      "p99_latency_ms": 29.752016067504883,
      "min_latency_ms": 18.886804580688477,
      "max_latency_ms": 29.752016067504883,
      "queries_per_second": 43.41776790464932,
      "avg_similarity": 0.53193146756994,
      "avg_top1_similarity": 0.5972839416807366,
      "min_similarity": 0.495618100346762,
      "recall_at_10": 0.0,
      "precision_at_10": 0.0,
      "mrr": 0.0,
      "resource_metrics": {
        "duration": 0.0,
        "cpu": {
          "avg": 13.1,
          "max": 13.1,
          "min": 13.1
        },
        "memory": {
          "avg_mb": 9623.9375,
          "max_mb": 9623.9375,
          "min_mb": 9623.9375
        },
        "disk": {
          "read_total_mb": 0.5625,
          "write_total_mb": 0.0
        },
        "network": {
          "sent_total_mb": 0.0,
          "recv_total_mb": 0.0
        }
      }
    },
    {
      "top_k": 20,
      "num_queries": 10,
      "avg_latency_ms": 23.833131790161133,
      "p50_latency_ms": 22.505998611450195,
      "p95_latency_ms": 37.99915313720703,
      "p99_latency_ms": 37.99915313720703,
      "min_latency_ms": 17.251968383789062,
      "max_latency_ms": 37.99915313720703,
      "queries_per_second": 41.958396773219,
      "avg_similarity": 0.5037875649668875,
      "avg_top1_similarity": 0.5972839416807366,
      "min_similarity": 0.4634092017181498,
      "recall_at_20": 0.0,
      "precision_at_20": 0.0,
      "mrr": 0.0,
      "resource_metrics": {
        "duration": 0.0,
        "cpu": {
          "avg": 69.3,
          "max": 69.3,
          "min": 69.3
        },
        "memory": {
          "avg_mb": 9585.6875,
          "max_mb": 9585.6875,
          "min_mb": 9585.6875
        },
        "disk": {
          "read_total_mb": 0.4375,
          "write_total_mb": 0.0
        },
        "network": {
          "sent_total_mb": 0.0,
          "recv_total_mb": 0.0
        }
      }
    }
  ]
}