{
  "database": "qdrant",
  "config": {
    "corpus_path": "Data/test_corpus/corpus_sizes/corpus_10k",
    "test_cases_path": "Data/test_corpus/test_cases.json",
    "output_dir": "results/qdrant_scaling_n10/corpus_10k/run_6",
    "qdrant_config": {
      "host": "localhost",
      "port": 6333,
      "collection_name": "benchmark_test"
    },
    "embedding_model": "sentence-transformers/all-MiniLM-L6-v2",
    "embedding_type": "sentence-transformers",
    "chunk_size": 512,
    "chunk_overlap": 50,
    "chunk_strategy": "fixed",
    "top_k_values": [
      1,
      3,
      5,
      10,
      20
    ],
    "batch_size": 100
  },
  "timestamp": "2026-01-10 01:00:25",
  "ingestion": {
    "total_time_sec": 183.85492992401123,
    "num_documents": 1,
    "num_chunks": 69903,
    "parsing_time_sec": 0.14929676055908203,
    "embedding_time_sec": 167.7198028564453,
    "insertion_time_sec": 15.441563129425049
  },
  "query_results": [
    {
      "top_k": 1,
      "num_queries": 10,
      "avg_latency_ms": 44.860267639160156,
      "p50_latency_ms": 37.29414939880371,
      "p95_latency_ms": 180.87482452392578,
      "p99_latency_ms": 180.87482452392578,
      "min_latency_ms": 11.263132095336914,
      "max_latency_ms": 180.87482452392578,
      "queries_per_second": 22.291440792186975,
      "avg_similarity": 0.597283879,
      "avg_top1_similarity": 0.597283879,
      "min_similarity": 0.597283879,
      "recall_at_1": 0.0,
      "precision_at_1": 0.0,
      "mrr": 0.0,
      "resource_metrics": {
        "duration": 0.0,
        "cpu": {
          "avg": 21.6,
          "max": 21.6,
          "min": 21.6
        },
        "memory": {
          "avg_mb": 8278.90625,
          "max_mb": 8278.90625,
          "min_mb": 8278.90625
        },
        "disk": {
          "read_total_mb": 0.0,
          "write_total_mb": 0.0
        },
        "network": {
          "sent_total_mb": 0.0,
          "recv_total_mb": 0.0
        }
      }
    },
    {
      "top_k": 3,
      "num_queries": 10,
      "avg_latency_ms": 11.82553768157959,
      "p50_latency_ms": 11.703014373779297,
      "p95_latency_ms": 14.688968658447266,
      "p99_latency_ms": 14.688968658447266,
      "min_latency_ms": 10.309934616088867,
      "max_latency_ms": 14.688968658447266,
      "queries_per_second": 84.5627511345789,
      "avg_similarity": 0.5706728316666666,
      "avg_top1_similarity": 0.597283879,
      "min_similarity": 0.550541934,
      "recall_at_3": 0.0,
      "precision_at_3": 0.0,
      "mrr": 0.0,
      "resource_metrics": {
        "duration": 0.0,
        "cpu": {
          "avg": 25.9,
          "max": 25.9,
          "min": 25.9
        },
        "memory": {
          "avg_mb": 9485.375,
          "max_mb": 9485.375,
          "min_mb": 9485.375
        },
        "disk": {
          "read_total_mb": 0.0,
          "write_total_mb": 0.0
        },
        "network": {
          "sent_total_mb": 0.0,
          "recv_total_mb": 0.0
        }
      }
    },
    {
      "top_k": 5,
      "num_queries": 10,
      "avg_latency_ms": 12.70287036895752,
      "p50_latency_ms": 12.836933135986328,
      "p95_latency_ms": 18.44501495361328,
      "p99_latency_ms": 18.44501495361328,
      "min_latency_ms": 9.563922882080078,
      "max_latency_ms": 18.44501495361328,
      "queries_per_second": 78.7223651784826,
      "avg_similarity": 0.5560518772,
      "avg_top1_similarity": 0.597283879,
      "min_similarity": 0.529982182,
      "recall_at_5": 0.0,
      "precision_at_5": 0.0,
      "mrr": 0.0,
      "resource_metrics": {
        "duration": 0.0,
        "cpu": {
          "avg": 0.0,
          "max": 0.0,
          "min": 0.0
        },
        "memory": {
          "avg_mb": 9492.46875,
          "max_mb": 9492.46875,
          "min_mb": 9492.46875
        },
        "disk": {
          "read_total_mb": 0.0,
          "write_total_mb": 0.0
        },
        "network": {
          "sent_total_mb": 0.0,
          "recv_total_mb": 0.0
        }
      }
    },
    {
      "top_k": 10,
      "num_queries": 10,
      "avg_latency_ms": 13.09654712677002,
      "p50_latency_ms": 12.859106063842773,
      "p95_latency_ms": 18.995046615600586,
      "p99_latency_ms": 18.995046615600586,
      "min_latency_ms": 11.117696762084961,
      "max_latency_ms": 18.995046615600586,
      "queries_per_second": 76.3560036336561,
      "avg_similarity": 0.531931425,
      "avg_top1_similarity": 0.597283879,
      "min_similarity": 0.49561808,
      "recall_at_10": 0.0,
      "precision_at_10": 0.0,
      "mrr": 0.0,
      "resource_metrics": {
        "duration": 0.0,
        "cpu": {
          "avg": 21.1,
          "max": 21.1,
          "min": 21.1
        },
        "memory": {
          "avg_mb": 9536.390625,
          "max_mb": 9536.390625,
          "min_mb": 9536.390625
        },
        "disk": {
          "read_total_mb": 0.0,
          "write_total_mb": 0.0
        },
        "network": {
          "sent_total_mb": 0.0,
          "recv_total_mb": 0.0
        }
      }
    },
    {
      "top_k": 20,
      "num_queries": 10,
      "avg_latency_ms": 12.945318222045898,
      "p50_latency_ms": 12.684106826782227,
      "p95_latency_ms": 15.145063400268555,
      "p99_latency_ms": 15.145063400268555,
      "min_latency_ms": 11.930227279663086,
      "max_latency_ms": 15.145063400268555,
      "queries_per_second": 77.24800447910182,
      "avg_similarity": 0.50375262645,
      "avg_top1_similarity": 0.597283879,
      "min_similarity": 0.4632959710000001,
      "recall_at_20": 0.0,
      "precision_at_20": 0.0,
      "mrr": 0.0,
      "resource_metrics": {
        "duration": 0.0,
        "cpu": {
          "avg": 21.0,
          "max": 21.0,
          "min": 21.0
        },
        "memory": {
          "avg_mb": 9571.65625,
          "max_mb": 9571.65625,
          "min_mb": 9571.65625
        },
        "disk": {
          "read_total_mb": 0.0,
          "write_total_mb": 0.0
        },
        "network": {
          "sent_total_mb": 0.0,
          "recv_total_mb": 0.0
        }
      }
    }
  ]
}