{
  "database": "opensearch",
  "config": {
    "corpus_path": "Data/test_corpus/corpus_sizes/corpus_1k",
    "test_cases_path": "Data/test_corpus/test_cases.json",
    "output_dir": "results/opensearch_scaling_experiment/corpus_1k",
    "opensearch_config": {
      "host": "localhost",
      "port": 9200,
      "index_name": "benchmark_test"
    },
    "embedding_model": "sentence-transformers/all-MiniLM-L6-v2",
    "embedding_type": "sentence-transformers",
    "chunk_size": 512,
    "chunk_overlap": 50,
    "chunk_strategy": "fixed",
    "top_k_values": [
      1,
      3,
      5,
      10,
      20
    ],
    "batch_size": 100
  },
  "timestamp": "2025-12-16 21:08:20",
  "ingestion": {
    "total_time_sec": 41.52718687057495,
    "num_documents": 1,
    "num_chunks": 5562,
    "parsing_time_sec": 0.006361722946166992,
    "embedding_time_sec": 25.76730227470398,
    "insertion_time_sec": 15.2552330493927
  },
  "query_results": [
    {
      "top_k": 1,
      "num_queries": 10,
      "avg_latency_ms": 105.28707504272461,
      "p50_latency_ms": 34.147024154663086,
      "p95_latency_ms": 797.2309589385986,
      "p99_latency_ms": 797.2309589385986,
      "min_latency_ms": 13.758182525634766,
      "max_latency_ms": 797.2309589385986,
      "queries_per_second": 9.497841967726888,
      "avg_similarity": 0.5281620380524102,
      "avg_top1_similarity": 0.5281620380524102,
      "min_similarity": 0.5281620380524102,
      "recall_at_1": 0.0,
      "precision_at_1": 0.0,
      "mrr": 0.0,
      "resource_metrics": {
        "duration": 1.0065500736236572,
        "cpu": {
          "avg": 19.233333333333334,
          "max": 34.9,
          "min": 0.0
        },
        "memory": {
          "avg_mb": 10802.197916666666,
          "max_mb": 11838.578125,
          "min_mb": 10114.96875
        },
        "disk": {
          "read_total_mb": 462.61328125,
          "write_total_mb": 171.42578125
        },
        "network": {
          "sent_total_mb": 10.5625,
          "recv_total_mb": 10.5673828125
        }
      }
    },
    {
      "top_k": 3,
      "num_queries": 10,
      "avg_latency_ms": 14.214348793029785,
      "p50_latency_ms": 14.380693435668945,
      "p95_latency_ms": 16.321897506713867,
      "p99_latency_ms": 16.321897506713867,
      "min_latency_ms": 12.39919662475586,
      "max_latency_ms": 16.321897506713867,
      "queries_per_second": 70.35144659531393,
      "avg_similarity": 0.5003335785744996,
      "avg_top1_similarity": 0.5281620380524102,
      "min_similarity": 0.4769755785670771,
      "recall_at_3": 0.0,
      "precision_at_3": 0.0,
      "mrr": 0.0,
      "resource_metrics": {
        "duration": 0.0,
        "cpu": {
          "avg": 27.5,
          "max": 27.5,
          "min": 27.5
        },
        "memory": {
          "avg_mb": 9925.609375,
          "max_mb": 9925.609375,
          "min_mb": 9925.609375
        },
        "disk": {
          "read_total_mb": 0.4375,
          "write_total_mb": 0.0
        },
        "network": {
          "sent_total_mb": 0.0,
          "recv_total_mb": 0.0
        }
      }
    },
    {
      "top_k": 5,
      "num_queries": 10,
      "avg_latency_ms": 13.682794570922852,
      "p50_latency_ms": 12.994766235351562,
      "p95_latency_ms": 18.93019676208496,
      "p99_latency_ms": 18.93019676208496,
      "min_latency_ms": 11.932849884033203,
      "max_latency_ms": 18.93019676208496,
      "queries_per_second": 73.08448539635963,
      "avg_similarity": 0.48294005260895656,
      "avg_top1_similarity": 0.5281620380524102,
      "min_similarity": 0.45247993988108204,
      "recall_at_5": 0.0,
      "precision_at_5": 0.0,
      "mrr": 0.0,
      "resource_metrics": {
        "duration": 0.0,
        "cpu": {
          "avg": 30.3,
          "max": 30.3,
          "min": 30.3
        },
        "memory": {
          "avg_mb": 9546.390625,
          "max_mb": 9546.390625,
          "min_mb": 9546.390625
        },
        "disk": {
          "read_total_mb": 0.25,
          "write_total_mb": 0.0
        },
        "network": {
          "sent_total_mb": 0.0,
          "recv_total_mb": 0.0
        }
      }
    },
    {
      "top_k": 10,
      "num_queries": 10,
      "avg_latency_ms": 15.440678596496582,
      "p50_latency_ms": 14.706134796142578,
      "p95_latency_ms": 21.026134490966797,
      "p99_latency_ms": 21.026134490966797,
      "min_latency_ms": 13.146162033081055,
      "max_latency_ms": 21.026134490966797,
      "queries_per_second": 64.76399296510812,
      "avg_similarity": 0.4581516809590983,
      "avg_top1_similarity": 0.5281620380524102,
      "min_similarity": 0.4219653128287223,
      "recall_at_10": 0.0,
      "precision_at_10": 0.0,
      "mrr": 0.0,
      "resource_metrics": {
        "duration": 0.0,
        "cpu": {
          "avg": 16.3,
          "max": 16.3,
          "min": 16.3
        },
        "memory": {
          "avg_mb": 9466.09375,
          "max_mb": 9466.09375,
          "min_mb": 9466.09375
        },
        "disk": {
          "read_total_mb": 0.25,
          "write_total_mb": 0.0
        },
        "network": {
          "sent_total_mb": 0.0,
          "recv_total_mb": 0.0
        }
      }
    },
    {
      "top_k": 20,
      "num_queries": 10,
      "avg_latency_ms": 20.4012393951416,
      "p50_latency_ms": 19.33598518371582,
      "p95_latency_ms": 30.993938446044922,
      "p99_latency_ms": 30.993938446044922,
      "min_latency_ms": 15.681028366088867,
      "max_latency_ms": 30.993938446044922,
      "queries_per_second": 49.01662985426965,
      "avg_similarity": 0.42762155499305193,
      "avg_top1_similarity": 0.5281620380524102,
      "min_similarity": 0.38250702953675664,
      "recall_at_20": 0.0,
      "precision_at_20": 0.0,
      "mrr": 0.0,
      "resource_metrics": {
        "duration": 0.0,
        "cpu": {
          "avg": 20.8,
          "max": 20.8,
          "min": 20.8
        },
        "memory": {
          "avg_mb": 9103.984375,
          "max_mb": 9103.984375,
          "min_mb": 9103.984375
        },
        "disk": {
          "read_total_mb": 0.125,
          "write_total_mb": 0.0
        },
        "network": {
          "sent_total_mb": 0.0009765625,
          "recv_total_mb": 0.0
        }
      }
    }
  ]
}