{
  "database": "weaviate",
  "config": {
    "corpus_path": "Data/test_corpus/corpus_sizes/corpus_1k",
    "test_cases_path": "Data/test_corpus/test_cases.json",
    "output_dir": "results/weaviate_scaling_n10/corpus_1k/run_4",
    "weaviate_config": {
      "host": "localhost",
      "port": 8082,
      "class_name": "BenchmarkTest"
    },
    "embedding_model": "sentence-transformers/all-MiniLM-L6-v2",
    "embedding_type": "sentence-transformers",
    "chunk_size": 512,
    "chunk_overlap": 50,
    "chunk_strategy": "fixed",
    "top_k_values": [
      1,
      3,
      5,
      10,
      20
    ],
    "batch_size": 100
  },
  "timestamp": "2026-01-10 03:26:36",
  "ingestion": {
    "total_time_sec": 15.74466323852539,
    "num_documents": 1,
    "num_chunks": 5562,
    "parsing_time_sec": 0.10042190551757812,
    "embedding_time_sec": 13.270610809326172,
    "insertion_time_sec": 2.2717981338500977
  },
  "query_results": [
    {
      "top_k": 1,
      "num_queries": 10,
      "avg_latency_ms": 27.02314853668213,
      "p50_latency_ms": 28.04088592529297,
      "p95_latency_ms": 66.59197807312012,
      "p99_latency_ms": 66.59197807312012,
      "min_latency_ms": 8.260965347290039,
      "max_latency_ms": 66.59197807312012,
      "queries_per_second": 37.00531041534877,
      "avg_similarity": 0.5281620919704437,
      "avg_top1_similarity": 0.5281620919704437,
      "min_similarity": 0.5281620919704437,
      "recall_at_1": 0.0,
      "precision_at_1": 0.0,
      "mrr": 0.0,
      "resource_metrics": {
        "duration": 0.0,
        "cpu": {
          "avg": 0.0,
          "max": 0.0,
          "min": 0.0
        },
        "memory": {
          "avg_mb": 11347.65625,
          "max_mb": 11347.65625,
          "min_mb": 11347.65625
        },
        "disk": {
          "read_total_mb": 0.0,
          "write_total_mb": 0.0
        },
        "network": {
          "sent_total_mb": 0.0,
          "recv_total_mb": 0.0
        }
      }
    },
    {
      "top_k": 3,
      "num_queries": 10,
      "avg_latency_ms": 10.670328140258789,
      "p50_latency_ms": 10.787248611450195,
      "p95_latency_ms": 14.658927917480469,
      "p99_latency_ms": 14.658927917480469,
      "min_latency_ms": 8.64100456237793,
      "max_latency_ms": 14.658927917480469,
      "queries_per_second": 93.7178301224902,
      "avg_similarity": 0.500333595275879,
      "avg_top1_similarity": 0.5281620919704437,
      "min_similarity": 0.4769755721092224,
      "recall_at_3": 0.0,
      "precision_at_3": 0.0,
      "mrr": 0.0,
      "resource_metrics": {
        "duration": 0.0,
        "cpu": {
          "avg": 16.9,
          "max": 16.9,
          "min": 16.9
        },
        "memory": {
          "avg_mb": 11828.390625,
          "max_mb": 11828.390625,
          "min_mb": 11828.390625
        },
        "disk": {
          "read_total_mb": 0.0,
          "write_total_mb": 0.0
        },
        "network": {
          "sent_total_mb": 0.0,
          "recv_total_mb": 0.0
        }
      }
    },
    {
      "top_k": 5,
      "num_queries": 10,
      "avg_latency_ms": 10.99848747253418,
      "p50_latency_ms": 10.553121566772461,
      "p95_latency_ms": 14.541864395141602,
      "p99_latency_ms": 14.541864395141602,
      "min_latency_ms": 9.561777114868164,
      "max_latency_ms": 14.541864395141602,
      "queries_per_second": 90.92159285512996,
      "avg_similarity": 0.48294008612632755,
      "avg_top1_similarity": 0.5281620919704437,
      "min_similarity": 0.45248001217842104,
      "recall_at_5": 0.0,
      "precision_at_5": 0.0,
      "mrr": 0.0,
      "resource_metrics": {
        "duration": 0.0,
        "cpu": {
          "avg": 0.0,
          "max": 0.0,
          "min": 0.0
        },
        "memory": {
          "avg_mb": 11829.390625,
          "max_mb": 11829.390625,
          "min_mb": 11829.390625
        },
        "disk": {
          "read_total_mb": 0.0,
          "write_total_mb": 0.0
        },
        "network": {
          "sent_total_mb": 0.0,
          "recv_total_mb": 0.0
        }
      }
    },
    {
      "top_k": 10,
      "num_queries": 10,
      "avg_latency_ms": 11.837196350097656,
      "p50_latency_ms": 11.147737503051758,
      "p95_latency_ms": 15.848159790039062,
      "p99_latency_ms": 15.848159790039062,
      "min_latency_ms": 9.775161743164062,
      "max_latency_ms": 15.848159790039062,
      "queries_per_second": 84.4794637534039,
      "avg_similarity": 0.45815171718597414,
      "avg_top1_similarity": 0.5281620919704437,
      "min_similarity": 0.42196529507637026,
      "recall_at_10": 0.0,
      "precision_at_10": 0.0,
      "mrr": 0.0,
      "resource_metrics": {
        "duration": 0.0,
        "cpu": {
          "avg": 11.2,
          "max": 11.2,
          "min": 11.2
        },
        "memory": {
          "avg_mb": 11831.40625,
          "max_mb": 11831.40625,
          "min_mb": 11831.40625
        },
        "disk": {
          "read_total_mb": 0.0,
          "write_total_mb": 0.0
        },
        "network": {
          "sent_total_mb": 0.0,
          "recv_total_mb": 0.0
        }
      }
    },
    {
      "top_k": 20,
      "num_queries": 10,
      "avg_latency_ms": 11.925172805786133,
      "p50_latency_ms": 11.872053146362305,
      "p95_latency_ms": 16.885995864868164,
      "p99_latency_ms": 16.885995864868164,
      "min_latency_ms": 9.73200798034668,
      "max_latency_ms": 16.885995864868164,
      "queries_per_second": 83.85622718312281,
      "avg_similarity": 0.42762157768011094,
      "avg_top1_similarity": 0.5281620919704437,
      "min_similarity": 0.3825070321559906,
      "recall_at_20": 0.0,
      "precision_at_20": 0.0,
      "mrr": 0.0,
      "resource_metrics": {
        "duration": 0.0,
        "cpu": {
          "avg": 10.9,
          "max": 10.9,
          "min": 10.9
        },
        "memory": {
          "avg_mb": 11834.34375,
          "max_mb": 11834.34375,
          "min_mb": 11834.34375
        },
        "disk": {
          "read_total_mb": 0.0,
          "write_total_mb": 0.0
        },
        "network": {
          "sent_total_mb": 0.0,
          "recv_total_mb": 0.0
        }
      }
    }
  ]
}