{
  "database": "milvus",
  "config": {
    "corpus_path": "Data/test_corpus/documents",
    "test_cases_path": "Data/test_corpus/test_cases.json",
    "output_dir": "results/milvus_scaling_n3/corpus_baseline/run_3",
    "milvus_config": {
      "host": "localhost",
      "port": 19530,
      "collection_name": "benchmark_test"
    },
    "embedding_model": "sentence-transformers/all-MiniLM-L6-v2",
    "embedding_type": "sentence-transformers",
    "chunk_size": 512,
    "chunk_overlap": 50,
    "chunk_strategy": "fixed",
    "top_k_values": [
      1,
      3,
      5,
      10,
      20
    ],
    "batch_size": 100
  },
  "timestamp": "2025-12-22 17:14:55",
  "ingestion": {
    "total_time_sec": 8.622083902359009,
    "num_documents": 20,
    "num_chunks": 175,
    "parsing_time_sec": 0.0004820823669433594,
    "embedding_time_sec": 1.5284759998321533,
    "insertion_time_sec": 6.790745735168457
  },
  "query_results": [
    {
      "top_k": 1,
      "num_queries": 10,
      "avg_latency_ms": 79.66959476470947,
      "p50_latency_ms": 38.83695602416992,
      "p95_latency_ms": 484.52091217041016,
      "p99_latency_ms": 484.52091217041016,
      "min_latency_ms": 12.907028198242188,
      "max_latency_ms": 484.52091217041016,
      "queries_per_second": 12.551839920277354,
      "avg_similarity": 0.7316954731941223,
      "avg_top1_similarity": 0.7316954731941223,
      "min_similarity": 0.7316954731941223,
      "recall_at_1": 0.0,
      "precision_at_1": 0.0,
      "mrr": 0.0,
      "resource_metrics": {
        "duration": 0.5054478645324707,
        "cpu": {
          "avg": 0.0,
          "max": 0.0,
          "min": 0.0
        },
        "memory": {
          "avg_mb": 12584.3671875,
          "max_mb": 12849.46875,
          "min_mb": 12319.265625
        },
        "disk": {
          "read_total_mb": 63.171875,
          "write_total_mb": 30.5
        },
        "network": {
          "sent_total_mb": 5.076171875,
          "recv_total_mb": 5.0771484375
        }
      }
    },
    {
      "top_k": 3,
      "num_queries": 10,
      "avg_latency_ms": 12.562298774719238,
      "p50_latency_ms": 11.026859283447266,
      "p95_latency_ms": 21.181821823120117,
      "p99_latency_ms": 21.181821823120117,
      "min_latency_ms": 8.740901947021484,
      "max_latency_ms": 21.181821823120117,
      "queries_per_second": 79.6032651295025,
      "avg_similarity": 0.6881673038005829,
      "avg_top1_similarity": 0.7316954731941223,
      "min_similarity": 0.6527654767036438,
      "recall_at_3": 0.0,
      "precision_at_3": 0.0,
      "mrr": 0.0,
      "resource_metrics": {
        "duration": 0.0,
        "cpu": {
          "avg": 0.0,
          "max": 0.0,
          "min": 0.0
        },
        "memory": {
          "avg_mb": 12828.953125,
          "max_mb": 12828.953125,
          "min_mb": 12828.953125
        },
        "disk": {
          "read_total_mb": 0.0625,
          "write_total_mb": 0.0
        },
        "network": {
          "sent_total_mb": 0.0,
          "recv_total_mb": 0.0
        }
      }
    },
    {
      "top_k": 5,
      "num_queries": 10,
      "avg_latency_ms": 27.189207077026367,
      "p50_latency_ms": 29.94823455810547,
      "p95_latency_ms": 58.487653732299805,
      "p99_latency_ms": 58.487653732299805,
      "min_latency_ms": 7.253885269165039,
      "max_latency_ms": 58.487653732299805,
      "queries_per_second": 36.779299858470466,
      "avg_similarity": 0.6663784158229829,
      "avg_top1_similarity": 0.7316954731941223,
      "min_similarity": 0.6243872046470642,
      "recall_at_5": 0.0,
      "precision_at_5": 0.0,
      "mrr": 0.0,
      "resource_metrics": {
        "duration": 0.0,
        "cpu": {
          "avg": 0.0,
          "max": 0.0,
          "min": 0.0
        },
        "memory": {
          "avg_mb": 12708.734375,
          "max_mb": 12708.734375,
          "min_mb": 12708.734375
        },
        "disk": {
          "read_total_mb": 0.09375,
          "write_total_mb": 0.0
        },
        "network": {
          "sent_total_mb": 0.0,
          "recv_total_mb": 0.0
        }
      }
    },
    {
      "top_k": 10,
      "num_queries": 10,
      "avg_latency_ms": 15.072274208068848,
      "p50_latency_ms": 11.047124862670898,
      "p95_latency_ms": 33.215999603271484,
      "p99_latency_ms": 33.215999603271484,
      "min_latency_ms": 7.447004318237305,
      "max_latency_ms": 33.215999603271484,
      "queries_per_second": 66.34698826436266,
      "avg_similarity": 0.6292959207296371,
      "avg_top1_similarity": 0.7316954731941223,
      "min_similarity": 0.573929738998413,
      "recall_at_10": 0.0,
      "precision_at_10": 0.0,
      "mrr": 0.0,
      "resource_metrics": {
        "duration": 0.0,
        "cpu": {
          "avg": 56.4,
          "max": 56.4,
          "min": 56.4
        },
        "memory": {
          "avg_mb": 11915.21875,
          "max_mb": 11915.21875,
          "min_mb": 11915.21875
        },
        "disk": {
          "read_total_mb": 0.046875,
          "write_total_mb": 0.0
        },
        "network": {
          "sent_total_mb": 0.0,
          "recv_total_mb": 0.0
        }
      }
    },
    {
      "top_k": 20,
      "num_queries": 10,
      "avg_latency_ms": 29.929637908935547,
      "p50_latency_ms": 29.6478271484375,
      "p95_latency_ms": 50.002336502075195,
      "p99_latency_ms": 50.002336502075195,
      "min_latency_ms": 16.697168350219727,
      "max_latency_ms": 50.002336502075195,
      "queries_per_second": 33.41169722943585,
      "avg_similarity": 0.5740239070355893,
      "avg_top1_similarity": 0.7316954731941223,
      "min_similarity": 0.49384818971157074,
      "recall_at_20": 0.0,
      "precision_at_20": 0.0,
      "mrr": 0.0,
      "resource_metrics": {
        "duration": 0.0,
        "cpu": {
          "avg": 0.0,
          "max": 0.0,
          "min": 0.0
        },
        "memory": {
          "avg_mb": 12481.546875,
          "max_mb": 12481.546875,
          "min_mb": 12481.546875
        },
        "disk": {
          "read_total_mb": 0.125,
          "write_total_mb": 0.0
        },
        "network": {
          "sent_total_mb": 0.0,
          "recv_total_mb": 0.0
        }
      }
    }
  ]
}