{
  "database": "faiss",
  "config": {
    "corpus_path": "Data/test_corpus/corpus_sizes/corpus_100k",
    "test_cases_path": "Data/test_corpus/test_cases.json",
    "output_dir": "results/faiss_scaling_n10/corpus_100k/run_7",
    "faiss_config": {
      "index_path": "./vector_stores/faiss_index.index",
      "index_type": "Flat"
    },
    "embedding_model": "sentence-transformers/all-MiniLM-L6-v2",
    "embedding_type": "sentence-transformers",
    "chunk_size": 512,
    "chunk_overlap": 50,
    "chunk_strategy": "fixed",
    "top_k_values": [
      1,
      3,
      5,
      10,
      20
    ],
    "batch_size": 100
  },
  "timestamp": "2026-01-07 19:44:45",
  "ingestion": {
    "total_time_sec": 1577.8470611572266,
    "num_documents": 1,
    "num_chunks": 690385,
    "parsing_time_sec": 0.9815199375152588,
    "embedding_time_sec": 1574.5492618083954,
    "insertion_time_sec": 1.4929289817810059
  },
  "query_results": [
    {
      "top_k": 1,
      "num_queries": 10,
      "avg_latency_ms": 63.20533752441406,
      "p50_latency_ms": 44.097900390625,
      "p95_latency_ms": 293.2870388031006,
      "p99_latency_ms": 293.2870388031006,
      "min_latency_ms": 22.86386489868164,
      "max_latency_ms": 293.2870388031006,
      "queries_per_second": 15.821448617590788,
      "avg_similarity": 0.6014592966477768,
      "avg_top1_similarity": 0.6014592966477768,
      "min_similarity": 0.6014592966477768,
      "recall_at_1": 0.0,
      "precision_at_1": 0.0,
      "mrr": 0.0,
      "resource_metrics": {
        "duration": 0.5109157562255859,
        "cpu": {
          "avg": 11.35,
          "max": 22.7,
          "min": 0.0
        },
        "memory": {
          "avg_mb": 8782.1171875,
          "max_mb": 9411.3125,
          "min_mb": 8152.921875
        },
        "disk": {
          "read_total_mb": 22.42578125,
          "write_total_mb": 0.94140625
        },
        "network": {
          "sent_total_mb": 0.0,
          "recv_total_mb": 0.0009765625
        }
      }
    },
    {
      "top_k": 3,
      "num_queries": 10,
      "avg_latency_ms": 25.791549682617188,
      "p50_latency_ms": 24.439096450805664,
      "p95_latency_ms": 41.75591468811035,
      "p99_latency_ms": 41.75591468811035,
      "min_latency_ms": 22.211790084838867,
      "max_latency_ms": 41.75591468811035,
      "queries_per_second": 38.772389108281196,
      "avg_similarity": 0.5880839677092842,
      "avg_top1_similarity": 0.6014592966477768,
      "min_similarity": 0.5763999587497126,
      "recall_at_3": 0.0,
      "precision_at_3": 0.0,
      "mrr": 0.0,
      "resource_metrics": {
        "duration": 0.0,
        "cpu": {
          "avg": 18.6,
          "max": 18.6,
          "min": 18.6
        },
        "memory": {
          "avg_mb": 9365.5625,
          "max_mb": 9365.5625,
          "min_mb": 9365.5625
        },
        "disk": {
          "read_total_mb": 0.0,
          "write_total_mb": 0.0
        },
        "network": {
          "sent_total_mb": 0.0,
          "recv_total_mb": 0.0
        }
      }
    },
    {
      "top_k": 5,
      "num_queries": 10,
      "avg_latency_ms": 25.224804878234863,
      "p50_latency_ms": 23.14591407775879,
      "p95_latency_ms": 40.171146392822266,
      "p99_latency_ms": 40.171146392822266,
      "min_latency_ms": 22.227048873901367,
      "max_latency_ms": 40.171146392822266,
      "queries_per_second": 39.64351775275164,
      "avg_similarity": 0.5786316529354079,
      "avg_top1_similarity": 0.6014592966477768,
      "min_similarity": 0.5616536535003755,
      "recall_at_5": 0.0,
      "precision_at_5": 0.0,
      "mrr": 0.0,
      "resource_metrics": {
        "duration": 0.0,
        "cpu": {
          "avg": 0.0,
          "max": 0.0,
          "min": 0.0
        },
        "memory": {
          "avg_mb": 9380.546875,
          "max_mb": 9380.546875,
          "min_mb": 9380.546875
        },
        "disk": {
          "read_total_mb": 0.0,
          "write_total_mb": 0.0
        },
        "network": {
          "sent_total_mb": 0.0,
          "recv_total_mb": 0.0
        }
      }
    },
    {
      "top_k": 10,
      "num_queries": 10,
      "avg_latency_ms": 24.5941162109375,
      "p50_latency_ms": 23.35977554321289,
      "p95_latency_ms": 35.58516502380371,
      "p99_latency_ms": 35.58516502380371,
      "min_latency_ms": 21.209001541137695,
      "max_latency_ms": 35.58516502380371,
      "queries_per_second": 40.6601315299665,
      "avg_similarity": 0.5642000179488362,
      "avg_top1_similarity": 0.6014592966477768,
      "min_similarity": 0.5432653825490932,
      "recall_at_10": 0.0,
      "precision_at_10": 0.0,
      "mrr": 0.0,
      "resource_metrics": {
        "duration": 0.0,
        "cpu": {
          "avg": 6.9,
          "max": 6.9,
          "min": 6.9
        },
        "memory": {
          "avg_mb": 9388.875,
          "max_mb": 9388.875,
          "min_mb": 9388.875
        },
        "disk": {
          "read_total_mb": 0.0,
          "write_total_mb": 0.0
        },
        "network": {
          "sent_total_mb": 0.0,
          "recv_total_mb": 0.0
        }
      }
    },
    {
      "top_k": 20,
      "num_queries": 10,
      "avg_latency_ms": 25.274372100830078,
      "p50_latency_ms": 23.20098876953125,
      "p95_latency_ms": 40.56286811828613,
      "p99_latency_ms": 40.56286811828613,
      "min_latency_ms": 22.140979766845703,
      "max_latency_ms": 40.56286811828613,
      "queries_per_second": 39.565770259715265,
      "avg_similarity": 0.5481090643900877,
      "avg_top1_similarity": 0.6014592966477768,
      "min_similarity": 0.5244727539443104,
      "recall_at_20": 0.0,
      "precision_at_20": 0.0,
      "mrr": 0.0,
      "resource_metrics": {
        "duration": 0.0,
        "cpu": {
          "avg": 10.5,
          "max": 10.5,
          "min": 10.5
        },
        "memory": {
          "avg_mb": 9461.96875,
          "max_mb": 9461.96875,
          "min_mb": 9461.96875
        },
        "disk": {
          "read_total_mb": 0.0,
          "write_total_mb": 0.0
        },
        "network": {
          "sent_total_mb": 0.0,
          "recv_total_mb": 0.0
        }
      }
    }
  ]
}