{
  "database": "qdrant",
  "config": {
    "corpus_path": "Data/test_corpus/corpus_sizes/corpus_50k",
    "test_cases_path": "Data/test_corpus/test_cases.json",
    "output_dir": "results/qdrant_scaling_n10/corpus_50k/run_6",
    "qdrant_config": {
      "host": "localhost",
      "port": 6333,
      "collection_name": "benchmark_test"
    },
    "embedding_model": "sentence-transformers/all-MiniLM-L6-v2",
    "embedding_type": "sentence-transformers",
    "chunk_size": 512,
    "chunk_overlap": 50,
    "chunk_strategy": "fixed",
    "top_k_values": [
      1,
      3,
      5,
      10,
      20
    ],
    "batch_size": 100
  },
  "timestamp": "2026-01-10 02:01:33",
  "ingestion": {
    "total_time_sec": 900.4057381153107,
    "num_documents": 1,
    "num_chunks": 345046,
    "parsing_time_sec": 0.6352889537811279,
    "embedding_time_sec": 805.9836647510529,
    "insertion_time_sec": 90.64746403694153
  },
  "query_results": [
    {
      "top_k": 1,
      "num_queries": 10,
      "avg_latency_ms": 77.28569507598877,
      "p50_latency_ms": 35.57014465332031,
      "p95_latency_ms": 492.75922775268555,
      "p99_latency_ms": 492.75922775268555,
      "min_latency_ms": 14.920949935913086,
      "max_latency_ms": 492.75922775268555,
      "queries_per_second": 12.939005064479021,
      "avg_similarity": 0.660913883,
      "avg_top1_similarity": 0.660913883,
      "min_similarity": 0.660913883,
      "recall_at_1": 0.0,
      "precision_at_1": 0.0,
      "mrr": 0.0,
      "resource_metrics": {
        "duration": 0.5073380470275879,
        "cpu": {
          "avg": 21.65,
          "max": 23.5,
          "min": 19.8
        },
        "memory": {
          "avg_mb": 8946.359375,
          "max_mb": 9598.015625,
          "min_mb": 8294.703125
        },
        "disk": {
          "read_total_mb": 147.33203125,
          "write_total_mb": 0.0078125
        },
        "network": {
          "sent_total_mb": 0.017578125,
          "recv_total_mb": 0.0146484375
        }
      }
    },
    {
      "top_k": 3,
      "num_queries": 10,
      "avg_latency_ms": 10.38351058959961,
      "p50_latency_ms": 10.198116302490234,
      "p95_latency_ms": 12.831926345825195,
      "p99_latency_ms": 12.831926345825195,
      "min_latency_ms": 9.122133255004883,
      "max_latency_ms": 12.831926345825195,
      "queries_per_second": 96.30654212474398,
      "avg_similarity": 0.6381453456666666,
      "avg_top1_similarity": 0.660913883,
      "min_similarity": 0.617429094,
      "recall_at_3": 0.0,
      "precision_at_3": 0.0,
      "mrr": 0.0,
      "resource_metrics": {
        "duration": 0.0,
        "cpu": {
          "avg": 24.2,
          "max": 24.2,
          "min": 24.2
        },
        "memory": {
          "avg_mb": 9649.3125,
          "max_mb": 9649.3125,
          "min_mb": 9649.3125
        },
        "disk": {
          "read_total_mb": 0.0,
          "write_total_mb": 0.0
        },
        "network": {
          "sent_total_mb": 0.0,
          "recv_total_mb": 0.0
        }
      }
    },
    {
      "top_k": 5,
      "num_queries": 10,
      "avg_latency_ms": 11.024284362792969,
      "p50_latency_ms": 10.879278182983398,
      "p95_latency_ms": 15.403985977172852,
      "p99_latency_ms": 15.403985977172852,
      "min_latency_ms": 9.406089782714844,
      "max_latency_ms": 15.403985977172852,
      "queries_per_second": 90.7088357930068,
      "avg_similarity": 0.6227200552000001,
      "avg_top1_similarity": 0.660913883,
      "min_similarity": 0.595962745,
      "recall_at_5": 0.0,
      "precision_at_5": 0.0,
      "mrr": 0.0,
      "resource_metrics": {
        "duration": 0.0,
        "cpu": {
          "avg": 19.3,
          "max": 19.3,
          "min": 19.3
        },
        "memory": {
          "avg_mb": 9660.828125,
          "max_mb": 9660.828125,
          "min_mb": 9660.828125
        },
        "disk": {
          "read_total_mb": 0.0,
          "write_total_mb": 0.0
        },
        "network": {
          "sent_total_mb": 0.0,
          "recv_total_mb": 0.0
        }
      }
    },
    {
      "top_k": 10,
      "num_queries": 10,
      "avg_latency_ms": 13.566064834594727,
      "p50_latency_ms": 12.911081314086914,
      "p95_latency_ms": 18.13220977783203,
      "p99_latency_ms": 18.13220977783203,
      "min_latency_ms": 11.42573356628418,
      "max_latency_ms": 18.13220977783203,
      "queries_per_second": 73.71334371408184,
      "avg_similarity": 0.5995994688,
      "avg_top1_similarity": 0.660913883,
      "min_similarity": 0.5663065460000001,
      "recall_at_10": 0.0,
      "precision_at_10": 0.0,
      "mrr": 0.0,
      "resource_metrics": {
        "duration": 0.0,
        "cpu": {
          "avg": 19.3,
          "max": 19.3,
          "min": 19.3
        },
        "memory": {
          "avg_mb": 9672.953125,
          "max_mb": 9672.953125,
          "min_mb": 9672.953125
        },
        "disk": {
          "read_total_mb": 0.0625,
          "write_total_mb": 0.0
        },
        "network": {
          "sent_total_mb": 0.0,
          "recv_total_mb": 0.0
        }
      }
    },
    {
      "top_k": 20,
      "num_queries": 10,
      "avg_latency_ms": 13.303899765014648,
      "p50_latency_ms": 12.707233428955078,
      "p95_latency_ms": 21.373987197875977,
      "p99_latency_ms": 21.373987197875977,
      "min_latency_ms": 10.14399528503418,
      "max_latency_ms": 21.373987197875977,
      "queries_per_second": 75.16593011544678,
      "avg_similarity": 0.5704182843,
      "avg_top1_similarity": 0.660913883,
      "min_similarity": 0.527518775,
      "recall_at_20": 0.0,
      "precision_at_20": 0.0,
      "mrr": 0.0,
      "resource_metrics": {
        "duration": 0.0,
        "cpu": {
          "avg": 21.3,
          "max": 21.3,
          "min": 21.3
        },
        "memory": {
          "avg_mb": 9698.0,
          "max_mb": 9698.0,
          "min_mb": 9698.0
        },
        "disk": {
          "read_total_mb": 0.0,
          "write_total_mb": 0.0
        },
        "network": {
          "sent_total_mb": 0.0,
          "recv_total_mb": 0.0
        }
      }
    }
  ]
}