{
  "database": "faiss",
  "config": {
    "corpus_path": "Data/test_corpus/corpus_sizes/corpus_full",
    "test_cases_path": "Data/test_corpus/test_cases.json",
    "output_dir": "results/faiss_scaling_n10/corpus_full/run_6",
    "faiss_config": {
      "index_path": "./vector_stores/faiss_index.index",
      "index_type": "Flat"
    },
    "embedding_model": "sentence-transformers/all-MiniLM-L6-v2",
    "embedding_type": "sentence-transformers",
    "chunk_size": 512,
    "chunk_overlap": 50,
    "chunk_strategy": "fixed",
    "top_k_values": [
      1,
      3,
      5,
      10,
      20
    ],
    "batch_size": 100
  },
  "timestamp": "2026-01-09 18:48:49",
  "ingestion": {
    "total_time_sec": 5408.863841056824,
    "num_documents": 1,
    "num_chunks": 2249072,
    "parsing_time_sec": 4.768741130828857,
    "embedding_time_sec": 5381.332569122314,
    "insertion_time_sec": 10.321276903152466
  },
  "query_results": [
    {
      "top_k": 1,
      "num_queries": 10,
      "avg_latency_ms": 498.06857109069824,
      "p50_latency_ms": 103.1961441040039,
      "p95_latency_ms": 4061.594009399414,
      "p99_latency_ms": 4061.594009399414,
      "min_latency_ms": 60.18781661987305,
      "max_latency_ms": 4061.594009399414,
      "queries_per_second": 2.007755674705883,
      "avg_similarity": 0.6081104759530154,
      "avg_top1_similarity": 0.6081104759530154,
      "min_similarity": 0.6081104759530154,
      "recall_at_1": 0.0,
      "precision_at_1": 0.0,
      "mrr": 0.0,
      "resource_metrics": {
        "duration": 4.557020902633667,
        "cpu": {
          "avg": 32.839999999999996,
          "max": 59.1,
          "min": 0.0
        },
        "memory": {
          "avg_mb": 9835.4484375,
          "max_mb": 10932.9375,
          "min_mb": 9445.140625
        },
        "disk": {
          "read_total_mb": 1556.01953125,
          "write_total_mb": 14.88671875
        },
        "network": {
          "sent_total_mb": 0.0556640625,
          "recv_total_mb": 0.078125
        }
      }
    },
    {
      "top_k": 3,
      "num_queries": 10,
      "avg_latency_ms": 61.53855323791504,
      "p50_latency_ms": 60.159921646118164,
      "p95_latency_ms": 71.29192352294922,
      "p99_latency_ms": 71.29192352294922,
      "min_latency_ms": 58.12883377075195,
      "max_latency_ms": 71.29192352294922,
      "queries_per_second": 16.24997578564914,
      "avg_similarity": 0.5970919434566881,
      "avg_top1_similarity": 0.6081104759530154,
      "min_similarity": 0.5869038129129002,
      "recall_at_3": 0.0,
      "precision_at_3": 0.0,
      "mrr": 0.0,
      "resource_metrics": {
        "duration": 0.5053811073303223,
        "cpu": {
          "avg": 33.3,
          "max": 37.4,
          "min": 29.2
        },
        "memory": {
          "avg_mb": 10928.65625,
          "max_mb": 10929.5,
          "min_mb": 10927.8125
        },
        "disk": {
          "read_total_mb": 165.6015625,
          "write_total_mb": 145.921875
        },
        "network": {
          "sent_total_mb": 0.001953125,
          "recv_total_mb": 0.00390625
        }
      }
    },
    {
      "top_k": 5,
      "num_queries": 10,
      "avg_latency_ms": 63.29011917114258,
      "p50_latency_ms": 63.21382522583008,
      "p95_latency_ms": 69.78774070739746,
      "p99_latency_ms": 69.78774070739746,
      "min_latency_ms": 60.00518798828125,
      "max_latency_ms": 69.78774070739746,
      "queries_per_second": 15.800254654220254,
      "avg_similarity": 0.589569724902797,
      "avg_top1_similarity": 0.6081104759530154,
      "min_similarity": 0.5767552424979981,
      "recall_at_5": 0.0,
      "precision_at_5": 0.0,
      "mrr": 0.0,
      "resource_metrics": {
        "duration": 0.5107619762420654,
        "cpu": {
          "avg": 36.5,
          "max": 40.0,
          "min": 33.0
        },
        "memory": {
          "avg_mb": 10872.4609375,
          "max_mb": 10919.65625,
          "min_mb": 10825.265625
        },
        "disk": {
          "read_total_mb": 186.69140625,
          "write_total_mb": 152.8046875
        },
        "network": {
          "sent_total_mb": 0.00390625,
          "recv_total_mb": 0.005859375
        }
      }
    },
    {
      "top_k": 10,
      "num_queries": 10,
      "avg_latency_ms": 65.73915481567383,
      "p50_latency_ms": 61.30480766296387,
      "p95_latency_ms": 99.5938777923584,
      "p99_latency_ms": 99.5938777923584,
      "min_latency_ms": 58.947086334228516,
      "max_latency_ms": 99.5938777923584,
      "queries_per_second": 15.211634570050412,
      "avg_similarity": 0.5771787789131821,
      "avg_top1_similarity": 0.6081104759530154,
      "min_similarity": 0.5588513399533241,
      "recall_at_10": 0.0,
      "precision_at_10": 0.0,
      "mrr": 0.0,
      "resource_metrics": {
        "duration": 0.5079381465911865,
        "cpu": {
          "avg": 26.35,
          "max": 28.0,
          "min": 24.7
        },
        "memory": {
          "avg_mb": 10896.109375,
          "max_mb": 10896.84375,
          "min_mb": 10895.375
        },
        "disk": {
          "read_total_mb": 7.90625,
          "write_total_mb": 0.0234375
        },
        "network": {
          "sent_total_mb": 0.00390625,
          "recv_total_mb": 0.00390625
        }
      }
    },
    {
      "top_k": 20,
      "num_queries": 10,
      "avg_latency_ms": 67.37663745880127,
      "p50_latency_ms": 63.7049674987793,
      "p95_latency_ms": 101.8671989440918,
      "p99_latency_ms": 101.8671989440918,
      "min_latency_ms": 59.36312675476074,
      "max_latency_ms": 101.8671989440918,
      "queries_per_second": 14.841939843190737,
      "avg_similarity": 0.5616581162708834,
      "avg_top1_similarity": 0.6081104759530154,
      "min_similarity": 0.5375578751597476,
      "recall_at_20": 0.0,
      "precision_at_20": 0.0,
      "mrr": 0.0,
      "resource_metrics": {
        "duration": 0.5064771175384521,
        "cpu": {
          "avg": 35.25,
          "max": 37.1,
          "min": 33.4
        },
        "memory": {
          "avg_mb": 10409.7890625,
          "max_mb": 10461.90625,
          "min_mb": 10357.671875
        },
        "disk": {
          "read_total_mb": 18.0390625,
          "write_total_mb": 0.140625
        },
        "network": {
          "sent_total_mb": 0.0078125,
          "recv_total_mb": 0.0048828125
        }
      }
    }
  ]
}