{
  "database": "faiss",
  "config": {
    "corpus_path": "Data/test_corpus/corpus_sizes/corpus_50k",
    "test_cases_path": "Data/test_corpus/test_cases.json",
    "output_dir": "results/faiss_scaling_n3/corpus_50k/run_3",
    "faiss_config": {
      "index_path": "./vector_stores/faiss_index.index",
      "index_type": "Flat"
    },
    "embedding_model": "sentence-transformers/all-MiniLM-L6-v2",
    "embedding_type": "sentence-transformers",
    "chunk_size": 512,
    "chunk_overlap": 50,
    "chunk_strategy": "fixed",
    "top_k_values": [
      1,
      3,
      5,
      10,
      20
    ],
    "batch_size": 100
  },
  "timestamp": "2025-12-22 22:26:12",
  "ingestion": {
    "total_time_sec": 779.2287518978119,
    "num_documents": 1,
    "num_chunks": 345046,
    "parsing_time_sec": 0.533740758895874,
    "embedding_time_sec": 777.9972529411316,
    "insertion_time_sec": 0.2982821464538574
  },
  "query_results": [
    {
      "top_k": 1,
      "num_queries": 10,
      "avg_latency_ms": 30.38332462310791,
      "p50_latency_ms": 31.874895095825195,
      "p95_latency_ms": 62.124013900756836,
      "p99_latency_ms": 62.124013900756836,
      "min_latency_ms": 14.87421989440918,
      "max_latency_ms": 62.124013900756836,
      "queries_per_second": 32.912790565369995,
      "avg_similarity": 0.5984924522751894,
      "avg_top1_similarity": 0.5984924522751894,
      "min_similarity": 0.5984924522751894,
      "recall_at_1": 0.0,
      "precision_at_1": 0.0,
      "mrr": 0.0,
      "resource_metrics": {
        "duration": 0.0,
        "cpu": {
          "avg": 0.0,
          "max": 0.0,
          "min": 0.0
        },
        "memory": {
          "avg_mb": 9317.296875,
          "max_mb": 9317.296875,
          "min_mb": 9317.296875
        },
        "disk": {
          "read_total_mb": 0.0,
          "write_total_mb": 0.0
        },
        "network": {
          "sent_total_mb": 0.0,
          "recv_total_mb": 0.0
        }
      }
    },
    {
      "top_k": 3,
      "num_queries": 10,
      "avg_latency_ms": 16.01557731628418,
      "p50_latency_ms": 15.27094841003418,
      "p95_latency_ms": 20.779132843017578,
      "p99_latency_ms": 20.779132843017578,
      "min_latency_ms": 14.035940170288086,
      "max_latency_ms": 20.779132843017578,
      "queries_per_second": 62.439210292046646,
      "avg_similarity": 0.5826153732997978,
      "avg_top1_similarity": 0.5984924522751894,
      "min_similarity": 0.5683679396628638,
      "recall_at_3": 0.0,
      "precision_at_3": 0.0,
      "mrr": 0.0,
      "resource_metrics": {
        "duration": 0.0,
        "cpu": {
          "avg": 10.5,
          "max": 10.5,
          "min": 10.5
        },
        "memory": {
          "avg_mb": 10011.4375,
          "max_mb": 10011.4375,
          "min_mb": 10011.4375
        },
        "disk": {
          "read_total_mb": 0.0,
          "write_total_mb": 0.0
        },
        "network": {
          "sent_total_mb": 0.0,
          "recv_total_mb": 0.0
        }
      }
    },
    {
      "top_k": 5,
      "num_queries": 10,
      "avg_latency_ms": 17.51422882080078,
      "p50_latency_ms": 15.73801040649414,
      "p95_latency_ms": 27.002811431884766,
      "p99_latency_ms": 27.002811431884766,
      "min_latency_ms": 14.115095138549805,
      "max_latency_ms": 27.002811431884766,
      "queries_per_second": 57.096433433160904,
      "avg_similarity": 0.5723111263747227,
      "avg_top1_similarity": 0.5984924522751894,
      "min_similarity": 0.5546112070249468,
      "recall_at_5": 0.0,
      "precision_at_5": 0.0,
      "mrr": 0.0,
      "resource_metrics": {
        "duration": 0.0,
        "cpu": {
          "avg": 8.8,
          "max": 8.8,
          "min": 8.8
        },
        "memory": {
          "avg_mb": 10065.421875,
          "max_mb": 10065.421875,
          "min_mb": 10065.421875
        },
        "disk": {
          "read_total_mb": 0.0,
          "write_total_mb": 0.0
        },
        "network": {
          "sent_total_mb": 0.0,
          "recv_total_mb": 0.0
        }
      }
    },
    {
      "top_k": 10,
      "num_queries": 10,
      "avg_latency_ms": 17.316055297851562,
      "p50_latency_ms": 16.17884635925293,
      "p95_latency_ms": 27.608633041381836,
      "p99_latency_ms": 27.608633041381836,
      "min_latency_ms": 13.509988784790039,
      "max_latency_ms": 27.608633041381836,
      "queries_per_second": 57.74987332848677,
      "avg_similarity": 0.5574337662703974,
      "avg_top1_similarity": 0.5984924522751894,
      "min_similarity": 0.5363287070380626,
      "recall_at_10": 0.0,
      "precision_at_10": 0.0,
      "mrr": 0.0,
      "resource_metrics": {
        "duration": 0.0,
        "cpu": {
          "avg": 5.6,
          "max": 5.6,
          "min": 5.6
        },
        "memory": {
          "avg_mb": 10073.03125,
          "max_mb": 10073.03125,
          "min_mb": 10073.03125
        },
        "disk": {
          "read_total_mb": 0.0,
          "write_total_mb": 0.0
        },
        "network": {
          "sent_total_mb": 0.0,
          "recv_total_mb": 0.0
        }
      }
    },
    {
      "top_k": 20,
      "num_queries": 10,
      "avg_latency_ms": 16.617512702941895,
      "p50_latency_ms": 15.851974487304688,
      "p95_latency_ms": 21.52705192565918,
      "p99_latency_ms": 21.52705192565918,
      "min_latency_ms": 14.412164688110352,
      "max_latency_ms": 21.52705192565918,
      "queries_per_second": 60.17747769333519,
      "avg_similarity": 0.5397185943310087,
      "avg_top1_similarity": 0.5984924522751894,
      "min_similarity": 0.5143914249250633,
      "recall_at_20": 0.0,
      "precision_at_20": 0.0,
      "mrr": 0.0,
      "resource_metrics": {
        "duration": 0.0,
        "cpu": {
          "avg": 6.5,
          "max": 6.5,
          "min": 6.5
        },
        "memory": {
          "avg_mb": 10084.28125,
          "max_mb": 10084.28125,
          "min_mb": 10084.28125
        },
        "disk": {
          "read_total_mb": 0.0,
          "write_total_mb": 0.0
        },
        "network": {
          "sent_total_mb": 0.0,
          "recv_total_mb": 0.0
        }
      }
    }
  ]
}