{
  "database": "milvus",
  "config": {
    "corpus_path": "Data/test_corpus/corpus_sizes/corpus_50k",
    "test_cases_path": "Data/test_corpus/test_cases.json",
    "output_dir": "results/milvus_scaling_n10/corpus_50k/run_5",
    "milvus_config": {
      "host": "localhost",
      "port": 19530,
      "collection_name": "benchmark_test"
    },
    "embedding_model": "sentence-transformers/all-MiniLM-L6-v2",
    "embedding_type": "sentence-transformers",
    "chunk_size": 512,
    "chunk_overlap": 50,
    "chunk_strategy": "fixed",
    "top_k_values": [
      1,
      3,
      5,
      10,
      20
    ],
    "batch_size": 100
  },
  "timestamp": "2026-01-10 06:15:38",
  "ingestion": {
    "total_time_sec": 840.9711389541626,
    "num_documents": 1,
    "num_chunks": 345046,
    "parsing_time_sec": 0.6308143138885498,
    "embedding_time_sec": 810.0035362243652,
    "insertion_time_sec": 28.30483603477478
  },
  "query_results": [
    {
      "top_k": 1,
      "num_queries": 10,
      "avg_latency_ms": 73.6840009689331,
      "p50_latency_ms": 37.858009338378906,
      "p95_latency_ms": 391.6919231414795,
      "p99_latency_ms": 391.6919231414795,
      "min_latency_ms": 11.902332305908203,
      "max_latency_ms": 391.6919231414795,
      "queries_per_second": 13.571467168586887,
      "avg_similarity": 0.6609138965606689,
      "avg_top1_similarity": 0.6609138965606689,
      "min_similarity": 0.6609138965606689,
      "recall_at_1": 0.0,
      "precision_at_1": 0.0,
      "mrr": 0.0,
      "resource_metrics": {
        "duration": 0.5023560523986816,
        "cpu": {
          "avg": 34.55,
          "max": 35.1,
          "min": 34.0
        },
        "memory": {
          "avg_mb": 8431.0,
          "max_mb": 8916.765625,
          "min_mb": 7945.234375
        },
        "disk": {
          "read_total_mb": 27.98828125,
          "write_total_mb": 34.5703125
        },
        "network": {
          "sent_total_mb": 0.0087890625,
          "recv_total_mb": 0.0087890625
        }
      }
    },
    {
      "top_k": 3,
      "num_queries": 10,
      "avg_latency_ms": 12.363362312316895,
      "p50_latency_ms": 12.154817581176758,
      "p95_latency_ms": 16.24298095703125,
      "p99_latency_ms": 16.24298095703125,
      "min_latency_ms": 10.149717330932617,
      "max_latency_ms": 16.24298095703125,
      "queries_per_second": 80.8841458123215,
      "avg_similarity": 0.6381453613440196,
      "avg_top1_similarity": 0.6609138965606689,
      "min_similarity": 0.6174291014671326,
      "recall_at_3": 0.0,
      "precision_at_3": 0.0,
      "mrr": 0.0,
      "resource_metrics": {
        "duration": 0.0,
        "cpu": {
          "avg": 19.8,
          "max": 19.8,
          "min": 19.8
        },
        "memory": {
          "avg_mb": 8852.515625,
          "max_mb": 8852.515625,
          "min_mb": 8852.515625
        },
        "disk": {
          "read_total_mb": 0.0,
          "write_total_mb": 0.0
        },
        "network": {
          "sent_total_mb": 0.0,
          "recv_total_mb": 0.0
        }
      }
    },
    {
      "top_k": 5,
      "num_queries": 10,
      "avg_latency_ms": 13.225579261779785,
      "p50_latency_ms": 13.119935989379883,
      "p95_latency_ms": 16.271114349365234,
      "p99_latency_ms": 16.271114349365234,
      "min_latency_ms": 11.49892807006836,
      "max_latency_ms": 16.271114349365234,
      "queries_per_second": 75.6110549267109,
      "avg_similarity": 0.6227200627326965,
      "avg_top1_similarity": 0.6609138965606689,
      "min_similarity": 0.5959627389907837,
      "recall_at_5": 0.0,
      "precision_at_5": 0.0,
      "mrr": 0.0,
      "resource_metrics": {
        "duration": 0.0,
        "cpu": {
          "avg": 27.6,
          "max": 27.6,
          "min": 27.6
        },
        "memory": {
          "avg_mb": 8868.484375,
          "max_mb": 8868.484375,
          "min_mb": 8868.484375
        },
        "disk": {
          "read_total_mb": 0.3125,
          "write_total_mb": 0.0
        },
        "network": {
          "sent_total_mb": 0.0009765625,
          "recv_total_mb": 0.0
        }
      }
    },
    {
      "top_k": 10,
      "num_queries": 10,
      "avg_latency_ms": 13.71309757232666,
      "p50_latency_ms": 12.979984283447266,
      "p95_latency_ms": 19.006967544555664,
      "p99_latency_ms": 19.006967544555664,
      "min_latency_ms": 10.88404655456543,
      "max_latency_ms": 19.006967544555664,
      "queries_per_second": 72.92298437502717,
      "avg_similarity": 0.5995994764566421,
      "avg_top1_similarity": 0.6609138965606689,
      "min_similarity": 0.5663065493106842,
      "recall_at_10": 0.0,
      "precision_at_10": 0.0,
      "mrr": 0.0,
      "resource_metrics": {
        "duration": 0.0,
        "cpu": {
          "avg": 15.9,
          "max": 15.9,
          "min": 15.9
        },
        "memory": {
          "avg_mb": 8871.515625,
          "max_mb": 8871.515625,
          "min_mb": 8871.515625
        },
        "disk": {
          "read_total_mb": 0.0,
          "write_total_mb": 0.0
        },
        "network": {
          "sent_total_mb": 0.0,
          "recv_total_mb": 0.0
        }
      }
    },
    {
      "top_k": 20,
      "num_queries": 10,
      "avg_latency_ms": 13.046550750732422,
      "p50_latency_ms": 12.813091278076172,
      "p95_latency_ms": 17.673969268798828,
      "p99_latency_ms": 17.673969268798828,
      "min_latency_ms": 10.797977447509766,
      "max_latency_ms": 17.673969268798828,
      "queries_per_second": 76.6486115070576,
      "avg_similarity": 0.5702720387279987,
      "avg_top1_similarity": 0.6609138965606689,
      "min_similarity": 0.5265180826187134,
      "recall_at_20": 0.0,
      "precision_at_20": 0.0,
      "mrr": 0.0,
      "resource_metrics": {
        "duration": 0.0,
        "cpu": {
          "avg": 18.0,
          "max": 18.0,
          "min": 18.0
        },
        "memory": {
          "avg_mb": 8904.21875,
          "max_mb": 8904.21875,
          "min_mb": 8904.21875
        },
        "disk": {
          "read_total_mb": 0.0,
          "write_total_mb": 0.0
        },
        "network": {
          "sent_total_mb": 0.0,
          "recv_total_mb": 0.0
        }
      }
    }
  ]
}