{
  "database": "chroma",
  "config": {
    "corpus_path": "Data/test_corpus/corpus_sizes/corpus_1k",
    "test_cases_path": "Data/test_corpus/test_cases.json",
    "output_dir": "results/chroma_scaling_n10/corpus_1k/run_6",
    "chroma_config": {
      "persist_directory": "./vector_stores/chroma_db",
      "collection_name": "benchmark_test"
    },
    "embedding_model": "sentence-transformers/all-MiniLM-L6-v2",
    "embedding_type": "sentence-transformers",
    "chunk_size": 512,
    "chunk_overlap": 50,
    "chunk_strategy": "fixed",
    "top_k_values": [
      1,
      3,
      5,
      10,
      20
    ],
    "batch_size": 100
  },
  "timestamp": "2026-01-22 12:39:44",
  "ingestion": {
    "total_time_sec": 18.90350604057312,
    "num_documents": 1,
    "num_chunks": 5562,
    "parsing_time_sec": 0.0061337947845458984,
    "embedding_time_sec": 12.951997995376587,
    "insertion_time_sec": 5.475829124450684
  },
  "query_results": [
    {
      "top_k": 1,
      "num_queries": 10,
      "avg_latency_ms": 20.954442024230957,
      "p50_latency_ms": 21.13938331604004,
      "p95_latency_ms": 55.89628219604492,
      "p99_latency_ms": 55.89628219604492,
      "min_latency_ms": 6.050825119018555,
      "max_latency_ms": 55.89628219604492,
      "queries_per_second": 47.72257828882469,
      "avg_similarity": 0.5281620383262634,
      "avg_top1_similarity": 0.5281620383262634,
      "min_similarity": 0.5281620383262634,
      "recall_at_1": 0.0,
      "precision_at_1": 0.0,
      "mrr": 0.0,
      "resource_metrics": {
        "duration": 0.0,
        "cpu": {
          "avg": 0.0,
          "max": 0.0,
          "min": 0.0
        },
        "memory": {
          "avg_mb": 11101.59375,
          "max_mb": 11101.59375,
          "min_mb": 11101.59375
        },
        "disk": {
          "read_total_mb": 0.015625,
          "write_total_mb": 0.0
        },
        "network": {
          "sent_total_mb": 0.0,
          "recv_total_mb": 0.0
        }
      }
    },
    {
      "top_k": 3,
      "num_queries": 10,
      "avg_latency_ms": 8.125948905944824,
      "p50_latency_ms": 8.02302360534668,
      "p95_latency_ms": 12.181997299194336,
      "p99_latency_ms": 12.181997299194336,
      "min_latency_ms": 6.340980529785156,
      "max_latency_ms": 12.181997299194336,
      "queries_per_second": 123.0625507955649,
      "avg_similarity": 0.5003336449464162,
      "avg_top1_similarity": 0.5281620383262634,
      "min_similarity": 0.4769756615161896,
      "recall_at_3": 0.0,
      "precision_at_3": 0.0,
      "mrr": 0.0,
      "resource_metrics": {
        "duration": 0.0,
        "cpu": {
          "avg": 17.5,
          "max": 17.5,
          "min": 17.5
        },
        "memory": {
          "avg_mb": 12019.078125,
          "max_mb": 12019.078125,
          "min_mb": 12019.078125
        },
        "disk": {
          "read_total_mb": 0.0,
          "write_total_mb": 0.0
        },
        "network": {
          "sent_total_mb": 0.0,
          "recv_total_mb": 0.0
        }
      }
    },
    {
      "top_k": 5,
      "num_queries": 10,
      "avg_latency_ms": 7.642602920532227,
      "p50_latency_ms": 7.203102111816406,
      "p95_latency_ms": 12.434005737304688,
      "p99_latency_ms": 12.434005737304688,
      "min_latency_ms": 6.008148193359375,
      "max_latency_ms": 12.434005737304688,
      "queries_per_second": 130.8454737735296,
      "avg_similarity": 0.4829401302337647,
      "avg_top1_similarity": 0.5281620383262634,
      "min_similarity": 0.4524800479412079,
      "recall_at_5": 0.0,
      "precision_at_5": 0.0,
      "mrr": 0.0,
      "resource_metrics": {
        "duration": 0.0,
        "cpu": {
          "avg": 17.5,
          "max": 17.5,
          "min": 17.5
        },
        "memory": {
          "avg_mb": 11920.875,
          "max_mb": 11920.875,
          "min_mb": 11920.875
        },
        "disk": {
          "read_total_mb": 0.0,
          "write_total_mb": 0.0
        },
        "network": {
          "sent_total_mb": 0.0,
          "recv_total_mb": 0.0
        }
      }
    },
    {
      "top_k": 10,
      "num_queries": 10,
      "avg_latency_ms": 7.811379432678223,
      "p50_latency_ms": 7.409095764160156,
      "p95_latency_ms": 11.786937713623047,
      "p99_latency_ms": 11.786937713623047,
      "min_latency_ms": 5.86700439453125,
      "max_latency_ms": 11.786937713623047,
      "queries_per_second": 128.01836200871097,
      "avg_similarity": 0.45815175652503976,
      "avg_top1_similarity": 0.5281620383262634,
      "min_similarity": 0.42196530699729917,
      "recall_at_10": 0.0,
      "precision_at_10": 0.0,
      "mrr": 0.0,
      "resource_metrics": {
        "duration": 0.0,
        "cpu": {
          "avg": 15.1,
          "max": 15.1,
          "min": 15.1
        },
        "memory": {
          "avg_mb": 11885.203125,
          "max_mb": 11885.203125,
          "min_mb": 11885.203125
        },
        "disk": {
          "read_total_mb": 0.0,
          "write_total_mb": 0.0
        },
        "network": {
          "sent_total_mb": 0.0,
          "recv_total_mb": 0.0
        }
      }
    },
    {
      "top_k": 20,
      "num_queries": 10,
      "avg_latency_ms": 8.138513565063477,
      "p50_latency_ms": 7.418155670166016,
      "p95_latency_ms": 14.373064041137695,
      "p99_latency_ms": 14.373064041137695,
      "min_latency_ms": 6.613969802856445,
      "max_latency_ms": 14.373064041137695,
      "queries_per_second": 122.87256045044148,
      "avg_similarity": 0.4276216015219688,
      "avg_top1_similarity": 0.5281620383262634,
      "min_similarity": 0.38250707983970644,
      "recall_at_20": 0.0,
      "precision_at_20": 0.0,
      "mrr": 0.0,
      "resource_metrics": {
        "duration": 0.0,
        "cpu": {
          "avg": 16.8,
          "max": 16.8,
          "min": 16.8
        },
        "memory": {
          "avg_mb": 11852.53125,
          "max_mb": 11852.53125,
          "min_mb": 11852.53125
        },
        "disk": {
          "read_total_mb": 0.0,
          "write_total_mb": 0.0
        },
        "network": {
          "sent_total_mb": 0.0,
          "recv_total_mb": 0.0
        }
      }
    }
  ]
}