{
  "database": "chroma",
  "config": {
    "corpus_path": "Data/test_corpus/corpus_sizes/corpus_50k",
    "test_cases_path": "Data/test_corpus/test_cases.json",
    "output_dir": "results/chroma_scaling_n10/corpus_50k/run_5",
    "chroma_config": {
      "persist_directory": "./vector_stores/chroma_db",
      "collection_name": "benchmark_test"
    },
    "embedding_model": "sentence-transformers/all-MiniLM-L6-v2",
    "embedding_type": "sentence-transformers",
    "chunk_size": 512,
    "chunk_overlap": 50,
    "chunk_strategy": "fixed",
    "top_k_values": [
      1,
      3,
      5,
      10,
      20
    ],
    "batch_size": 100
  },
  "timestamp": "2026-01-22 13:25:13",
  "ingestion": {
    "total_time_sec": 1267.8293578624725,
    "num_documents": 1,
    "num_chunks": 345046,
    "parsing_time_sec": 0.6118879318237305,
    "embedding_time_sec": 804.4682590961456,
    "insertion_time_sec": 461.96044397354126
  },
  "query_results": [
    {
      "top_k": 1,
      "num_queries": 10,
      "avg_latency_ms": 41.90933704376221,
      "p50_latency_ms": 26.118993759155273,
      "p95_latency_ms": 241.97912216186523,
      "p99_latency_ms": 241.97912216186523,
      "min_latency_ms": 6.322383880615234,
      "max_latency_ms": 241.97912216186523,
      "queries_per_second": 23.861031229288802,
      "avg_similarity": 0.6609139084815979,
      "avg_top1_similarity": 0.6609139084815979,
      "min_similarity": 0.6609139084815979,
      "recall_at_1": 0.0,
      "precision_at_1": 0.0,
      "mrr": 0.0,
      "resource_metrics": {
        "duration": 0.0,
        "cpu": {
          "avg": 18.2,
          "max": 18.2,
          "min": 18.2
        },
        "memory": {
          "avg_mb": 7454.296875,
          "max_mb": 7454.296875,
          "min_mb": 7454.296875
        },
        "disk": {
          "read_total_mb": 0.0,
          "write_total_mb": 0.0
        },
        "network": {
          "sent_total_mb": 0.0,
          "recv_total_mb": 0.0
        }
      }
    },
    {
      "top_k": 3,
      "num_queries": 10,
      "avg_latency_ms": 7.636117935180664,
      "p50_latency_ms": 7.752895355224609,
      "p95_latency_ms": 9.741783142089844,
      "p99_latency_ms": 9.741783142089844,
      "min_latency_ms": 6.232738494873047,
      "max_latency_ms": 9.741783142089844,
      "queries_per_second": 130.9565945010959,
      "avg_similarity": 0.6381454805533091,
      "avg_top1_similarity": 0.6609139084815979,
      "min_similarity": 0.617429256439209,
      "recall_at_3": 0.0,
      "precision_at_3": 0.0,
      "mrr": 0.0,
      "resource_metrics": {
        "duration": 0.0,
        "cpu": {
          "avg": 21.0,
          "max": 21.0,
          "min": 21.0
        },
        "memory": {
          "avg_mb": 8467.25,
          "max_mb": 8467.25,
          "min_mb": 8467.25
        },
        "disk": {
          "read_total_mb": 0.0,
          "write_total_mb": 0.0
        },
        "network": {
          "sent_total_mb": 0.0,
          "recv_total_mb": 0.0
        }
      }
    },
    {
      "top_k": 5,
      "num_queries": 10,
      "avg_latency_ms": 8.501195907592773,
      "p50_latency_ms": 8.07499885559082,
      "p95_latency_ms": 14.729976654052734,
      "p99_latency_ms": 14.729976654052734,
      "min_latency_ms": 6.948947906494141,
      "max_latency_ms": 14.729976654052734,
      "queries_per_second": 117.63050879781022,
      "avg_similarity": 0.6227201652526855,
      "avg_top1_similarity": 0.6609139084815979,
      "min_similarity": 0.5959628403186799,
      "recall_at_5": 0.0,
      "precision_at_5": 0.0,
      "mrr": 0.0,
      "resource_metrics": {
        "duration": 0.0,
        "cpu": {
          "avg": 12.7,
          "max": 12.7,
          "min": 12.7
        },
        "memory": {
          "avg_mb": 8484.125,
          "max_mb": 8484.125,
          "min_mb": 8484.125
        },
        "disk": {
          "read_total_mb": 0.0,
          "write_total_mb": 0.0
        },
        "network": {
          "sent_total_mb": 0.0,
          "recv_total_mb": 0.0
        }
      }
    },
    {
      "top_k": 10,
      "num_queries": 10,
      "avg_latency_ms": 8.675861358642578,
      "p50_latency_ms": 8.336305618286133,
      "p95_latency_ms": 13.998270034790039,
      "p99_latency_ms": 13.998270034790039,
      "min_latency_ms": 6.0710906982421875,
      "max_latency_ms": 13.998270034790039,
      "queries_per_second": 115.26233058160113,
      "avg_similarity": 0.599599574804306,
      "avg_top1_similarity": 0.6609139084815979,
      "min_similarity": 0.5663066267967224,
      "recall_at_10": 0.0,
      "precision_at_10": 0.0,
      "mrr": 0.0,
      "resource_metrics": {
        "duration": 0.0,
        "cpu": {
          "avg": 11.9,
          "max": 11.9,
          "min": 11.9
        },
        "memory": {
          "avg_mb": 8478.140625,
          "max_mb": 8478.140625,
          "min_mb": 8478.140625
        },
        "disk": {
          "read_total_mb": 0.0,
          "write_total_mb": 0.0
        },
        "network": {
          "sent_total_mb": 0.0,
          "recv_total_mb": 0.0
        }
      }
    },
    {
      "top_k": 20,
      "num_queries": 10,
      "avg_latency_ms": 10.60488224029541,
      "p50_latency_ms": 9.357213973999023,
      "p95_latency_ms": 16.134977340698242,
      "p99_latency_ms": 16.134977340698242,
      "min_latency_ms": 7.605075836181641,
      "max_latency_ms": 16.134977340698242,
      "queries_per_second": 94.29619088086582,
      "avg_similarity": 0.5703944775462151,
      "avg_top1_similarity": 0.6609139084815979,
      "min_similarity": 0.527326101064682,
      "recall_at_20": 0.0,
      "precision_at_20": 0.0,
      "mrr": 0.0,
      "resource_metrics": {
        "duration": 0.0,
        "cpu": {
          "avg": 14.0,
          "max": 14.0,
          "min": 14.0
        },
        "memory": {
          "avg_mb": 8493.375,
          "max_mb": 8493.375,
          "min_mb": 8493.375
        },
        "disk": {
          "read_total_mb": 0.0,
          "write_total_mb": 0.0
        },
        "network": {
          "sent_total_mb": 0.0,
          "recv_total_mb": 0.0
        }
      }
    }
  ]
}