{
  "database": "weaviate",
  "config": {
    "corpus_path": "Data/test_corpus/corpus_sizes/corpus_1k",
    "test_cases_path": "Data/test_corpus/test_cases.json",
    "output_dir": "results/weaviate_scaling_n10/corpus_1k/run_8",
    "weaviate_config": {
      "host": "localhost",
      "port": 8082,
      "class_name": "BenchmarkTest"
    },
    "embedding_model": "sentence-transformers/all-MiniLM-L6-v2",
    "embedding_type": "sentence-transformers",
    "chunk_size": 512,
    "chunk_overlap": 50,
    "chunk_strategy": "fixed",
    "top_k_values": [
      1,
      3,
      5,
      10,
      20
    ],
    "batch_size": 100
  },
  "timestamp": "2026-01-10 03:28:14",
  "ingestion": {
    "total_time_sec": 16.263484954833984,
    "num_documents": 1,
    "num_chunks": 5562,
    "parsing_time_sec": 0.09581303596496582,
    "embedding_time_sec": 13.621674060821533,
    "insertion_time_sec": 2.362169027328491
  },
  "query_results": [
    {
      "top_k": 1,
      "num_queries": 10,
      "avg_latency_ms": 26.112675666809082,
      "p50_latency_ms": 27.390003204345703,
      "p95_latency_ms": 64.38922882080078,
      "p99_latency_ms": 64.38922882080078,
      "min_latency_ms": 9.675979614257812,
      "max_latency_ms": 64.38922882080078,
      "queries_per_second": 38.29557770179275,
      "avg_similarity": 0.5281620919704437,
      "avg_top1_similarity": 0.5281620919704437,
      "min_similarity": 0.5281620919704437,
      "recall_at_1": 0.0,
      "precision_at_1": 0.0,
      "mrr": 0.0,
      "resource_metrics": {
        "duration": 0.0,
        "cpu": {
          "avg": 0.0,
          "max": 0.0,
          "min": 0.0
        },
        "memory": {
          "avg_mb": 10933.40625,
          "max_mb": 10933.40625,
          "min_mb": 10933.40625
        },
        "disk": {
          "read_total_mb": 0.0,
          "write_total_mb": 0.0
        },
        "network": {
          "sent_total_mb": 0.0,
          "recv_total_mb": 0.0
        }
      }
    },
    {
      "top_k": 3,
      "num_queries": 10,
      "avg_latency_ms": 11.436319351196289,
      "p50_latency_ms": 10.718822479248047,
      "p95_latency_ms": 15.777111053466797,
      "p99_latency_ms": 15.777111053466797,
      "min_latency_ms": 8.887052536010742,
      "max_latency_ms": 15.777111053466797,
      "queries_per_second": 87.44072015577247,
      "avg_similarity": 0.500333595275879,
      "avg_top1_similarity": 0.5281620919704437,
      "min_similarity": 0.4769755721092224,
      "recall_at_3": 0.0,
      "precision_at_3": 0.0,
      "mrr": 0.0,
      "resource_metrics": {
        "duration": 0.0,
        "cpu": {
          "avg": 0.0,
          "max": 0.0,
          "min": 0.0
        },
        "memory": {
          "avg_mb": 11475.84375,
          "max_mb": 11475.84375,
          "min_mb": 11475.84375
        },
        "disk": {
          "read_total_mb": 0.0,
          "write_total_mb": 0.0
        },
        "network": {
          "sent_total_mb": 0.0,
          "recv_total_mb": 0.0
        }
      }
    },
    {
      "top_k": 5,
      "num_queries": 10,
      "avg_latency_ms": 10.968947410583496,
      "p50_latency_ms": 10.779857635498047,
      "p95_latency_ms": 15.626192092895508,
      "p99_latency_ms": 15.626192092895508,
      "min_latency_ms": 8.185148239135742,
      "max_latency_ms": 15.626192092895508,
      "queries_per_second": 91.1664503956998,
      "avg_similarity": 0.48294008612632755,
      "avg_top1_similarity": 0.5281620919704437,
      "min_similarity": 0.45248001217842104,
      "recall_at_5": 0.0,
      "precision_at_5": 0.0,
      "mrr": 0.0,
      "resource_metrics": {
        "duration": 0.0,
        "cpu": {
          "avg": 15.4,
          "max": 15.4,
          "min": 15.4
        },
        "memory": {
          "avg_mb": 11348.59375,
          "max_mb": 11348.59375,
          "min_mb": 11348.59375
        },
        "disk": {
          "read_total_mb": 0.0,
          "write_total_mb": 0.0
        },
        "network": {
          "sent_total_mb": 0.0,
          "recv_total_mb": 0.0
        }
      }
    },
    {
      "top_k": 10,
      "num_queries": 10,
      "avg_latency_ms": 12.717819213867188,
      "p50_latency_ms": 13.252019882202148,
      "p95_latency_ms": 15.958070755004883,
      "p99_latency_ms": 15.958070755004883,
      "min_latency_ms": 9.806632995605469,
      "max_latency_ms": 15.958070755004883,
      "queries_per_second": 78.62983292840217,
      "avg_similarity": 0.45815171718597414,
      "avg_top1_similarity": 0.5281620919704437,
      "min_similarity": 0.42196529507637026,
      "recall_at_10": 0.0,
      "precision_at_10": 0.0,
      "mrr": 0.0,
      "resource_metrics": {
        "duration": 0.0,
        "cpu": {
          "avg": 10.7,
          "max": 10.7,
          "min": 10.7
        },
        "memory": {
          "avg_mb": 11316.71875,
          "max_mb": 11316.71875,
          "min_mb": 11316.71875
        },
        "disk": {
          "read_total_mb": 0.0,
          "write_total_mb": 0.0
        },
        "network": {
          "sent_total_mb": 0.0,
          "recv_total_mb": 0.0
        }
      }
    },
    {
      "top_k": 20,
      "num_queries": 10,
      "avg_latency_ms": 11.453723907470703,
      "p50_latency_ms": 11.284828186035156,
      "p95_latency_ms": 14.294147491455078,
      "p99_latency_ms": 14.294147491455078,
      "min_latency_ms": 9.862184524536133,
      "max_latency_ms": 14.294147491455078,
      "queries_per_second": 87.30784922690069,
      "avg_similarity": 0.42762157768011094,
      "avg_top1_similarity": 0.5281620919704437,
      "min_similarity": 0.3825070321559906,
      "recall_at_20": 0.0,
      "precision_at_20": 0.0,
      "mrr": 0.0,
      "resource_metrics": {
        "duration": 0.0,
        "cpu": {
          "avg": 13.5,
          "max": 13.5,
          "min": 13.5
        },
        "memory": {
          "avg_mb": 11443.5625,
          "max_mb": 11443.5625,
          "min_mb": 11443.5625
        },
        "disk": {
          "read_total_mb": 0.0,
          "write_total_mb": 0.0
        },
        "network": {
          "sent_total_mb": 0.0,
          "recv_total_mb": 0.0
        }
      }
    }
  ]
}