{
  "database": "faiss",
  "config": {
    "corpus_path": "Data/test_corpus/documents",
    "test_cases_path": "Data/test_corpus/test_cases.json",
    "output_dir": "results/faiss_scaling_n10/corpus_baseline/run_9",
    "faiss_config": {
      "index_path": "./vector_stores/faiss_index.index",
      "index_type": "Flat"
    },
    "embedding_model": "sentence-transformers/all-MiniLM-L6-v2",
    "embedding_type": "sentence-transformers",
    "chunk_size": 512,
    "chunk_overlap": 50,
    "chunk_strategy": "fixed",
    "top_k_values": [
      1,
      3,
      5,
      10,
      20
    ],
    "batch_size": 100
  },
  "timestamp": "2026-01-09 04:17:19",
  "ingestion": {
    "total_time_sec": 0.5057840347290039,
    "num_documents": 20,
    "num_chunks": 175,
    "parsing_time_sec": 0.00015783309936523438,
    "embedding_time_sec": 0.2897329330444336,
    "insertion_time_sec": 0.0001418590545654297
  },
  "query_results": [
    {
      "top_k": 1,
      "num_queries": 10,
      "avg_latency_ms": 19.465279579162598,
      "p50_latency_ms": 20.549774169921875,
      "p95_latency_ms": 52.694082260131836,
      "p99_latency_ms": 52.694082260131836,
      "min_latency_ms": 4.029273986816406,
      "max_latency_ms": 52.694082260131836,
      "queries_per_second": 51.373523608183405,
      "avg_similarity": 0.6558685830481964,
      "avg_top1_similarity": 0.6558685830481964,
      "min_similarity": 0.6558685830481964,
      "recall_at_1": 0.0,
      "precision_at_1": 0.0,
      "mrr": 0.0,
      "resource_metrics": {
        "duration": 0.0,
        "cpu": {
          "avg": 0.0,
          "max": 0.0,
          "min": 0.0
        },
        "memory": {
          "avg_mb": 9600.578125,
          "max_mb": 9600.578125,
          "min_mb": 9600.578125
        },
        "disk": {
          "read_total_mb": 0.0,
          "write_total_mb": 0.0
        },
        "network": {
          "sent_total_mb": 0.0,
          "recv_total_mb": 0.0
        }
      }
    },
    {
      "top_k": 3,
      "num_queries": 10,
      "avg_latency_ms": 8.669519424438477,
      "p50_latency_ms": 8.931159973144531,
      "p95_latency_ms": 13.099193572998047,
      "p99_latency_ms": 13.099193572998047,
      "min_latency_ms": 6.088972091674805,
      "max_latency_ms": 13.099193572998047,
      "queries_per_second": 115.34664737945032,
      "avg_similarity": 0.6207565974181617,
      "avg_top1_similarity": 0.6558685830481964,
      "min_similarity": 0.5930177544379064,
      "recall_at_3": 0.0,
      "precision_at_3": 0.0,
      "mrr": 0.0,
      "resource_metrics": {
        "duration": 0.0,
        "cpu": {
          "avg": 7.9,
          "max": 7.9,
          "min": 7.9
        },
        "memory": {
          "avg_mb": 9636.203125,
          "max_mb": 9636.203125,
          "min_mb": 9636.203125
        },
        "disk": {
          "read_total_mb": 0.0,
          "write_total_mb": 0.0
        },
        "network": {
          "sent_total_mb": 0.0,
          "recv_total_mb": 0.0
        }
      }
    },
    {
      "top_k": 5,
      "num_queries": 10,
      "avg_latency_ms": 9.221053123474121,
      "p50_latency_ms": 8.940696716308594,
      "p95_latency_ms": 12.887954711914062,
      "p99_latency_ms": 12.887954711914062,
      "min_latency_ms": 7.561922073364258,
      "max_latency_ms": 12.887954711914062,
      "queries_per_second": 108.44748279936601,
      "avg_similarity": 0.6046052149619034,
      "avg_top1_similarity": 0.6558685830481964,
      "min_similarity": 0.574238389256997,
      "recall_at_5": 0.0,
      "precision_at_5": 0.0,
      "mrr": 0.0,
      "resource_metrics": {
        "duration": 0.0,
        "cpu": {
          "avg": 6.5,
          "max": 6.5,
          "min": 6.5
        },
        "memory": {
          "avg_mb": 9689.0625,
          "max_mb": 9689.0625,
          "min_mb": 9689.0625
        },
        "disk": {
          "read_total_mb": 0.0,
          "write_total_mb": 0.0
        },
        "network": {
          "sent_total_mb": 0.0,
          "recv_total_mb": 0.0
        }
      }
    },
    {
      "top_k": 10,
      "num_queries": 10,
      "avg_latency_ms": 8.989620208740234,
      "p50_latency_ms": 8.930683135986328,
      "p95_latency_ms": 12.824058532714844,
      "p99_latency_ms": 12.824058532714844,
      "min_latency_ms": 6.758213043212891,
      "max_latency_ms": 12.824058532714844,
      "queries_per_second": 111.23940464445222,
      "avg_similarity": 0.5790956195186044,
      "avg_top1_similarity": 0.6558685830481964,
      "min_similarity": 0.5425923134499462,
      "recall_at_10": 0.0,
      "precision_at_10": 0.0,
      "mrr": 0.0,
      "resource_metrics": {
        "duration": 0.0,
        "cpu": {
          "avg": 5.6,
          "max": 5.6,
          "min": 5.6
        },
        "memory": {
          "avg_mb": 9689.484375,
          "max_mb": 9689.484375,
          "min_mb": 9689.484375
        },
        "disk": {
          "read_total_mb": 0.0,
          "write_total_mb": 0.0
        },
        "network": {
          "sent_total_mb": 0.0,
          "recv_total_mb": 0.0
        }
      }
    },
    {
      "top_k": 20,
      "num_queries": 10,
      "avg_latency_ms": 9.413981437683105,
      "p50_latency_ms": 8.606195449829102,
      "p95_latency_ms": 13.899087905883789,
      "p99_latency_ms": 13.899087905883789,
      "min_latency_ms": 7.642984390258789,
      "max_latency_ms": 13.899087905883789,
      "queries_per_second": 106.22498106880823,
      "avg_similarity": 0.5453628752030946,
      "avg_top1_similarity": 0.6558685830481964,
      "min_similarity": 0.4985174671610725,
      "recall_at_20": 0.0,
      "precision_at_20": 0.0,
      "mrr": 0.0,
      "resource_metrics": {
        "duration": 0.0,
        "cpu": {
          "avg": 6.5,
          "max": 6.5,
          "min": 6.5
        },
        "memory": {
          "avg_mb": 9670.21875,
          "max_mb": 9670.21875,
          "min_mb": 9670.21875
        },
        "disk": {
          "read_total_mb": 0.0,
          "write_total_mb": 0.0
        },
        "network": {
          "sent_total_mb": 0.0,
          "recv_total_mb": 0.0
        }
      }
    }
  ]
}