{
  "database": "faiss",
  "config": {
    "corpus_path": "Data/test_corpus/corpus_sizes/corpus_1k",
    "test_cases_path": "Data/test_corpus/test_cases.json",
    "output_dir": "results/faiss_scaling_n10/corpus_1k/run_7",
    "faiss_config": {
      "index_path": "./vector_stores/faiss_index.index",
      "index_type": "Flat"
    },
    "embedding_model": "sentence-transformers/all-MiniLM-L6-v2",
    "embedding_type": "sentence-transformers",
    "chunk_size": 512,
    "chunk_overlap": 50,
    "chunk_strategy": "fixed",
    "top_k_values": [
      1,
      3,
      5,
      10,
      20
    ],
    "batch_size": 100
  },
  "timestamp": "2026-01-07 21:25:24",
  "ingestion": {
    "total_time_sec": 13.239509105682373,
    "num_documents": 1,
    "num_chunks": 5562,
    "parsing_time_sec": 0.006554126739501953,
    "embedding_time_sec": 13.076044082641602,
    "insertion_time_sec": 0.001722097396850586
  },
  "query_results": [
    {
      "top_k": 1,
      "num_queries": 10,
      "avg_latency_ms": 20.17064094543457,
      "p50_latency_ms": 20.97296714782715,
      "p95_latency_ms": 54.64506149291992,
      "p99_latency_ms": 54.64506149291992,
      "min_latency_ms": 3.9870738983154297,
      "max_latency_ms": 54.64506149291992,
      "queries_per_second": 49.57700663579262,
      "avg_similarity": 0.5210750799192773,
      "avg_top1_similarity": 0.5210750799192773,
      "min_similarity": 0.5210750799192773,
      "recall_at_1": 0.0,
      "precision_at_1": 0.0,
      "mrr": 0.0,
      "resource_metrics": {
        "duration": 0.0,
        "cpu": {
          "avg": 0.0,
          "max": 0.0,
          "min": 0.0
        },
        "memory": {
          "avg_mb": 12904.046875,
          "max_mb": 12904.046875,
          "min_mb": 12904.046875
        },
        "disk": {
          "read_total_mb": 0.0234375,
          "write_total_mb": 0.0
        },
        "network": {
          "sent_total_mb": 0.0,
          "recv_total_mb": 0.0
        }
      }
    },
    {
      "top_k": 3,
      "num_queries": 10,
      "avg_latency_ms": 8.742070198059082,
      "p50_latency_ms": 8.524179458618164,
      "p95_latency_ms": 13.132095336914062,
      "p99_latency_ms": 13.132095336914062,
      "min_latency_ms": 6.01506233215332,
      "max_latency_ms": 13.132095336914062,
      "queries_per_second": 114.38938115848353,
      "avg_similarity": 0.5059781398986011,
      "avg_top1_similarity": 0.5210750799192773,
      "min_similarity": 0.493759919746614,
      "recall_at_3": 0.0,
      "precision_at_3": 0.0,
      "mrr": 0.0,
      "resource_metrics": {
        "duration": 0.0,
        "cpu": {
          "avg": 10.4,
          "max": 10.4,
          "min": 10.4
        },
        "memory": {
          "avg_mb": 12942.40625,
          "max_mb": 12942.40625,
          "min_mb": 12942.40625
        },
        "disk": {
          "read_total_mb": 0.03125,
          "write_total_mb": 0.0
        },
        "network": {
          "sent_total_mb": 0.0,
          "recv_total_mb": 0.0
        }
      }
    },
    {
      "top_k": 5,
      "num_queries": 10,
      "avg_latency_ms": 9.902358055114746,
      "p50_latency_ms": 9.484052658081055,
      "p95_latency_ms": 14.019012451171875,
      "p99_latency_ms": 14.019012451171875,
      "min_latency_ms": 7.847785949707031,
      "max_latency_ms": 14.019012451171875,
      "queries_per_second": 100.98604740751442,
      "avg_similarity": 0.49715507483102944,
      "avg_top1_similarity": 0.5210750799192773,
      "min_similarity": 0.4819666974851036,
      "recall_at_5": 0.0,
      "precision_at_5": 0.0,
      "mrr": 0.0,
      "resource_metrics": {
        "duration": 0.0,
        "cpu": {
          "avg": 11.0,
          "max": 11.0,
          "min": 11.0
        },
        "memory": {
          "avg_mb": 12284.453125,
          "max_mb": 12284.453125,
          "min_mb": 12284.453125
        },
        "disk": {
          "read_total_mb": 0.03125,
          "write_total_mb": 0.0
        },
        "network": {
          "sent_total_mb": 0.0,
          "recv_total_mb": 0.0
        }
      }
    },
    {
      "top_k": 10,
      "num_queries": 10,
      "avg_latency_ms": 9.383559226989746,
      "p50_latency_ms": 8.632183074951172,
      "p95_latency_ms": 13.850212097167969,
      "p99_latency_ms": 13.850212097167969,
      "min_latency_ms": 7.750988006591797,
      "max_latency_ms": 13.850212097167969,
      "queries_per_second": 106.56937051387918,
      "avg_similarity": 0.4847373656715314,
      "avg_top1_similarity": 0.5210750799192773,
      "min_similarity": 0.46673530390332774,
      "recall_at_10": 0.0,
      "precision_at_10": 0.0,
      "mrr": 0.0,
      "resource_metrics": {
        "duration": 0.0,
        "cpu": {
          "avg": 12.3,
          "max": 12.3,
          "min": 12.3
        },
        "memory": {
          "avg_mb": 12268.09375,
          "max_mb": 12268.09375,
          "min_mb": 12268.09375
        },
        "disk": {
          "read_total_mb": 0.03515625,
          "write_total_mb": 0.0
        },
        "network": {
          "sent_total_mb": 0.0,
          "recv_total_mb": 0.0
        }
      }
    },
    {
      "top_k": 20,
      "num_queries": 10,
      "avg_latency_ms": 9.87691879272461,
      "p50_latency_ms": 9.884834289550781,
      "p95_latency_ms": 13.700246810913086,
      "p99_latency_ms": 13.700246810913086,
      "min_latency_ms": 7.745027542114258,
      "max_latency_ms": 13.700246810913086,
      "queries_per_second": 101.24614983537226,
      "avg_similarity": 0.4701479685882138,
      "avg_top1_similarity": 0.5210750799192773,
      "min_similarity": 0.44928775157628353,
      "recall_at_20": 0.0,
      "precision_at_20": 0.0,
      "mrr": 0.0,
      "resource_metrics": {
        "duration": 0.0,
        "cpu": {
          "avg": 10.7,
          "max": 10.7,
          "min": 10.7
        },
        "memory": {
          "avg_mb": 11740.671875,
          "max_mb": 11740.671875,
          "min_mb": 11740.671875
        },
        "disk": {
          "read_total_mb": 0.03515625,
          "write_total_mb": 0.0
        },
        "network": {
          "sent_total_mb": 0.0,
          "recv_total_mb": 0.0
        }
      }
    }
  ]
}