{
  "database": "faiss",
  "config": {
    "corpus_path": "Data/test_corpus/corpus_sizes/corpus_1m",
    "test_cases_path": "Data/test_corpus/test_cases.json",
    "output_dir": "results/faiss_scaling_n10/corpus_1m/run_8",
    "faiss_config": {
      "index_path": "./vector_stores/faiss_index.index",
      "index_type": "Flat"
    },
    "embedding_model": "sentence-transformers/all-MiniLM-L6-v2",
    "embedding_type": "sentence-transformers",
    "chunk_size": 512,
    "chunk_overlap": 50,
    "chunk_strategy": "fixed",
    "top_k_values": [
      1,
      3,
      5,
      10,
      20
    ],
    "batch_size": 100
  },
  "timestamp": "2026-01-08 04:41:14",
  "ingestion": {
    "total_time_sec": 5195.399024248123,
    "num_documents": 1,
    "num_chunks": 2249072,
    "parsing_time_sec": 3.148069143295288,
    "embedding_time_sec": 5174.589194059372,
    "insertion_time_sec": 5.17691969871521
  },
  "query_results": [
    {
      "top_k": 1,
      "num_queries": 10,
      "avg_latency_ms": 404.92587089538574,
      "p50_latency_ms": 89.17832374572754,
      "p95_latency_ms": 3323.204755783081,
      "p99_latency_ms": 3323.204755783081,
      "min_latency_ms": 58.79497528076172,
      "max_latency_ms": 3323.204755783081,
      "queries_per_second": 2.469587823047133,
      "avg_similarity": 0.6081104759530154,
      "avg_top1_similarity": 0.6081104759530154,
      "min_similarity": 0.6081104759530154,
      "recall_at_1": 0.0,
      "precision_at_1": 0.0,
      "mrr": 0.0,
      "resource_metrics": {
        "duration": 4.047351121902466,
        "cpu": {
          "avg": 15.52222222222222,
          "max": 26.5,
          "min": 0.0
        },
        "memory": {
          "avg_mb": 9067.838541666666,
          "max_mb": 10211.578125,
          "min_mb": 8552.6875
        },
        "disk": {
          "read_total_mb": 1406.7265625,
          "write_total_mb": 131.2578125
        },
        "network": {
          "sent_total_mb": 0.0302734375,
          "recv_total_mb": 0.048828125
        }
      }
    },
    {
      "top_k": 3,
      "num_queries": 10,
      "avg_latency_ms": 58.82554054260254,
      "p50_latency_ms": 57.36398696899414,
      "p95_latency_ms": 73.05598258972168,
      "p99_latency_ms": 73.05598258972168,
      "min_latency_ms": 55.59420585632324,
      "max_latency_ms": 73.05598258972168,
      "queries_per_second": 16.99941880305854,
      "avg_similarity": 0.5970919434566881,
      "avg_top1_similarity": 0.6081104759530154,
      "min_similarity": 0.5869038129129002,
      "recall_at_3": 0.0,
      "precision_at_3": 0.0,
      "mrr": 0.0,
      "resource_metrics": {
        "duration": 0.5107676982879639,
        "cpu": {
          "avg": 16.25,
          "max": 20.5,
          "min": 12.0
        },
        "memory": {
          "avg_mb": 10172.6171875,
          "max_mb": 10182.625,
          "min_mb": 10162.609375
        },
        "disk": {
          "read_total_mb": 17.2109375,
          "write_total_mb": 0.46875
        },
        "network": {
          "sent_total_mb": 0.009765625,
          "recv_total_mb": 0.005859375
        }
      }
    },
    {
      "top_k": 5,
      "num_queries": 10,
      "avg_latency_ms": 58.2643985748291,
      "p50_latency_ms": 56.894779205322266,
      "p95_latency_ms": 70.29485702514648,
      "p99_latency_ms": 70.29485702514648,
      "min_latency_ms": 56.06985092163086,
      "max_latency_ms": 70.29485702514648,
      "queries_per_second": 17.16313948930062,
      "avg_similarity": 0.589569724902797,
      "avg_top1_similarity": 0.6081104759530154,
      "min_similarity": 0.5767552424979981,
      "recall_at_5": 0.0,
      "precision_at_5": 0.0,
      "mrr": 0.0,
      "resource_metrics": {
        "duration": 0.510746955871582,
        "cpu": {
          "avg": 16.65,
          "max": 19.8,
          "min": 13.5
        },
        "memory": {
          "avg_mb": 10142.6484375,
          "max_mb": 10144.046875,
          "min_mb": 10141.25
        },
        "disk": {
          "read_total_mb": 5.3984375,
          "write_total_mb": 0.015625
        },
        "network": {
          "sent_total_mb": 0.0,
          "recv_total_mb": 0.0009765625
        }
      }
    },
    {
      "top_k": 10,
      "num_queries": 10,
      "avg_latency_ms": 58.91404151916504,
      "p50_latency_ms": 57.353973388671875,
      "p95_latency_ms": 74.87773895263672,
      "p99_latency_ms": 74.87773895263672,
      "min_latency_ms": 55.88889122009277,
      "max_latency_ms": 74.87773895263672,
      "queries_per_second": 16.97388218858988,
      "avg_similarity": 0.5771787789131821,
      "avg_top1_similarity": 0.6081104759530154,
      "min_similarity": 0.5588513399533241,
      "recall_at_10": 0.0,
      "precision_at_10": 0.0,
      "mrr": 0.0,
      "resource_metrics": {
        "duration": 0.5107741355895996,
        "cpu": {
          "avg": 16.1,
          "max": 20.1,
          "min": 12.1
        },
        "memory": {
          "avg_mb": 10110.4765625,
          "max_mb": 10120.828125,
          "min_mb": 10100.125
        },
        "disk": {
          "read_total_mb": 9.18359375,
          "write_total_mb": 0.421875
        },
        "network": {
          "sent_total_mb": 0.005859375,
          "recv_total_mb": 0.0029296875
        }
      }
    },
    {
      "top_k": 20,
      "num_queries": 10,
      "avg_latency_ms": 57.956910133361816,
      "p50_latency_ms": 57.0981502532959,
      "p95_latency_ms": 61.99193000793457,
      "p99_latency_ms": 61.99193000793457,
      "min_latency_ms": 55.806875228881836,
      "max_latency_ms": 61.99193000793457,
      "queries_per_second": 17.25419794980355,
      "avg_similarity": 0.5616581162708834,
      "avg_top1_similarity": 0.6081104759530154,
      "min_similarity": 0.5375578751597476,
      "recall_at_20": 0.0,
      "precision_at_20": 0.0,
      "mrr": 0.0,
      "resource_metrics": {
        "duration": 0.5107579231262207,
        "cpu": {
          "avg": 16.05,
          "max": 18.8,
          "min": 13.3
        },
        "memory": {
          "avg_mb": 10109.0,
          "max_mb": 10112.171875,
          "min_mb": 10105.828125
        },
        "disk": {
          "read_total_mb": 2.96875,
          "write_total_mb": 0.21484375
        },
        "network": {
          "sent_total_mb": 0.0,
          "recv_total_mb": 0.0009765625
        }
      }
    }
  ]
}