{
  "database": "milvus",
  "config": {
    "corpus_path": "Data/test_corpus/documents",
    "test_cases_path": "Data/test_corpus/test_cases.json",
    "output_dir": "results/milvus_scaling_n10/corpus_baseline/run_10",
    "milvus_config": {
      "host": "localhost",
      "port": 19530,
      "collection_name": "benchmark_test"
    },
    "embedding_model": "sentence-transformers/all-MiniLM-L6-v2",
    "embedding_type": "sentence-transformers",
    "chunk_size": 512,
    "chunk_overlap": 50,
    "chunk_strategy": "fixed",
    "top_k_values": [
      1,
      3,
      5,
      10,
      20
    ],
    "batch_size": 100
  },
  "timestamp": "2026-01-10 07:28:22",
  "ingestion": {
    "total_time_sec": 6.623700141906738,
    "num_documents": 20,
    "num_chunks": 175,
    "parsing_time_sec": 0.0005052089691162109,
    "embedding_time_sec": 0.3493969440460205,
    "insertion_time_sec": 6.161839008331299
  },
  "query_results": [
    {
      "top_k": 1,
      "num_queries": 10,
      "avg_latency_ms": 27.054286003112793,
      "p50_latency_ms": 26.88002586364746,
      "p95_latency_ms": 76.28083229064941,
      "p99_latency_ms": 76.28083229064941,
      "min_latency_ms": 9.002923965454102,
      "max_latency_ms": 76.28083229064941,
      "queries_per_second": 36.962720061617695,
      "avg_similarity": 0.7316954731941223,
      "avg_top1_similarity": 0.7316954731941223,
      "min_similarity": 0.7316954731941223,
      "recall_at_1": 0.0,
      "precision_at_1": 0.0,
      "mrr": 0.0,
      "resource_metrics": {
        "duration": 0.0,
        "cpu": {
          "avg": 10.0,
          "max": 10.0,
          "min": 10.0
        },
        "memory": {
          "avg_mb": 10813.171875,
          "max_mb": 10813.171875,
          "min_mb": 10813.171875
        },
        "disk": {
          "read_total_mb": 0.0,
          "write_total_mb": 0.0
        },
        "network": {
          "sent_total_mb": 0.0,
          "recv_total_mb": 0.0
        }
      }
    },
    {
      "top_k": 3,
      "num_queries": 10,
      "avg_latency_ms": 13.011598587036133,
      "p50_latency_ms": 11.884927749633789,
      "p95_latency_ms": 18.225908279418945,
      "p99_latency_ms": 18.225908279418945,
      "min_latency_ms": 10.147809982299805,
      "max_latency_ms": 18.225908279418945,
      "queries_per_second": 76.85450740820822,
      "avg_similarity": 0.6881673038005829,
      "avg_top1_similarity": 0.7316954731941223,
      "min_similarity": 0.6527654767036438,
      "recall_at_3": 0.0,
      "precision_at_3": 0.0,
      "mrr": 0.0,
      "resource_metrics": {
        "duration": 0.0,
        "cpu": {
          "avg": 26.4,
          "max": 26.4,
          "min": 26.4
        },
        "memory": {
          "avg_mb": 11553.140625,
          "max_mb": 11553.140625,
          "min_mb": 11553.140625
        },
        "disk": {
          "read_total_mb": 0.0,
          "write_total_mb": 0.0
        },
        "network": {
          "sent_total_mb": 0.0,
          "recv_total_mb": 0.0
        }
      }
    },
    {
      "top_k": 5,
      "num_queries": 10,
      "avg_latency_ms": 10.919737815856934,
      "p50_latency_ms": 11.259078979492188,
      "p95_latency_ms": 12.937068939208984,
      "p99_latency_ms": 12.937068939208984,
      "min_latency_ms": 9.135007858276367,
      "max_latency_ms": 12.937068939208984,
      "queries_per_second": 91.57729030342331,
      "avg_similarity": 0.6663784158229829,
      "avg_top1_similarity": 0.7316954731941223,
      "min_similarity": 0.6243872046470642,
      "recall_at_5": 0.0,
      "precision_at_5": 0.0,
      "mrr": 0.0,
      "resource_metrics": {
        "duration": 0.0,
        "cpu": {
          "avg": 14.4,
          "max": 14.4,
          "min": 14.4
        },
        "memory": {
          "avg_mb": 11577.96875,
          "max_mb": 11577.96875,
          "min_mb": 11577.96875
        },
        "disk": {
          "read_total_mb": 0.0,
          "write_total_mb": 0.0
        },
        "network": {
          "sent_total_mb": 0.0,
          "recv_total_mb": 0.0
        }
      }
    },
    {
      "top_k": 10,
      "num_queries": 10,
      "avg_latency_ms": 12.334847450256348,
      "p50_latency_ms": 11.748790740966797,
      "p95_latency_ms": 16.30091667175293,
      "p99_latency_ms": 16.30091667175293,
      "min_latency_ms": 10.321855545043945,
      "max_latency_ms": 16.30091667175293,
      "queries_per_second": 81.07112828373225,
      "avg_similarity": 0.6292959207296371,
      "avg_top1_similarity": 0.7316954731941223,
      "min_similarity": 0.573929738998413,
      "recall_at_10": 0.0,
      "precision_at_10": 0.0,
      "mrr": 0.0,
      "resource_metrics": {
        "duration": 0.0,
        "cpu": {
          "avg": 11.4,
          "max": 11.4,
          "min": 11.4
        },
        "memory": {
          "avg_mb": 11455.359375,
          "max_mb": 11455.359375,
          "min_mb": 11455.359375
        },
        "disk": {
          "read_total_mb": 0.0,
          "write_total_mb": 0.0
        },
        "network": {
          "sent_total_mb": 0.0,
          "recv_total_mb": 0.0
        }
      }
    },
    {
      "top_k": 20,
      "num_queries": 10,
      "avg_latency_ms": 11.100125312805176,
      "p50_latency_ms": 10.70404052734375,
      "p95_latency_ms": 15.594005584716797,
      "p99_latency_ms": 15.594005584716797,
      "min_latency_ms": 9.009122848510742,
      "max_latency_ms": 15.594005584716797,
      "queries_per_second": 90.08907303473354,
      "avg_similarity": 0.5740239070355893,
      "avg_top1_similarity": 0.7316954731941223,
      "min_similarity": 0.49384818971157074,
      "recall_at_20": 0.0,
      "precision_at_20": 0.0,
      "mrr": 0.0,
      "resource_metrics": {
        "duration": 0.0,
        "cpu": {
          "avg": 14.5,
          "max": 14.5,
          "min": 14.5
        },
        "memory": {
          "avg_mb": 11476.90625,
          "max_mb": 11476.90625,
          "min_mb": 11476.90625
        },
        "disk": {
          "read_total_mb": 0.05859375,
          "write_total_mb": 0.0
        },
        "network": {
          "sent_total_mb": 0.0,
          "recv_total_mb": 0.0
        }
      }
    }
  ]
}