{
  "database": "faiss",
  "config": {
    "corpus_path": "Data/test_corpus/corpus_sizes/corpus_50k",
    "test_cases_path": "Data/test_corpus/test_cases.json",
    "output_dir": "results/faiss_scaling_n10/corpus_50k/run_7",
    "faiss_config": {
      "index_path": "./vector_stores/faiss_index.index",
      "index_type": "Flat"
    },
    "embedding_model": "sentence-transformers/all-MiniLM-L6-v2",
    "embedding_type": "sentence-transformers",
    "chunk_size": 512,
    "chunk_overlap": 50,
    "chunk_strategy": "fixed",
    "top_k_values": [
      1,
      3,
      5,
      10,
      20
    ],
    "batch_size": 100
  },
  "timestamp": "2026-01-09 03:36:26",
  "ingestion": {
    "total_time_sec": 791.9476017951965,
    "num_documents": 1,
    "num_chunks": 345046,
    "parsing_time_sec": 0.5695321559906006,
    "embedding_time_sec": 790.690701007843,
    "insertion_time_sec": 0.31842708587646484
  },
  "query_results": [
    {
      "top_k": 1,
      "num_queries": 10,
      "avg_latency_ms": 31.938791275024414,
      "p50_latency_ms": 33.0052375793457,
      "p95_latency_ms": 70.9388256072998,
      "p99_latency_ms": 70.9388256072998,
      "min_latency_ms": 14.615058898925781,
      "max_latency_ms": 70.9388256072998,
      "queries_per_second": 31.309888698949695,
      "avg_similarity": 0.5984924522751894,
      "avg_top1_similarity": 0.5984924522751894,
      "min_similarity": 0.5984924522751894,
      "recall_at_1": 0.0,
      "precision_at_1": 0.0,
      "mrr": 0.0,
      "resource_metrics": {
        "duration": 0.0,
        "cpu": {
          "avg": 0.0,
          "max": 0.0,
          "min": 0.0
        },
        "memory": {
          "avg_mb": 9989.9375,
          "max_mb": 9989.9375,
          "min_mb": 9989.9375
        },
        "disk": {
          "read_total_mb": 0.0,
          "write_total_mb": 0.0
        },
        "network": {
          "sent_total_mb": 0.0,
          "recv_total_mb": 0.0
        }
      }
    },
    {
      "top_k": 3,
      "num_queries": 10,
      "avg_latency_ms": 17.693495750427246,
      "p50_latency_ms": 16.142845153808594,
      "p95_latency_ms": 26.844263076782227,
      "p99_latency_ms": 26.844263076782227,
      "min_latency_ms": 14.927864074707031,
      "max_latency_ms": 26.844263076782227,
      "queries_per_second": 56.51794388770534,
      "avg_similarity": 0.5826153732997978,
      "avg_top1_similarity": 0.5984924522751894,
      "min_similarity": 0.5683679396628638,
      "recall_at_3": 0.0,
      "precision_at_3": 0.0,
      "mrr": 0.0,
      "resource_metrics": {
        "duration": 0.0,
        "cpu": {
          "avg": 10.9,
          "max": 10.9,
          "min": 10.9
        },
        "memory": {
          "avg_mb": 10543.4375,
          "max_mb": 10543.4375,
          "min_mb": 10543.4375
        },
        "disk": {
          "read_total_mb": 0.0,
          "write_total_mb": 0.015625
        },
        "network": {
          "sent_total_mb": 0.0,
          "recv_total_mb": 0.0
        }
      }
    },
    {
      "top_k": 5,
      "num_queries": 10,
      "avg_latency_ms": 17.100000381469727,
      "p50_latency_ms": 16.512155532836914,
      "p95_latency_ms": 21.82483673095703,
      "p99_latency_ms": 21.82483673095703,
      "min_latency_ms": 14.045953750610352,
      "max_latency_ms": 21.82483673095703,
      "queries_per_second": 58.479530859171305,
      "avg_similarity": 0.5723111263747227,
      "avg_top1_similarity": 0.5984924522751894,
      "min_similarity": 0.5546112070249468,
      "recall_at_5": 0.0,
      "precision_at_5": 0.0,
      "mrr": 0.0,
      "resource_metrics": {
        "duration": 0.0,
        "cpu": {
          "avg": 9.3,
          "max": 9.3,
          "min": 9.3
        },
        "memory": {
          "avg_mb": 10592.640625,
          "max_mb": 10592.640625,
          "min_mb": 10592.640625
        },
        "disk": {
          "read_total_mb": 0.0,
          "write_total_mb": 0.0
        },
        "network": {
          "sent_total_mb": 0.0,
          "recv_total_mb": 0.0
        }
      }
    },
    {
      "top_k": 10,
      "num_queries": 10,
      "avg_latency_ms": 17.89224147796631,
      "p50_latency_ms": 15.71798324584961,
      "p95_latency_ms": 29.369831085205078,
      "p99_latency_ms": 29.369831085205078,
      "min_latency_ms": 14.736175537109375,
      "max_latency_ms": 29.369831085205078,
      "queries_per_second": 55.89014664436908,
      "avg_similarity": 0.5574337662703974,
      "avg_top1_similarity": 0.5984924522751894,
      "min_similarity": 0.5363287070380626,
      "recall_at_10": 0.0,
      "precision_at_10": 0.0,
      "mrr": 0.0,
      "resource_metrics": {
        "duration": 0.0,
        "cpu": {
          "avg": 8.1,
          "max": 8.1,
          "min": 8.1
        },
        "memory": {
          "avg_mb": 10665.28125,
          "max_mb": 10665.28125,
          "min_mb": 10665.28125
        },
        "disk": {
          "read_total_mb": 0.0,
          "write_total_mb": 0.0
        },
        "network": {
          "sent_total_mb": 0.0,
          "recv_total_mb": 0.0
        }
      }
    },
    {
      "top_k": 20,
      "num_queries": 10,
      "avg_latency_ms": 18.1990385055542,
      "p50_latency_ms": 16.93582534790039,
      "p95_latency_ms": 30.26294708251953,
      "p99_latency_ms": 30.26294708251953,
      "min_latency_ms": 14.27912712097168,
      "max_latency_ms": 30.26294708251953,
      "queries_per_second": 54.94795781078259,
      "avg_similarity": 0.5397185943310087,
      "avg_top1_similarity": 0.5984924522751894,
      "min_similarity": 0.5143914249250633,
      "recall_at_20": 0.0,
      "precision_at_20": 0.0,
      "mrr": 0.0,
      "resource_metrics": {
        "duration": 0.0,
        "cpu": {
          "avg": 8.0,
          "max": 8.0,
          "min": 8.0
        },
        "memory": {
          "avg_mb": 10689.359375,
          "max_mb": 10689.359375,
          "min_mb": 10689.359375
        },
        "disk": {
          "read_total_mb": 0.0,
          "write_total_mb": 0.0
        },
        "network": {
          "sent_total_mb": 0.0,
          "recv_total_mb": 0.0
        }
      }
    }
  ]
}