{
  "database": "opensearch",
  "config": {
    "corpus_path": "Data/test_corpus/documents",
    "test_cases_path": "Data/test_corpus/test_cases.json",
    "output_dir": "results/opensearch_scaling_n3/corpus_baseline/run_3",
    "opensearch_config": {
      "host": "localhost",
      "port": 9200,
      "index_name": "benchmark_test"
    },
    "embedding_model": "sentence-transformers/all-MiniLM-L6-v2",
    "embedding_type": "sentence-transformers",
    "chunk_size": 512,
    "chunk_overlap": 50,
    "chunk_strategy": "fixed",
    "top_k_values": [
      1,
      3,
      5,
      10,
      20
    ],
    "batch_size": 100
  },
  "timestamp": "2025-12-22 16:32:33",
  "ingestion": {
    "total_time_sec": 2.036500930786133,
    "num_documents": 20,
    "num_chunks": 175,
    "parsing_time_sec": 0.0002167224884033203,
    "embedding_time_sec": 1.5575292110443115,
    "insertion_time_sec": 0.4108760356903076
  },
  "query_results": [
    {
      "top_k": 1,
      "num_queries": 10,
      "avg_latency_ms": 73.7602949142456,
      "p50_latency_ms": 73.27389717102051,
      "p95_latency_ms": 116.19997024536133,
      "p99_latency_ms": 116.19997024536133,
      "min_latency_ms": 38.51890563964844,
      "max_latency_ms": 116.19997024536133,
      "queries_per_second": 13.557429524415666,
      "avg_similarity": 0.7316955051495089,
      "avg_top1_similarity": 0.7316955051495089,
      "min_similarity": 0.7316955051495089,
      "recall_at_1": 0.0,
      "precision_at_1": 0.0,
      "mrr": 0.0,
      "resource_metrics": {
        "duration": 0.5028719902038574,
        "cpu": {
          "avg": 34.15,
          "max": 35.9,
          "min": 32.4
        },
        "memory": {
          "avg_mb": 17924.3984375,
          "max_mb": 17993.78125,
          "min_mb": 17855.015625
        },
        "disk": {
          "read_total_mb": 126.39453125,
          "write_total_mb": 3.96875
        },
        "network": {
          "sent_total_mb": 0.0546875,
          "recv_total_mb": 0.0546875
        }
      }
    },
    {
      "top_k": 3,
      "num_queries": 10,
      "avg_latency_ms": 43.16413402557373,
      "p50_latency_ms": 54.296016693115234,
      "p95_latency_ms": 74.47409629821777,
      "p99_latency_ms": 74.47409629821777,
      "min_latency_ms": 14.225959777832031,
      "max_latency_ms": 74.47409629821777,
      "queries_per_second": 23.167382424665895,
      "avg_similarity": 0.6881673174571981,
      "avg_top1_similarity": 0.7316955051495089,
      "min_similarity": 0.6527654327268795,
      "recall_at_3": 0.0,
      "precision_at_3": 0.0,
      "mrr": 0.0,
      "resource_metrics": {
        "duration": 0.0,
        "cpu": {
          "avg": 27.4,
          "max": 27.4,
          "min": 27.4
        },
        "memory": {
          "avg_mb": 17949.84375,
          "max_mb": 17949.84375,
          "min_mb": 17949.84375
        },
        "disk": {
          "read_total_mb": 0.6796875,
          "write_total_mb": 0.0
        },
        "network": {
          "sent_total_mb": 0.0,
          "recv_total_mb": 0.0
        }
      }
    },
    {
      "top_k": 5,
      "num_queries": 10,
      "avg_latency_ms": 60.75749397277832,
      "p50_latency_ms": 57.105064392089844,
      "p95_latency_ms": 117.27690696716309,
      "p99_latency_ms": 117.27690696716309,
      "min_latency_ms": 38.632869720458984,
      "max_latency_ms": 117.27690696716309,
      "queries_per_second": 16.458875022857892,
      "avg_similarity": 0.6663784365523261,
      "avg_top1_similarity": 0.7316955051495089,
      "min_similarity": 0.6243872257648605,
      "recall_at_5": 0.0,
      "precision_at_5": 0.0,
      "mrr": 0.0,
      "resource_metrics": {
        "duration": 0.5091280937194824,
        "cpu": {
          "avg": 34.15,
          "max": 34.9,
          "min": 33.4
        },
        "memory": {
          "avg_mb": 18307.640625,
          "max_mb": 18307.640625,
          "min_mb": 18307.640625
        },
        "disk": {
          "read_total_mb": 210.35546875,
          "write_total_mb": 25.3984375
        },
        "network": {
          "sent_total_mb": 0.181640625,
          "recv_total_mb": 0.1806640625
        }
      }
    },
    {
      "top_k": 10,
      "num_queries": 10,
      "avg_latency_ms": 224.23903942108154,
      "p50_latency_ms": 113.75117301940918,
      "p95_latency_ms": 618.3938980102539,
      "p99_latency_ms": 618.3938980102539,
      "min_latency_ms": 45.806884765625,
      "max_latency_ms": 618.3938980102539,
      "queries_per_second": 4.459526773668414,
      "avg_similarity": 0.6292959425151484,
      "avg_top1_similarity": 0.7316955051495089,
      "min_similarity": 0.5739297547011815,
      "recall_at_10": 0.0,
      "precision_at_10": 0.0,
      "mrr": 0.0,
      "resource_metrics": {
        "duration": 2.040476083755493,
        "cpu": {
          "avg": 27.880000000000003,
          "max": 42.5,
          "min": 0.0
        },
        "memory": {
          "avg_mb": 18765.73125,
          "max_mb": 19303.0625,
          "min_mb": 18313.328125
        },
        "disk": {
          "read_total_mb": 335.50390625,
          "write_total_mb": 721.76953125
        },
        "network": {
          "sent_total_mb": 0.412109375,
          "recv_total_mb": 0.4130859375
        }
      }
    },
    {
      "top_k": 20,
      "num_queries": 10,
      "avg_latency_ms": 80.29873371124268,
      "p50_latency_ms": 76.3702392578125,
      "p95_latency_ms": 109.47299003601074,
      "p99_latency_ms": 109.47299003601074,
      "min_latency_ms": 64.67509269714355,
      "max_latency_ms": 109.47299003601074,
      "queries_per_second": 12.453496509621663,
      "avg_similarity": 0.574023922469125,
      "avg_top1_similarity": 0.7316955051495089,
      "min_similarity": 0.4938481953127697,
      "recall_at_20": 0.0,
      "precision_at_20": 0.0,
      "mrr": 0.0,
      "resource_metrics": {
        "duration": 0.5015468597412109,
        "cpu": {
          "avg": 18.55,
          "max": 21.8,
          "min": 15.3
        },
        "memory": {
          "avg_mb": 18781.15625,
          "max_mb": 19219.953125,
          "min_mb": 18342.359375
        },
        "disk": {
          "read_total_mb": 94.77734375,
          "write_total_mb": 3.30078125
        },
        "network": {
          "sent_total_mb": 0.5068359375,
          "recv_total_mb": 0.5068359375
        }
      }
    }
  ]
}