{
  "database": "milvus",
  "config": {
    "corpus_path": "Data/test_corpus/documents",
    "test_cases_path": "Data/test_corpus/test_cases.json",
    "output_dir": "results/milvus_scaling_n10/corpus_baseline/run_8",
    "milvus_config": {
      "host": "localhost",
      "port": 19530,
      "collection_name": "benchmark_test"
    },
    "embedding_model": "sentence-transformers/all-MiniLM-L6-v2",
    "embedding_type": "sentence-transformers",
    "chunk_size": 512,
    "chunk_overlap": 50,
    "chunk_strategy": "fixed",
    "top_k_values": [
      1,
      3,
      5,
      10,
      20
    ],
    "batch_size": 100
  },
  "timestamp": "2026-01-10 07:27:51",
  "ingestion": {
    "total_time_sec": 7.62921929359436,
    "num_documents": 20,
    "num_chunks": 175,
    "parsing_time_sec": 0.0003941059112548828,
    "embedding_time_sec": 0.30980801582336426,
    "insertion_time_sec": 6.86466908454895
  },
  "query_results": [
    {
      "top_k": 1,
      "num_queries": 10,
      "avg_latency_ms": 26.71818733215332,
      "p50_latency_ms": 28.1679630279541,
      "p95_latency_ms": 64.7580623626709,
      "p99_latency_ms": 64.7580623626709,
      "min_latency_ms": 10.298013687133789,
      "max_latency_ms": 64.7580623626709,
      "queries_per_second": 37.427688771257905,
      "avg_similarity": 0.7316954731941223,
      "avg_top1_similarity": 0.7316954731941223,
      "min_similarity": 0.7316954731941223,
      "recall_at_1": 0.0,
      "precision_at_1": 0.0,
      "mrr": 0.0,
      "resource_metrics": {
        "duration": 0.0,
        "cpu": {
          "avg": 18.7,
          "max": 18.7,
          "min": 18.7
        },
        "memory": {
          "avg_mb": 11588.875,
          "max_mb": 11588.875,
          "min_mb": 11588.875
        },
        "disk": {
          "read_total_mb": 0.0,
          "write_total_mb": 0.0
        },
        "network": {
          "sent_total_mb": 0.0,
          "recv_total_mb": 0.0
        }
      }
    },
    {
      "top_k": 3,
      "num_queries": 10,
      "avg_latency_ms": 11.623620986938477,
      "p50_latency_ms": 10.805130004882812,
      "p95_latency_ms": 18.347978591918945,
      "p99_latency_ms": 18.347978591918945,
      "min_latency_ms": 8.907794952392578,
      "max_latency_ms": 18.347978591918945,
      "queries_per_second": 86.03171086907473,
      "avg_similarity": 0.6881673038005829,
      "avg_top1_similarity": 0.7316954731941223,
      "min_similarity": 0.6527654767036438,
      "recall_at_3": 0.0,
      "precision_at_3": 0.0,
      "mrr": 0.0,
      "resource_metrics": {
        "duration": 0.0,
        "cpu": {
          "avg": 13.4,
          "max": 13.4,
          "min": 13.4
        },
        "memory": {
          "avg_mb": 12125.3125,
          "max_mb": 12125.3125,
          "min_mb": 12125.3125
        },
        "disk": {
          "read_total_mb": 0.0,
          "write_total_mb": 0.0
        },
        "network": {
          "sent_total_mb": 0.0,
          "recv_total_mb": 0.0
        }
      }
    },
    {
      "top_k": 5,
      "num_queries": 10,
      "avg_latency_ms": 12.457442283630371,
      "p50_latency_ms": 11.694192886352539,
      "p95_latency_ms": 17.159223556518555,
      "p99_latency_ms": 17.159223556518555,
      "min_latency_ms": 10.45680046081543,
      "max_latency_ms": 17.159223556518555,
      "queries_per_second": 80.27329986622087,
      "avg_similarity": 0.6663784158229829,
      "avg_top1_similarity": 0.7316954731941223,
      "min_similarity": 0.6243872046470642,
      "recall_at_5": 0.0,
      "precision_at_5": 0.0,
      "mrr": 0.0,
      "resource_metrics": {
        "duration": 0.0,
        "cpu": {
          "avg": 13.3,
          "max": 13.3,
          "min": 13.3
        },
        "memory": {
          "avg_mb": 12123.296875,
          "max_mb": 12123.296875,
          "min_mb": 12123.296875
        },
        "disk": {
          "read_total_mb": 0.0,
          "write_total_mb": 0.0
        },
        "network": {
          "sent_total_mb": 0.0,
          "recv_total_mb": 0.0
        }
      }
    },
    {
      "top_k": 10,
      "num_queries": 10,
      "avg_latency_ms": 12.424015998840332,
      "p50_latency_ms": 11.408090591430664,
      "p95_latency_ms": 16.966819763183594,
      "p99_latency_ms": 16.966819763183594,
      "min_latency_ms": 9.512901306152344,
      "max_latency_ms": 16.966819763183594,
      "queries_per_second": 80.48927175346046,
      "avg_similarity": 0.6292959207296371,
      "avg_top1_similarity": 0.7316954731941223,
      "min_similarity": 0.573929738998413,
      "recall_at_10": 0.0,
      "precision_at_10": 0.0,
      "mrr": 0.0,
      "resource_metrics": {
        "duration": 0.0,
        "cpu": {
          "avg": 11.4,
          "max": 11.4,
          "min": 11.4
        },
        "memory": {
          "avg_mb": 12118.578125,
          "max_mb": 12118.578125,
          "min_mb": 12118.578125
        },
        "disk": {
          "read_total_mb": 0.0,
          "write_total_mb": 0.0
        },
        "network": {
          "sent_total_mb": 0.0,
          "recv_total_mb": 0.0
        }
      }
    },
    {
      "top_k": 20,
      "num_queries": 10,
      "avg_latency_ms": 11.74173355102539,
      "p50_latency_ms": 11.766910552978516,
      "p95_latency_ms": 14.497995376586914,
      "p99_latency_ms": 14.497995376586914,
      "min_latency_ms": 9.591102600097656,
      "max_latency_ms": 14.497995376586914,
      "queries_per_second": 85.16629981887736,
      "avg_similarity": 0.5740239070355893,
      "avg_top1_similarity": 0.7316954731941223,
      "min_similarity": 0.49384818971157074,
      "recall_at_20": 0.0,
      "precision_at_20": 0.0,
      "mrr": 0.0,
      "resource_metrics": {
        "duration": 0.0,
        "cpu": {
          "avg": 12.0,
          "max": 12.0,
          "min": 12.0
        },
        "memory": {
          "avg_mb": 12203.8125,
          "max_mb": 12203.8125,
          "min_mb": 12203.8125
        },
        "disk": {
          "read_total_mb": 0.0,
          "write_total_mb": 0.0
        },
        "network": {
          "sent_total_mb": 0.0,
          "recv_total_mb": 0.0
        }
      }
    }
  ]
}