{
  "database": "faiss",
  "config": {
    "corpus_path": "Data/test_corpus/corpus_sizes/corpus_100k",
    "test_cases_path": "Data/test_corpus/test_cases.json",
    "output_dir": "results/faiss_scaling_n10/corpus_100k/run_5",
    "faiss_config": {
      "index_path": "./vector_stores/faiss_index.index",
      "index_type": "Flat"
    },
    "embedding_model": "sentence-transformers/all-MiniLM-L6-v2",
    "embedding_type": "sentence-transformers",
    "chunk_size": 512,
    "chunk_overlap": 50,
    "chunk_strategy": "fixed",
    "top_k_values": [
      1,
      3,
      5,
      10,
      20
    ],
    "batch_size": 100
  },
  "timestamp": "2026-01-07 18:51:46",
  "ingestion": {
    "total_time_sec": 1581.1170959472656,
    "num_documents": 1,
    "num_chunks": 690385,
    "parsing_time_sec": 0.9803109169006348,
    "embedding_time_sec": 1577.8053500652313,
    "insertion_time_sec": 1.1869068145751953
  },
  "query_results": [
    {
      "top_k": 1,
      "num_queries": 10,
      "avg_latency_ms": 61.605238914489746,
      "p50_latency_ms": 43.69091987609863,
      "p95_latency_ms": 259.2780590057373,
      "p99_latency_ms": 259.2780590057373,
      "min_latency_ms": 23.439884185791016,
      "max_latency_ms": 259.2780590057373,
      "queries_per_second": 16.232385712975407,
      "avg_similarity": 0.6014592966477768,
      "avg_top1_similarity": 0.6014592966477768,
      "min_similarity": 0.6014592966477768,
      "recall_at_1": 0.0,
      "precision_at_1": 0.0,
      "mrr": 0.0,
      "resource_metrics": {
        "duration": 0.5063519477844238,
        "cpu": {
          "avg": 11.2,
          "max": 22.4,
          "min": 0.0
        },
        "memory": {
          "avg_mb": 8949.9375,
          "max_mb": 9563.390625,
          "min_mb": 8336.484375
        },
        "disk": {
          "read_total_mb": 73.3671875,
          "write_total_mb": 1.21484375
        },
        "network": {
          "sent_total_mb": 0.0009765625,
          "recv_total_mb": 0.0
        }
      }
    },
    {
      "top_k": 3,
      "num_queries": 10,
      "avg_latency_ms": 25.857019424438477,
      "p50_latency_ms": 24.533987045288086,
      "p95_latency_ms": 38.55395317077637,
      "p99_latency_ms": 38.55395317077637,
      "min_latency_ms": 22.509098052978516,
      "max_latency_ms": 38.55395317077637,
      "queries_per_second": 38.67421776598354,
      "avg_similarity": 0.5880839677092842,
      "avg_top1_similarity": 0.6014592966477768,
      "min_similarity": 0.5763999587497126,
      "recall_at_3": 0.0,
      "precision_at_3": 0.0,
      "mrr": 0.0,
      "resource_metrics": {
        "duration": 0.0,
        "cpu": {
          "avg": 17.5,
          "max": 17.5,
          "min": 17.5
        },
        "memory": {
          "avg_mb": 9531.484375,
          "max_mb": 9531.484375,
          "min_mb": 9531.484375
        },
        "disk": {
          "read_total_mb": 0.125,
          "write_total_mb": 0.0
        },
        "network": {
          "sent_total_mb": 0.0,
          "recv_total_mb": 0.0
        }
      }
    },
    {
      "top_k": 5,
      "num_queries": 10,
      "avg_latency_ms": 25.258541107177734,
      "p50_latency_ms": 23.028135299682617,
      "p95_latency_ms": 39.89982604980469,
      "p99_latency_ms": 39.89982604980469,
      "min_latency_ms": 22.256135940551758,
      "max_latency_ms": 39.89982604980469,
      "queries_per_second": 39.590568424232124,
      "avg_similarity": 0.5786316529354079,
      "avg_top1_similarity": 0.6014592966477768,
      "min_similarity": 0.5616536535003755,
      "recall_at_5": 0.0,
      "precision_at_5": 0.0,
      "mrr": 0.0,
      "resource_metrics": {
        "duration": 0.0,
        "cpu": {
          "avg": 14.9,
          "max": 14.9,
          "min": 14.9
        },
        "memory": {
          "avg_mb": 9517.203125,
          "max_mb": 9517.203125,
          "min_mb": 9517.203125
        },
        "disk": {
          "read_total_mb": 0.234375,
          "write_total_mb": 0.0
        },
        "network": {
          "sent_total_mb": 0.0,
          "recv_total_mb": 0.0
        }
      }
    },
    {
      "top_k": 10,
      "num_queries": 10,
      "avg_latency_ms": 25.093626976013184,
      "p50_latency_ms": 22.862911224365234,
      "p95_latency_ms": 39.79611396789551,
      "p99_latency_ms": 39.79611396789551,
      "min_latency_ms": 22.127866744995117,
      "max_latency_ms": 39.79611396789551,
      "queries_per_second": 39.85075576981728,
      "avg_similarity": 0.5642000179488362,
      "avg_top1_similarity": 0.6014592966477768,
      "min_similarity": 0.5432653825490932,
      "recall_at_10": 0.0,
      "precision_at_10": 0.0,
      "mrr": 0.0,
      "resource_metrics": {
        "duration": 0.0,
        "cpu": {
          "avg": 14.9,
          "max": 14.9,
          "min": 14.9
        },
        "memory": {
          "avg_mb": 9396.125,
          "max_mb": 9396.125,
          "min_mb": 9396.125
        },
        "disk": {
          "read_total_mb": 0.0,
          "write_total_mb": 0.0
        },
        "network": {
          "sent_total_mb": 0.0,
          "recv_total_mb": 0.0
        }
      }
    },
    {
      "top_k": 20,
      "num_queries": 10,
      "avg_latency_ms": 24.89783763885498,
      "p50_latency_ms": 22.953033447265625,
      "p95_latency_ms": 37.87708282470703,
      "p99_latency_ms": 37.87708282470703,
      "min_latency_ms": 22.155046463012695,
      "max_latency_ms": 37.87708282470703,
      "queries_per_second": 40.16413049619311,
      "avg_similarity": 0.5481090643900877,
      "avg_top1_similarity": 0.6014592966477768,
      "min_similarity": 0.5244727539443104,
      "recall_at_20": 0.0,
      "precision_at_20": 0.0,
      "mrr": 0.0,
      "resource_metrics": {
        "duration": 0.0,
        "cpu": {
          "avg": 16.9,
          "max": 16.9,
          "min": 16.9
        },
        "memory": {
          "avg_mb": 9413.828125,
          "max_mb": 9413.828125,
          "min_mb": 9413.828125
        },
        "disk": {
          "read_total_mb": 0.0,
          "write_total_mb": 0.0
        },
        "network": {
          "sent_total_mb": 0.0,
          "recv_total_mb": 0.0
        }
      }
    }
  ]
}