{
  "database": "pgvector",
  "config": {
    "corpus_path": "Data/test_corpus/documents",
    "test_cases_path": "Data/test_corpus/test_cases.json",
    "output_dir": "results/pgvector_ivfflat_scaling_n3/corpus_baseline/run_3",
    "pgvector_config": {
      "host": "localhost",
      "port": 5433,
      "database": "vectordb",
      "user": "postgres",
      "password": "postgres",
      "table_name": "benchmark_test",
      "index_type": "ivfflat"
    },
    "embedding_model": "sentence-transformers/all-MiniLM-L6-v2",
    "embedding_type": "sentence-transformers",
    "chunk_size": 512,
    "chunk_overlap": 50,
    "chunk_strategy": "fixed",
    "top_k_values": [
      1,
      3,
      5,
      10,
      20
    ],
    "batch_size": 100
  },
  "timestamp": "2026-01-05 13:23:26",
  "ingestion": {
    "total_time_sec": 0.506950855255127,
    "num_documents": 20,
    "num_chunks": 175,
    "parsing_time_sec": 0.00017309188842773438,
    "embedding_time_sec": 0.3189423084259033,
    "insertion_time_sec": 0.11811590194702148
  },
  "query_results": [
    {
      "top_k": 1,
      "num_queries": 10,
      "avg_latency_ms": 22.011137008666992,
      "p50_latency_ms": 23.828983306884766,
      "p95_latency_ms": 50.28820037841797,
      "p99_latency_ms": 50.28820037841797,
      "min_latency_ms": 8.637189865112305,
      "max_latency_ms": 50.28820037841797,
      "queries_per_second": 45.43154674864116,
      "avg_similarity": 0.7316954973735107,
      "avg_top1_similarity": 0.7316954973735107,
      "min_similarity": 0.7316954973735107,
      "recall_at_1": 0.0,
      "precision_at_1": 0.0,
      "mrr": 0.0,
      "resource_metrics": {
        "duration": 0.0,
        "cpu": {
          "avg": 16.3,
          "max": 16.3,
          "min": 16.3
        },
        "memory": {
          "avg_mb": 8843.828125,
          "max_mb": 8843.828125,
          "min_mb": 8843.828125
        },
        "disk": {
          "read_total_mb": 0.0,
          "write_total_mb": 0.0
        },
        "network": {
          "sent_total_mb": 0.0,
          "recv_total_mb": 0.0
        }
      }
    },
    {
      "top_k": 3,
      "num_queries": 10,
      "avg_latency_ms": 8.871674537658691,
      "p50_latency_ms": 8.746862411499023,
      "p95_latency_ms": 12.740135192871094,
      "p99_latency_ms": 12.740135192871094,
      "min_latency_ms": 6.717920303344727,
      "max_latency_ms": 12.740135192871094,
      "queries_per_second": 112.71829187998011,
      "avg_similarity": 0.6881673020859458,
      "avg_top1_similarity": 0.7316954973735107,
      "min_similarity": 0.6527654300506451,
      "recall_at_3": 0.0,
      "precision_at_3": 0.0,
      "mrr": 0.0,
      "resource_metrics": {
        "duration": 0.0,
        "cpu": {
          "avg": 16.1,
          "max": 16.1,
          "min": 16.1
        },
        "memory": {
          "avg_mb": 8751.75,
          "max_mb": 8751.75,
          "min_mb": 8751.75
        },
        "disk": {
          "read_total_mb": 0.0,
          "write_total_mb": 0.0
        },
        "network": {
          "sent_total_mb": 0.0,
          "recv_total_mb": 0.0
        }
      }
    },
    {
      "top_k": 5,
      "num_queries": 10,
      "avg_latency_ms": 11.864209175109863,
      "p50_latency_ms": 12.084007263183594,
      "p95_latency_ms": 14.530181884765625,
      "p99_latency_ms": 14.530181884765625,
      "min_latency_ms": 9.432077407836914,
      "max_latency_ms": 14.530181884765625,
      "queries_per_second": 84.28711810795767,
      "avg_similarity": 0.6663784126849246,
      "avg_top1_similarity": 0.7316954973735107,
      "min_similarity": 0.6243872141840345,
      "recall_at_5": 0.0,
      "precision_at_5": 0.0,
      "mrr": 0.0,
      "resource_metrics": {
        "duration": 0.0,
        "cpu": {
          "avg": 18.9,
          "max": 18.9,
          "min": 18.9
        },
        "memory": {
          "avg_mb": 8717.296875,
          "max_mb": 8717.296875,
          "min_mb": 8717.296875
        },
        "disk": {
          "read_total_mb": 0.0,
          "write_total_mb": 0.0
        },
        "network": {
          "sent_total_mb": 0.0,
          "recv_total_mb": 0.0
        }
      }
    },
    {
      "top_k": 10,
      "num_queries": 10,
      "avg_latency_ms": 11.996817588806152,
      "p50_latency_ms": 12.367963790893555,
      "p95_latency_ms": 17.02284812927246,
      "p99_latency_ms": 17.02284812927246,
      "min_latency_ms": 9.356975555419922,
      "max_latency_ms": 17.02284812927246,
      "queries_per_second": 83.35543927358437,
      "avg_similarity": 0.6292959139944945,
      "avg_top1_similarity": 0.7316954973735107,
      "min_similarity": 0.5739297043020959,
      "recall_at_10": 0.0,
      "precision_at_10": 0.0,
      "mrr": 0.0,
      "resource_metrics": {
        "duration": 0.0,
        "cpu": {
          "avg": 22.5,
          "max": 22.5,
          "min": 22.5
        },
        "memory": {
          "avg_mb": 8834.875,
          "max_mb": 8834.875,
          "min_mb": 8834.875
        },
        "disk": {
          "read_total_mb": 0.0,
          "write_total_mb": 0.0
        },
        "network": {
          "sent_total_mb": 0.0,
          "recv_total_mb": 0.0
        }
      }
    },
    {
      "top_k": 20,
      "num_queries": 10,
      "avg_latency_ms": 10.898685455322266,
      "p50_latency_ms": 10.188102722167969,
      "p95_latency_ms": 15.43879508972168,
      "p99_latency_ms": 15.43879508972168,
      "min_latency_ms": 8.842945098876953,
      "max_latency_ms": 15.43879508972168,
      "queries_per_second": 91.75418486012548,
      "avg_similarity": 0.5740238946417549,
      "avg_top1_similarity": 0.7316954973735107,
      "min_similarity": 0.4938481571494914,
      "recall_at_20": 0.0,
      "precision_at_20": 0.0,
      "mrr": 0.0,
      "resource_metrics": {
        "duration": 0.0,
        "cpu": {
          "avg": 22.6,
          "max": 22.6,
          "min": 22.6
        },
        "memory": {
          "avg_mb": 8847.03125,
          "max_mb": 8847.03125,
          "min_mb": 8847.03125
        },
        "disk": {
          "read_total_mb": 0.0078125,
          "write_total_mb": 0.0
        },
        "network": {
          "sent_total_mb": 0.0,
          "recv_total_mb": 0.0
        }
      }
    }
  ]
}