{
  "database": "pgvector",
  "config": {
    "corpus_path": "Data/test_corpus/corpus_sizes/corpus_10k",
    "test_cases_path": "Data/test_corpus/test_cases.json",
    "output_dir": "results/pgvector_hnsw_scaling_n3/corpus_10k/run_1",
    "pgvector_config": {
      "host": "localhost",
      "port": 5433,
      "database": "vectordb",
      "user": "postgres",
      "password": "postgres",
      "table_name": "benchmark_test",
      "index_type": "hnsw"
    },
    "embedding_model": "sentence-transformers/all-MiniLM-L6-v2",
    "embedding_type": "sentence-transformers",
    "chunk_size": 512,
    "chunk_overlap": 50,
    "chunk_strategy": "fixed",
    "top_k_values": [
      1,
      3,
      5,
      10,
      20
    ],
    "batch_size": 100
  },
  "timestamp": "2026-01-05 14:31:18",
  "ingestion": {
    "total_time_sec": 250.94476127624512,
    "num_documents": 1,
    "num_chunks": 69903,
    "parsing_time_sec": 0.13371682167053223,
    "embedding_time_sec": 170.21778321266174,
    "insertion_time_sec": 79.72541785240173
  },
  "query_results": [
    {
      "top_k": 1,
      "num_queries": 10,
      "avg_latency_ms": 39.971160888671875,
      "p50_latency_ms": 26.95918083190918,
      "p95_latency_ms": 204.62489128112793,
      "p99_latency_ms": 204.62489128112793,
      "min_latency_ms": 9.857177734375,
      "max_latency_ms": 204.62489128112793,
      "queries_per_second": 25.018037449180202,
      "avg_similarity": 0.5972839128151974,
      "avg_top1_similarity": 0.5972839128151974,
      "min_similarity": 0.5972839128151974,
      "recall_at_1": 0.0,
      "precision_at_1": 0.0,
      "mrr": 0.0,
      "resource_metrics": {
        "duration": 0.0,
        "cpu": {
          "avg": 7.1,
          "max": 7.1,
          "min": 7.1
        },
        "memory": {
          "avg_mb": 8006.203125,
          "max_mb": 8006.203125,
          "min_mb": 8006.203125
        },
        "disk": {
          "read_total_mb": 0.0,
          "write_total_mb": 0.0
        },
        "network": {
          "sent_total_mb": 0.0,
          "recv_total_mb": 0.0
        }
      }
    },
    {
      "top_k": 3,
      "num_queries": 10,
      "avg_latency_ms": 10.646438598632812,
      "p50_latency_ms": 10.755062103271484,
      "p95_latency_ms": 12.207984924316406,
      "p99_latency_ms": 12.207984924316406,
      "min_latency_ms": 9.121894836425781,
      "max_latency_ms": 12.207984924316406,
      "queries_per_second": 93.92812354437636,
      "avg_similarity": 0.570486799496596,
      "avg_top1_similarity": 0.5972839128151974,
      "min_similarity": 0.5502612991568202,
      "recall_at_3": 0.0,
      "precision_at_3": 0.0,
      "mrr": 0.0,
      "resource_metrics": {
        "duration": 0.0,
        "cpu": {
          "avg": 14.4,
          "max": 14.4,
          "min": 14.4
        },
        "memory": {
          "avg_mb": 9218.5,
          "max_mb": 9218.5,
          "min_mb": 9218.5
        },
        "disk": {
          "read_total_mb": 0.0,
          "write_total_mb": 0.0
        },
        "network": {
          "sent_total_mb": 0.0,
          "recv_total_mb": 0.0
        }
      }
    },
    {
      "top_k": 5,
      "num_queries": 10,
      "avg_latency_ms": 11.34791374206543,
      "p50_latency_ms": 9.78398323059082,
      "p95_latency_ms": 19.29497718811035,
      "p99_latency_ms": 19.29497718811035,
      "min_latency_ms": 7.355928421020508,
      "max_latency_ms": 19.29497718811035,
      "queries_per_second": 88.12192467529194,
      "avg_similarity": 0.5555369041978911,
      "avg_top1_similarity": 0.5972839128151974,
      "min_similarity": 0.528492760911597,
      "recall_at_5": 0.0,
      "precision_at_5": 0.0,
      "mrr": 0.0,
      "resource_metrics": {
        "duration": 0.0,
        "cpu": {
          "avg": 9.5,
          "max": 9.5,
          "min": 9.5
        },
        "memory": {
          "avg_mb": 9293.734375,
          "max_mb": 9293.734375,
          "min_mb": 9293.734375
        },
        "disk": {
          "read_total_mb": 0.0,
          "write_total_mb": 0.0
        },
        "network": {
          "sent_total_mb": 0.0,
          "recv_total_mb": 0.0
        }
      }
    },
    {
      "top_k": 10,
      "num_queries": 10,
      "avg_latency_ms": 13.116979598999023,
      "p50_latency_ms": 12.209892272949219,
      "p95_latency_ms": 18.149137496948242,
      "p99_latency_ms": 18.149137496948242,
      "min_latency_ms": 11.094093322753906,
      "max_latency_ms": 18.149137496948242,
      "queries_per_second": 76.23706299553226,
      "avg_similarity": 0.5315123748926632,
      "avg_top1_similarity": 0.5972839128151974,
      "min_similarity": 0.49544302144978786,
      "recall_at_10": 0.0,
      "precision_at_10": 0.0,
      "mrr": 0.0,
      "resource_metrics": {
        "duration": 0.0,
        "cpu": {
          "avg": 13.3,
          "max": 13.3,
          "min": 13.3
        },
        "memory": {
          "avg_mb": 9257.25,
          "max_mb": 9257.25,
          "min_mb": 9257.25
        },
        "disk": {
          "read_total_mb": 0.0,
          "write_total_mb": 0.0
        },
        "network": {
          "sent_total_mb": 0.0,
          "recv_total_mb": 0.0
        }
      }
    },
    {
      "top_k": 20,
      "num_queries": 10,
      "avg_latency_ms": 13.829684257507324,
      "p50_latency_ms": 13.577938079833984,
      "p95_latency_ms": 17.627716064453125,
      "p99_latency_ms": 17.627716064453125,
      "min_latency_ms": 10.996818542480469,
      "max_latency_ms": 17.627716064453125,
      "queries_per_second": 72.3082307144618,
      "avg_similarity": 0.5033327796526584,
      "avg_top1_similarity": 0.5972839128151974,
      "min_similarity": 0.4631107082106718,
      "recall_at_20": 0.0,
      "precision_at_20": 0.0,
      "mrr": 0.0,
      "resource_metrics": {
        "duration": 0.0,
        "cpu": {
          "avg": 9.4,
          "max": 9.4,
          "min": 9.4
        },
        "memory": {
          "avg_mb": 9119.46875,
          "max_mb": 9119.46875,
          "min_mb": 9119.46875
        },
        "disk": {
          "read_total_mb": 0.0,
          "write_total_mb": 0.0
        },
        "network": {
          "sent_total_mb": 0.0,
          "recv_total_mb": 0.0
        }
      }
    }
  ]
}