{
  "database": "faiss",
  "config": {
    "corpus_path": "Data/test_corpus/corpus_sizes/corpus_100k",
    "test_cases_path": "Data/test_corpus/test_cases.json",
    "output_dir": "results/faiss_scaling_n3/corpus_100k/run_2",
    "faiss_config": {
      "index_path": "./vector_stores/faiss_index.index",
      "index_type": "Flat"
    },
    "embedding_model": "sentence-transformers/all-MiniLM-L6-v2",
    "embedding_type": "sentence-transformers",
    "chunk_size": 512,
    "chunk_overlap": 50,
    "chunk_strategy": "fixed",
    "top_k_values": [
      1,
      3,
      5,
      10,
      20
    ],
    "batch_size": 100
  },
  "timestamp": "2025-12-23 09:55:18",
  "ingestion": {
    "total_time_sec": 1611.0801701545715,
    "num_documents": 1,
    "num_chunks": 690385,
    "parsing_time_sec": 1.3993730545043945,
    "embedding_time_sec": 1606.9333100318909,
    "insertion_time_sec": 1.1996521949768066
  },
  "query_results": [
    {
      "top_k": 1,
      "num_queries": 10,
      "avg_latency_ms": 58.632564544677734,
      "p50_latency_ms": 40.34900665283203,
      "p95_latency_ms": 272.388219833374,
      "p99_latency_ms": 272.388219833374,
      "min_latency_ms": 22.326946258544922,
      "max_latency_ms": 272.388219833374,
      "queries_per_second": 17.055368595347808,
      "avg_similarity": 0.6014592966477768,
      "avg_top1_similarity": 0.6014592966477768,
      "min_similarity": 0.6014592966477768,
      "recall_at_1": 0.0,
      "precision_at_1": 0.0,
      "mrr": 0.0,
      "resource_metrics": {
        "duration": 0.51068115234375,
        "cpu": {
          "avg": 5.15,
          "max": 10.3,
          "min": 0.0
        },
        "memory": {
          "avg_mb": 8613.65625,
          "max_mb": 9208.90625,
          "min_mb": 8018.40625
        },
        "disk": {
          "read_total_mb": 27.34765625,
          "write_total_mb": 0.0
        },
        "network": {
          "sent_total_mb": 0.0,
          "recv_total_mb": 0.0
        }
      }
    },
    {
      "top_k": 3,
      "num_queries": 10,
      "avg_latency_ms": 25.015616416931152,
      "p50_latency_ms": 23.205041885375977,
      "p95_latency_ms": 34.72185134887695,
      "p99_latency_ms": 34.72185134887695,
      "min_latency_ms": 21.499156951904297,
      "max_latency_ms": 34.72185134887695,
      "queries_per_second": 39.97502933100528,
      "avg_similarity": 0.5880839677092842,
      "avg_top1_similarity": 0.6014592966477768,
      "min_similarity": 0.5763999587497126,
      "recall_at_3": 0.0,
      "precision_at_3": 0.0,
      "mrr": 0.0,
      "resource_metrics": {
        "duration": 0.0,
        "cpu": {
          "avg": 13.1,
          "max": 13.1,
          "min": 13.1
        },
        "memory": {
          "avg_mb": 9213.5625,
          "max_mb": 9213.5625,
          "min_mb": 9213.5625
        },
        "disk": {
          "read_total_mb": 0.0,
          "write_total_mb": 0.0
        },
        "network": {
          "sent_total_mb": 0.0,
          "recv_total_mb": 0.0
        }
      }
    },
    {
      "top_k": 5,
      "num_queries": 10,
      "avg_latency_ms": 25.61938762664795,
      "p50_latency_ms": 24.344921112060547,
      "p95_latency_ms": 37.956953048706055,
      "p99_latency_ms": 37.956953048706055,
      "min_latency_ms": 22.3238468170166,
      "max_latency_ms": 37.956953048706055,
      "queries_per_second": 39.032939216699006,
      "avg_similarity": 0.5786316529354079,
      "avg_top1_similarity": 0.6014592966477768,
      "min_similarity": 0.5616536535003755,
      "recall_at_5": 0.0,
      "precision_at_5": 0.0,
      "mrr": 0.0,
      "resource_metrics": {
        "duration": 0.0,
        "cpu": {
          "avg": 15.4,
          "max": 15.4,
          "min": 15.4
        },
        "memory": {
          "avg_mb": 9198.046875,
          "max_mb": 9198.046875,
          "min_mb": 9198.046875
        },
        "disk": {
          "read_total_mb": 0.0,
          "write_total_mb": 0.0
        },
        "network": {
          "sent_total_mb": 0.0,
          "recv_total_mb": 0.0
        }
      }
    },
    {
      "top_k": 10,
      "num_queries": 10,
      "avg_latency_ms": 25.49440860748291,
      "p50_latency_ms": 23.169755935668945,
      "p95_latency_ms": 41.56017303466797,
      "p99_latency_ms": 41.56017303466797,
      "min_latency_ms": 22.246122360229492,
      "max_latency_ms": 41.56017303466797,
      "queries_per_second": 39.224286995482146,
      "avg_similarity": 0.5642000179488362,
      "avg_top1_similarity": 0.6014592966477768,
      "min_similarity": 0.5432653825490932,
      "recall_at_10": 0.0,
      "precision_at_10": 0.0,
      "mrr": 0.0,
      "resource_metrics": {
        "duration": 0.0,
        "cpu": {
          "avg": 16.4,
          "max": 16.4,
          "min": 16.4
        },
        "memory": {
          "avg_mb": 9194.78125,
          "max_mb": 9194.78125,
          "min_mb": 9194.78125
        },
        "disk": {
          "read_total_mb": 0.0,
          "write_total_mb": 0.0
        },
        "network": {
          "sent_total_mb": 0.0,
          "recv_total_mb": 0.0
        }
      }
    },
    {
      "top_k": 20,
      "num_queries": 10,
      "avg_latency_ms": 25.014281272888184,
      "p50_latency_ms": 23.036956787109375,
      "p95_latency_ms": 38.98906707763672,
      "p99_latency_ms": 38.98906707763672,
      "min_latency_ms": 22.061824798583984,
      "max_latency_ms": 38.98906707763672,
      "queries_per_second": 39.9771630090309,
      "avg_similarity": 0.5481090643900877,
      "avg_top1_similarity": 0.6014592966477768,
      "min_similarity": 0.5244727539443104,
      "recall_at_20": 0.0,
      "precision_at_20": 0.0,
      "mrr": 0.0,
      "resource_metrics": {
        "duration": 0.0,
        "cpu": {
          "avg": 14.4,
          "max": 14.4,
          "min": 14.4
        },
        "memory": {
          "avg_mb": 9200.40625,
          "max_mb": 9200.40625,
          "min_mb": 9200.40625
        },
        "disk": {
          "read_total_mb": 0.0,
          "write_total_mb": 0.0
        },
        "network": {
          "sent_total_mb": 0.0,
          "recv_total_mb": 0.0
        }
      }
    }
  ]
}