{
  "database": "qdrant",
  "config": {
    "corpus_path": "Data/test_corpus/corpus_sizes/corpus_10k",
    "test_cases_path": "Data/test_corpus/test_cases.json",
    "output_dir": "results/qdrant_scaling_n10/corpus_10k/run_8",
    "qdrant_config": {
      "host": "localhost",
      "port": 6333,
      "collection_name": "benchmark_test"
    },
    "embedding_model": "sentence-transformers/all-MiniLM-L6-v2",
    "embedding_type": "sentence-transformers",
    "chunk_size": 512,
    "chunk_overlap": 50,
    "chunk_strategy": "fixed",
    "top_k_values": [
      1,
      3,
      5,
      10,
      20
    ],
    "batch_size": 100
  },
  "timestamp": "2026-01-10 01:06:44",
  "ingestion": {
    "total_time_sec": 181.360857963562,
    "num_documents": 1,
    "num_chunks": 69903,
    "parsing_time_sec": 0.14606475830078125,
    "embedding_time_sec": 164.6213047504425,
    "insertion_time_sec": 15.84074091911316
  },
  "query_results": [
    {
      "top_k": 1,
      "num_queries": 10,
      "avg_latency_ms": 46.63214683532715,
      "p50_latency_ms": 35.80212593078613,
      "p95_latency_ms": 201.02214813232422,
      "p99_latency_ms": 201.02214813232422,
      "min_latency_ms": 12.530803680419922,
      "max_latency_ms": 201.02214813232422,
      "queries_per_second": 21.444434105324728,
      "avg_similarity": 0.597283879,
      "avg_top1_similarity": 0.597283879,
      "min_similarity": 0.597283879,
      "recall_at_1": 0.0,
      "precision_at_1": 0.0,
      "mrr": 0.0,
      "resource_metrics": {
        "duration": 0.0,
        "cpu": {
          "avg": 14.4,
          "max": 14.4,
          "min": 14.4
        },
        "memory": {
          "avg_mb": 8149.5625,
          "max_mb": 8149.5625,
          "min_mb": 8149.5625
        },
        "disk": {
          "read_total_mb": 0.0,
          "write_total_mb": 0.0
        },
        "network": {
          "sent_total_mb": 0.0,
          "recv_total_mb": 0.0
        }
      }
    },
    {
      "top_k": 3,
      "num_queries": 10,
      "avg_latency_ms": 11.408805847167969,
      "p50_latency_ms": 11.222124099731445,
      "p95_latency_ms": 15.324115753173828,
      "p99_latency_ms": 15.324115753173828,
      "min_latency_ms": 9.851217269897461,
      "max_latency_ms": 15.324115753173828,
      "queries_per_second": 87.65159240993061,
      "avg_similarity": 0.5706728316666666,
      "avg_top1_similarity": 0.597283879,
      "min_similarity": 0.550541934,
      "recall_at_3": 0.0,
      "precision_at_3": 0.0,
      "mrr": 0.0,
      "resource_metrics": {
        "duration": 0.0,
        "cpu": {
          "avg": 18.5,
          "max": 18.5,
          "min": 18.5
        },
        "memory": {
          "avg_mb": 9385.875,
          "max_mb": 9385.875,
          "min_mb": 9385.875
        },
        "disk": {
          "read_total_mb": 0.0,
          "write_total_mb": 0.0
        },
        "network": {
          "sent_total_mb": 0.0,
          "recv_total_mb": 0.0
        }
      }
    },
    {
      "top_k": 5,
      "num_queries": 10,
      "avg_latency_ms": 14.153885841369629,
      "p50_latency_ms": 13.448953628540039,
      "p95_latency_ms": 18.360137939453125,
      "p99_latency_ms": 18.360137939453125,
      "min_latency_ms": 12.353897094726562,
      "max_latency_ms": 18.360137939453125,
      "queries_per_second": 70.65197580421018,
      "avg_similarity": 0.5560518772,
      "avg_top1_similarity": 0.597283879,
      "min_similarity": 0.529982182,
      "recall_at_5": 0.0,
      "precision_at_5": 0.0,
      "mrr": 0.0,
      "resource_metrics": {
        "duration": 0.0,
        "cpu": {
          "avg": 13.3,
          "max": 13.3,
          "min": 13.3
        },
        "memory": {
          "avg_mb": 9392.953125,
          "max_mb": 9392.953125,
          "min_mb": 9392.953125
        },
        "disk": {
          "read_total_mb": 0.0,
          "write_total_mb": 0.0
        },
        "network": {
          "sent_total_mb": 0.0,
          "recv_total_mb": 0.0
        }
      }
    },
    {
      "top_k": 10,
      "num_queries": 10,
      "avg_latency_ms": 13.793158531188965,
      "p50_latency_ms": 13.596057891845703,
      "p95_latency_ms": 19.596099853515625,
      "p99_latency_ms": 19.596099853515625,
      "min_latency_ms": 11.570930480957031,
      "max_latency_ms": 19.596099853515625,
      "queries_per_second": 72.49971047159424,
      "avg_similarity": 0.531931425,
      "avg_top1_similarity": 0.597283879,
      "min_similarity": 0.49561808,
      "recall_at_10": 0.0,
      "precision_at_10": 0.0,
      "mrr": 0.0,
      "resource_metrics": {
        "duration": 0.0,
        "cpu": {
          "avg": 14.7,
          "max": 14.7,
          "min": 14.7
        },
        "memory": {
          "avg_mb": 9425.28125,
          "max_mb": 9425.28125,
          "min_mb": 9425.28125
        },
        "disk": {
          "read_total_mb": 0.0,
          "write_total_mb": 0.0
        },
        "network": {
          "sent_total_mb": 0.0,
          "recv_total_mb": 0.0
        }
      }
    },
    {
      "top_k": 20,
      "num_queries": 10,
      "avg_latency_ms": 13.879632949829102,
      "p50_latency_ms": 13.128042221069336,
      "p95_latency_ms": 20.91813087463379,
      "p99_latency_ms": 20.91813087463379,
      "min_latency_ms": 10.827064514160156,
      "max_latency_ms": 20.91813087463379,
      "queries_per_second": 72.04801478646543,
      "avg_similarity": 0.5037875166999999,
      "avg_top1_similarity": 0.597283879,
      "min_similarity": 0.46340917400000003,
      "recall_at_20": 0.0,
      "precision_at_20": 0.0,
      "mrr": 0.0,
      "resource_metrics": {
        "duration": 0.0,
        "cpu": {
          "avg": 13.1,
          "max": 13.1,
          "min": 13.1
        },
        "memory": {
          "avg_mb": 9436.46875,
          "max_mb": 9436.46875,
          "min_mb": 9436.46875
        },
        "disk": {
          "read_total_mb": 0.0,
          "write_total_mb": 0.0
        },
        "network": {
          "sent_total_mb": 0.0,
          "recv_total_mb": 0.0
        }
      }
    }
  ]
}