{
  "database": "faiss",
  "config": {
    "corpus_path": "Data/test_corpus/corpus_sizes/corpus_10k",
    "test_cases_path": "Data/test_corpus/test_cases.json",
    "output_dir": "results/faiss_scaling_n10/corpus_10k/run_9",
    "faiss_config": {
      "index_path": "./vector_stores/faiss_index.index",
      "index_type": "Flat"
    },
    "embedding_model": "sentence-transformers/all-MiniLM-L6-v2",
    "embedding_type": "sentence-transformers",
    "chunk_size": 512,
    "chunk_overlap": 50,
    "chunk_strategy": "fixed",
    "top_k_values": [
      1,
      3,
      5,
      10,
      20
    ],
    "batch_size": 100
  },
  "timestamp": "2026-01-07 21:21:14",
  "ingestion": {
    "total_time_sec": 161.1662027835846,
    "num_documents": 1,
    "num_chunks": 69903,
    "parsing_time_sec": 0.1238410472869873,
    "embedding_time_sec": 160.6393039226532,
    "insertion_time_sec": 0.20034193992614746
  },
  "query_results": [
    {
      "top_k": 1,
      "num_queries": 10,
      "avg_latency_ms": 20.63164710998535,
      "p50_latency_ms": 23.601055145263672,
      "p95_latency_ms": 43.4567928314209,
      "p99_latency_ms": 43.4567928314209,
      "min_latency_ms": 5.967855453491211,
      "max_latency_ms": 43.4567928314209,
      "queries_per_second": 48.46922762245278,
      "avg_similarity": 0.5581660055095653,
      "avg_top1_similarity": 0.5581660055095653,
      "min_similarity": 0.5581660055095653,
      "recall_at_1": 0.0,
      "precision_at_1": 0.0,
      "mrr": 0.0,
      "resource_metrics": {
        "duration": 0.0,
        "cpu": {
          "avg": 0.0,
          "max": 0.0,
          "min": 0.0
        },
        "memory": {
          "avg_mb": 13043.46875,
          "max_mb": 13043.46875,
          "min_mb": 13043.46875
        },
        "disk": {
          "read_total_mb": 0.0,
          "write_total_mb": 0.0
        },
        "network": {
          "sent_total_mb": 0.0,
          "recv_total_mb": 0.0
        }
      }
    },
    {
      "top_k": 3,
      "num_queries": 10,
      "avg_latency_ms": 14.293932914733887,
      "p50_latency_ms": 10.972976684570312,
      "p95_latency_ms": 43.97010803222656,
      "p99_latency_ms": 43.97010803222656,
      "min_latency_ms": 8.907079696655273,
      "max_latency_ms": 43.97010803222656,
      "queries_per_second": 69.95975187271384,
      "avg_similarity": 0.541706624168814,
      "avg_top1_similarity": 0.5581660055095653,
      "min_similarity": 0.5291392686176649,
      "recall_at_3": 0.0,
      "precision_at_3": 0.0,
      "mrr": 0.0,
      "resource_metrics": {
        "duration": 0.0,
        "cpu": {
          "avg": 14.7,
          "max": 14.7,
          "min": 14.7
        },
        "memory": {
          "avg_mb": 12538.40625,
          "max_mb": 12538.40625,
          "min_mb": 12538.40625
        },
        "disk": {
          "read_total_mb": 0.203125,
          "write_total_mb": 0.0
        },
        "network": {
          "sent_total_mb": 0.0,
          "recv_total_mb": 0.0
        }
      }
    },
    {
      "top_k": 5,
      "num_queries": 10,
      "avg_latency_ms": 10.246014595031738,
      "p50_latency_ms": 10.480880737304688,
      "p95_latency_ms": 12.901782989501953,
      "p99_latency_ms": 12.901782989501953,
      "min_latency_ms": 8.937835693359375,
      "max_latency_ms": 12.901782989501953,
      "queries_per_second": 97.59892402309255,
      "avg_similarity": 0.5330032980995693,
      "avg_top1_similarity": 0.5581660055095653,
      "min_similarity": 0.5176948310628566,
      "recall_at_5": 0.0,
      "precision_at_5": 0.0,
      "mrr": 0.0,
      "resource_metrics": {
        "duration": 0.0,
        "cpu": {
          "avg": 15.1,
          "max": 15.1,
          "min": 15.1
        },
        "memory": {
          "avg_mb": 11212.09375,
          "max_mb": 11212.09375,
          "min_mb": 11212.09375
        },
        "disk": {
          "read_total_mb": 0.0,
          "write_total_mb": 0.0
        },
        "network": {
          "sent_total_mb": 0.0,
          "recv_total_mb": 0.0
        }
      }
    },
    {
      "top_k": 10,
      "num_queries": 10,
      "avg_latency_ms": 10.697412490844727,
      "p50_latency_ms": 10.263919830322266,
      "p95_latency_ms": 18.9361572265625,
      "p99_latency_ms": 18.9361572265625,
      "min_latency_ms": 8.273839950561523,
      "max_latency_ms": 18.9361572265625,
      "queries_per_second": 93.48054969889587,
      "avg_similarity": 0.5193785008576619,
      "avg_top1_similarity": 0.5581660055095653,
      "min_similarity": 0.4993554378505681,
      "recall_at_10": 0.0,
      "precision_at_10": 0.0,
      "mrr": 0.0,
      "resource_metrics": {
        "duration": 0.0,
        "cpu": {
          "avg": 15.7,
          "max": 15.7,
          "min": 15.7
        },
        "memory": {
          "avg_mb": 11260.5625,
          "max_mb": 11260.5625,
          "min_mb": 11260.5625
        },
        "disk": {
          "read_total_mb": 0.0,
          "write_total_mb": 0.0
        },
        "network": {
          "sent_total_mb": 0.0,
          "recv_total_mb": 0.0
        }
      }
    },
    {
      "top_k": 20,
      "num_queries": 10,
      "avg_latency_ms": 11.41655445098877,
      "p50_latency_ms": 10.907888412475586,
      "p95_latency_ms": 16.628026962280273,
      "p99_latency_ms": 16.628026962280273,
      "min_latency_ms": 9.250640869140625,
      "max_latency_ms": 16.628026962280273,
      "queries_per_second": 87.59210182835783,
      "avg_similarity": 0.5042849702899981,
      "avg_top1_similarity": 0.5581660055095653,
      "min_similarity": 0.48320295502314875,
      "recall_at_20": 0.0,
      "precision_at_20": 0.0,
      "mrr": 0.0,
      "resource_metrics": {
        "duration": 0.0,
        "cpu": {
          "avg": 13.9,
          "max": 13.9,
          "min": 13.9
        },
        "memory": {
          "avg_mb": 11182.34375,
          "max_mb": 11182.34375,
          "min_mb": 11182.34375
        },
        "disk": {
          "read_total_mb": 0.0,
          "write_total_mb": 0.0
        },
        "network": {
          "sent_total_mb": 0.0,
          "recv_total_mb": 0.0
        }
      }
    }
  ]
}