{
  "database": "opensearch",
  "config": {
    "corpus_path": "Data/test_corpus/corpus_sizes/corpus_1k",
    "test_cases_path": "Data/test_corpus/test_cases.json",
    "output_dir": "results/opensearch_scaling_n10/corpus_1k/run_8",
    "opensearch_config": {
      "host": "localhost",
      "port": 9200,
      "index_name": "benchmark_test"
    },
    "embedding_model": "sentence-transformers/all-MiniLM-L6-v2",
    "embedding_type": "sentence-transformers",
    "chunk_size": 512,
    "chunk_overlap": 50,
    "chunk_strategy": "fixed",
    "top_k_values": [
      1,
      3,
      5,
      10,
      20
    ],
    "batch_size": 100
  },
  "timestamp": "2026-01-10 08:00:40",
  "ingestion": {
    "total_time_sec": 19.84402084350586,
    "num_documents": 1,
    "num_chunks": 5562,
    "parsing_time_sec": 0.006727933883666992,
    "embedding_time_sec": 13.852577924728394,
    "insertion_time_sec": 5.9244420528411865
  },
  "query_results": [
    {
      "top_k": 1,
      "num_queries": 10,
      "avg_latency_ms": 29.23123836517334,
      "p50_latency_ms": 29.01601791381836,
      "p95_latency_ms": 77.08024978637695,
      "p99_latency_ms": 77.08024978637695,
      "min_latency_ms": 12.962818145751953,
      "max_latency_ms": 77.08024978637695,
      "queries_per_second": 34.209977268408146,
      "avg_similarity": 0.5281620380524102,
      "avg_top1_similarity": 0.5281620380524102,
      "min_similarity": 0.5281620380524102,
      "recall_at_1": 0.0,
      "precision_at_1": 0.0,
      "mrr": 0.0,
      "resource_metrics": {
        "duration": 0.0,
        "cpu": {
          "avg": 0.0,
          "max": 0.0,
          "min": 0.0
        },
        "memory": {
          "avg_mb": 9864.90625,
          "max_mb": 9864.90625,
          "min_mb": 9864.90625
        },
        "disk": {
          "read_total_mb": 0.0,
          "write_total_mb": 0.0
        },
        "network": {
          "sent_total_mb": 0.0,
          "recv_total_mb": 0.0
        }
      }
    },
    {
      "top_k": 3,
      "num_queries": 10,
      "avg_latency_ms": 14.039444923400879,
      "p50_latency_ms": 13.497114181518555,
      "p95_latency_ms": 21.214962005615234,
      "p99_latency_ms": 21.214962005615234,
      "min_latency_ms": 10.758161544799805,
      "max_latency_ms": 21.214962005615234,
      "queries_per_second": 71.22788724596974,
      "avg_similarity": 0.5003335785744996,
      "avg_top1_similarity": 0.5281620380524102,
      "min_similarity": 0.4769755785670771,
      "recall_at_3": 0.0,
      "precision_at_3": 0.0,
      "mrr": 0.0,
      "resource_metrics": {
        "duration": 0.0,
        "cpu": {
          "avg": 23.6,
          "max": 23.6,
          "min": 23.6
        },
        "memory": {
          "avg_mb": 10559.28125,
          "max_mb": 10559.28125,
          "min_mb": 10559.28125
        },
        "disk": {
          "read_total_mb": 0.0,
          "write_total_mb": 0.0
        },
        "network": {
          "sent_total_mb": 0.0,
          "recv_total_mb": 0.0
        }
      }
    },
    {
      "top_k": 5,
      "num_queries": 10,
      "avg_latency_ms": 14.41943645477295,
      "p50_latency_ms": 14.061927795410156,
      "p95_latency_ms": 17.953872680664062,
      "p99_latency_ms": 17.953872680664062,
      "min_latency_ms": 12.6190185546875,
      "max_latency_ms": 17.953872680664062,
      "queries_per_second": 69.35083788721798,
      "avg_similarity": 0.48294005260895656,
      "avg_top1_similarity": 0.5281620380524102,
      "min_similarity": 0.45247993988108204,
      "recall_at_5": 0.0,
      "precision_at_5": 0.0,
      "mrr": 0.0,
      "resource_metrics": {
        "duration": 0.0,
        "cpu": {
          "avg": 20.4,
          "max": 20.4,
          "min": 20.4
        },
        "memory": {
          "avg_mb": 10574.203125,
          "max_mb": 10574.203125,
          "min_mb": 10574.203125
        },
        "disk": {
          "read_total_mb": 0.0,
          "write_total_mb": 0.0
        },
        "network": {
          "sent_total_mb": 0.0,
          "recv_total_mb": 0.0
        }
      }
    },
    {
      "top_k": 10,
      "num_queries": 10,
      "avg_latency_ms": 15.144729614257812,
      "p50_latency_ms": 13.900995254516602,
      "p95_latency_ms": 23.8950252532959,
      "p99_latency_ms": 23.8950252532959,
      "min_latency_ms": 12.224674224853516,
      "max_latency_ms": 23.8950252532959,
      "queries_per_second": 66.02957104355055,
      "avg_similarity": 0.4581516809590983,
      "avg_top1_similarity": 0.5281620380524102,
      "min_similarity": 0.4219653128287223,
      "recall_at_10": 0.0,
      "precision_at_10": 0.0,
      "mrr": 0.0,
      "resource_metrics": {
        "duration": 0.0,
        "cpu": {
          "avg": 19.9,
          "max": 19.9,
          "min": 19.9
        },
        "memory": {
          "avg_mb": 10476.3125,
          "max_mb": 10476.3125,
          "min_mb": 10476.3125
        },
        "disk": {
          "read_total_mb": 0.0,
          "write_total_mb": 0.0
        },
        "network": {
          "sent_total_mb": 0.0,
          "recv_total_mb": 0.0
        }
      }
    },
    {
      "top_k": 20,
      "num_queries": 10,
      "avg_latency_ms": 18.893766403198242,
      "p50_latency_ms": 17.903804779052734,
      "p95_latency_ms": 29.330015182495117,
      "p99_latency_ms": 29.330015182495117,
      "min_latency_ms": 15.421867370605469,
      "max_latency_ms": 29.330015182495117,
      "queries_per_second": 52.92750945786675,
      "avg_similarity": 0.42762155499305193,
      "avg_top1_similarity": 0.5281620380524102,
      "min_similarity": 0.38250702953675664,
      "recall_at_20": 0.0,
      "precision_at_20": 0.0,
      "mrr": 0.0,
      "resource_metrics": {
        "duration": 0.0,
        "cpu": {
          "avg": 20.0,
          "max": 20.0,
          "min": 20.0
        },
        "memory": {
          "avg_mb": 10547.921875,
          "max_mb": 10547.921875,
          "min_mb": 10547.921875
        },
        "disk": {
          "read_total_mb": 0.0,
          "write_total_mb": 0.0
        },
        "network": {
          "sent_total_mb": 0.0,
          "recv_total_mb": 0.0
        }
      }
    }
  ]
}