{
  "database": "weaviate",
  "config": {
    "corpus_path": "Data/test_corpus/corpus_sizes/corpus_1k",
    "test_cases_path": "Data/test_corpus/test_cases.json",
    "output_dir": "results/weaviate_scaling_n3/corpus_1k/run_3",
    "weaviate_config": {
      "host": "localhost",
      "port": 8082,
      "class_name": "BenchmarkTest"
    },
    "embedding_model": "sentence-transformers/all-MiniLM-L6-v2",
    "embedding_type": "sentence-transformers",
    "chunk_size": 512,
    "chunk_overlap": 50,
    "chunk_strategy": "fixed",
    "top_k_values": [
      1,
      3,
      5,
      10,
      20
    ],
    "batch_size": 100
  },
  "timestamp": "2025-12-22 16:28:13",
  "ingestion": {
    "total_time_sec": 42.168376207351685,
    "num_documents": 1,
    "num_chunks": 5562,
    "parsing_time_sec": 0.005879640579223633,
    "embedding_time_sec": 35.685569047927856,
    "insertion_time_sec": 6.013227939605713
  },
  "query_results": [
    {
      "top_k": 1,
      "num_queries": 10,
      "avg_latency_ms": 97.97911643981934,
      "p50_latency_ms": 71.9151496887207,
      "p95_latency_ms": 416.8970584869385,
      "p99_latency_ms": 416.8970584869385,
      "min_latency_ms": 32.31692314147949,
      "max_latency_ms": 416.8970584869385,
      "queries_per_second": 10.2062565609501,
      "avg_similarity": 0.5281620919704437,
      "avg_top1_similarity": 0.5281620919704437,
      "min_similarity": 0.5281620919704437,
      "recall_at_1": 0.0,
      "precision_at_1": 0.0,
      "mrr": 0.0,
      "resource_metrics": {
        "duration": 0.5068018436431885,
        "cpu": {
          "avg": 12.95,
          "max": 25.9,
          "min": 0.0
        },
        "memory": {
          "avg_mb": 15673.125,
          "max_mb": 16208.59375,
          "min_mb": 15137.65625
        },
        "disk": {
          "read_total_mb": 165.96875,
          "write_total_mb": 133.16015625
        },
        "network": {
          "sent_total_mb": 0.0068359375,
          "recv_total_mb": 0.0068359375
        }
      }
    },
    {
      "top_k": 3,
      "num_queries": 10,
      "avg_latency_ms": 40.05851745605469,
      "p50_latency_ms": 41.90826416015625,
      "p95_latency_ms": 72.85094261169434,
      "p99_latency_ms": 72.85094261169434,
      "min_latency_ms": 9.778976440429688,
      "max_latency_ms": 72.85094261169434,
      "queries_per_second": 24.963480016379236,
      "avg_similarity": 0.500333595275879,
      "avg_top1_similarity": 0.5281620919704437,
      "min_similarity": 0.4769755721092224,
      "recall_at_3": 0.0,
      "precision_at_3": 0.0,
      "mrr": 0.0,
      "resource_metrics": {
        "duration": 0.0,
        "cpu": {
          "avg": 35.8,
          "max": 35.8,
          "min": 35.8
        },
        "memory": {
          "avg_mb": 15669.65625,
          "max_mb": 15669.65625,
          "min_mb": 15669.65625
        },
        "disk": {
          "read_total_mb": 0.0,
          "write_total_mb": 3.4375
        },
        "network": {
          "sent_total_mb": 0.0,
          "recv_total_mb": 0.0
        }
      }
    },
    {
      "top_k": 5,
      "num_queries": 10,
      "avg_latency_ms": 36.45331859588623,
      "p50_latency_ms": 47.96195030212402,
      "p95_latency_ms": 54.08310890197754,
      "p99_latency_ms": 54.08310890197754,
      "min_latency_ms": 11.759042739868164,
      "max_latency_ms": 54.08310890197754,
      "queries_per_second": 27.432344667594965,
      "avg_similarity": 0.48294008612632755,
      "avg_top1_similarity": 0.5281620919704437,
      "min_similarity": 0.45248001217842104,
      "recall_at_5": 0.0,
      "precision_at_5": 0.0,
      "mrr": 0.0,
      "resource_metrics": {
        "duration": 0.0,
        "cpu": {
          "avg": 30.9,
          "max": 30.9,
          "min": 30.9
        },
        "memory": {
          "avg_mb": 16475.21875,
          "max_mb": 16475.21875,
          "min_mb": 16475.21875
        },
        "disk": {
          "read_total_mb": 0.390625,
          "write_total_mb": 0.0
        },
        "network": {
          "sent_total_mb": 0.0,
          "recv_total_mb": 0.0
        }
      }
    },
    {
      "top_k": 10,
      "num_queries": 10,
      "avg_latency_ms": 47.86956310272217,
      "p50_latency_ms": 51.19180679321289,
      "p95_latency_ms": 75.5469799041748,
      "p99_latency_ms": 75.5469799041748,
      "min_latency_ms": 17.45295524597168,
      "max_latency_ms": 75.5469799041748,
      "queries_per_second": 20.890100832007253,
      "avg_similarity": 0.45815171718597414,
      "avg_top1_similarity": 0.5281620919704437,
      "min_similarity": 0.42196529507637026,
      "recall_at_10": 0.0,
      "precision_at_10": 0.0,
      "mrr": 0.0,
      "resource_metrics": {
        "duration": 0.0,
        "cpu": {
          "avg": 21.5,
          "max": 21.5,
          "min": 21.5
        },
        "memory": {
          "avg_mb": 16649.578125,
          "max_mb": 16649.578125,
          "min_mb": 16649.578125
        },
        "disk": {
          "read_total_mb": 0.33203125,
          "write_total_mb": 1.0
        },
        "network": {
          "sent_total_mb": 0.0,
          "recv_total_mb": 0.0
        }
      }
    },
    {
      "top_k": 20,
      "num_queries": 10,
      "avg_latency_ms": 43.23780536651611,
      "p50_latency_ms": 47.08695411682129,
      "p95_latency_ms": 59.61298942565918,
      "p99_latency_ms": 59.61298942565918,
      "min_latency_ms": 19.625186920166016,
      "max_latency_ms": 59.61298942565918,
      "queries_per_second": 23.127908355274947,
      "avg_similarity": 0.42762157768011094,
      "avg_top1_similarity": 0.5281620919704437,
      "min_similarity": 0.3825070321559906,
      "recall_at_20": 0.0,
      "precision_at_20": 0.0,
      "mrr": 0.0,
      "resource_metrics": {
        "duration": 0.0,
        "cpu": {
          "avg": 20.0,
          "max": 20.0,
          "min": 20.0
        },
        "memory": {
          "avg_mb": 16906.125,
          "max_mb": 16906.125,
          "min_mb": 16906.125
        },
        "disk": {
          "read_total_mb": 0.140625,
          "write_total_mb": 0.8125
        },
        "network": {
          "sent_total_mb": 0.0,
          "recv_total_mb": 0.0
        }
      }
    }
  ]
}