{
  "database": "weaviate",
  "config": {
    "corpus_path": "Data/test_corpus/corpus_sizes/corpus_50k",
    "test_cases_path": "Data/test_corpus/test_cases.json",
    "output_dir": "results/weaviate_scaling_n3/corpus_50k/run_2",
    "weaviate_config": {
      "host": "localhost",
      "port": 8082,
      "class_name": "BenchmarkTest"
    },
    "embedding_model": "sentence-transformers/all-MiniLM-L6-v2",
    "embedding_type": "sentence-transformers",
    "chunk_size": 512,
    "chunk_overlap": 50,
    "chunk_strategy": "fixed",
    "top_k_values": [
      1,
      3,
      5,
      10,
      20
    ],
    "batch_size": 100
  },
  "timestamp": "2025-12-22 17:16:13",
  "ingestion": {
    "total_time_sec": 2830.17977809906,
    "num_documents": 1,
    "num_chunks": 345046,
    "parsing_time_sec": 1.45859694480896,
    "embedding_time_sec": 2532.584268093109,
    "insertion_time_sec": 288.0656809806824
  },
  "query_results": [
    {
      "top_k": 1,
      "num_queries": 10,
      "avg_latency_ms": 2021.273136138916,
      "p50_latency_ms": 142.38691329956055,
      "p95_latency_ms": 18678.213119506836,
      "p99_latency_ms": 18678.213119506836,
      "min_latency_ms": 22.60303497314453,
      "max_latency_ms": 18678.213119506836,
      "queries_per_second": 0.49473768889553627,
      "avg_similarity": 0.6609139680862427,
      "avg_top1_similarity": 0.6609139680862427,
      "min_similarity": 0.6609139680862427,
      "recall_at_1": 0.0,
      "precision_at_1": 0.0,
      "mrr": 0.0,
      "resource_metrics": {
        "duration": 19.800391912460327,
        "cpu": {
          "avg": 27.075,
          "max": 62.6,
          "min": 0.0
        },
        "memory": {
          "avg_mb": 7689.378125,
          "max_mb": 8243.578125,
          "min_mb": 7281.796875
        },
        "disk": {
          "read_total_mb": 3534.44921875,
          "write_total_mb": 6516.33984375
        },
        "network": {
          "sent_total_mb": 17.140625,
          "recv_total_mb": 17.1513671875
        }
      }
    },
    {
      "top_k": 3,
      "num_queries": 10,
      "avg_latency_ms": 24.684834480285645,
      "p50_latency_ms": 21.197080612182617,
      "p95_latency_ms": 46.972036361694336,
      "p99_latency_ms": 46.972036361694336,
      "min_latency_ms": 14.117956161499023,
      "max_latency_ms": 46.972036361694336,
      "queries_per_second": 40.51070307150094,
      "avg_similarity": 0.6381454348564147,
      "avg_top1_similarity": 0.6609139680862427,
      "min_similarity": 0.6174291849136353,
      "recall_at_3": 0.0,
      "precision_at_3": 0.0,
      "mrr": 0.0,
      "resource_metrics": {
        "duration": 0.0,
        "cpu": {
          "avg": 43.5,
          "max": 43.5,
          "min": 43.5
        },
        "memory": {
          "avg_mb": 8097.15625,
          "max_mb": 8097.15625,
          "min_mb": 8097.15625
        },
        "disk": {
          "read_total_mb": 0.62890625,
          "write_total_mb": 0.0
        },
        "network": {
          "sent_total_mb": 0.0,
          "recv_total_mb": 0.0
        }
      }
    },
    {
      "top_k": 5,
      "num_queries": 10,
      "avg_latency_ms": 22.470521926879883,
      "p50_latency_ms": 25.687694549560547,
      "p95_latency_ms": 33.77819061279297,
      "p99_latency_ms": 33.77819061279297,
      "min_latency_ms": 11.455059051513672,
      "max_latency_ms": 33.77819061279297,
      "queries_per_second": 44.5027491241212,
      "avg_similarity": 0.6227201437950134,
      "avg_top1_similarity": 0.6609139680862427,
      "min_similarity": 0.5959628105163575,
      "recall_at_5": 0.0,
      "precision_at_5": 0.0,
      "mrr": 0.0,
      "resource_metrics": {
        "duration": 0.0,
        "cpu": {
          "avg": 59.5,
          "max": 59.5,
          "min": 59.5
        },
        "memory": {
          "avg_mb": 8095.734375,
          "max_mb": 8095.734375,
          "min_mb": 8095.734375
        },
        "disk": {
          "read_total_mb": 0.265625,
          "write_total_mb": 0.5
        },
        "network": {
          "sent_total_mb": 0.0,
          "recv_total_mb": 0.0
        }
      }
    },
    {
      "top_k": 10,
      "num_queries": 10,
      "avg_latency_ms": 20.462346076965332,
      "p50_latency_ms": 21.703243255615234,
      "p95_latency_ms": 27.159929275512695,
      "p99_latency_ms": 27.159929275512695,
      "min_latency_ms": 14.883041381835938,
      "max_latency_ms": 27.159929275512695,
      "queries_per_second": 48.87025154587284,
      "avg_similarity": 0.5995995450019835,
      "avg_top1_similarity": 0.6609139680862427,
      "min_similarity": 0.5663065969944,
      "recall_at_10": 0.0,
      "precision_at_10": 0.0,
      "mrr": 0.0,
      "resource_metrics": {
        "duration": 0.0,
        "cpu": {
          "avg": 38.0,
          "max": 38.0,
          "min": 38.0
        },
        "memory": {
          "avg_mb": 8059.015625,
          "max_mb": 8059.015625,
          "min_mb": 8059.015625
        },
        "disk": {
          "read_total_mb": 0.25,
          "write_total_mb": 0.0
        },
        "network": {
          "sent_total_mb": 0.0,
          "recv_total_mb": 0.0
        }
      }
    },
    {
      "top_k": 20,
      "num_queries": 10,
      "avg_latency_ms": 28.820037841796875,
      "p50_latency_ms": 28.08380126953125,
      "p95_latency_ms": 42.182207107543945,
      "p99_latency_ms": 42.182207107543945,
      "min_latency_ms": 15.669107437133789,
      "max_latency_ms": 42.182207107543945,
      "queries_per_second": 34.698080741230974,
      "avg_similarity": 0.5704183614253999,
      "avg_top1_similarity": 0.6609139680862427,
      "min_similarity": 0.5275188863277436,
      "recall_at_20": 0.0,
      "precision_at_20": 0.0,
      "mrr": 0.0,
      "resource_metrics": {
        "duration": 0.0,
        "cpu": {
          "avg": 27.1,
          "max": 27.1,
          "min": 27.1
        },
        "memory": {
          "avg_mb": 8037.84375,
          "max_mb": 8037.84375,
          "min_mb": 8037.84375
        },
        "disk": {
          "read_total_mb": 0.015625,
          "write_total_mb": 0.0
        },
        "network": {
          "sent_total_mb": 0.0,
          "recv_total_mb": 0.0
        }
      }
    }
  ]
}