{
  "database": "faiss",
  "config": {
    "corpus_path": "Data/test_corpus/corpus_sizes/corpus_50k",
    "test_cases_path": "Data/test_corpus/test_cases.json",
    "output_dir": "results/faiss_scaling_n10/corpus_50k/run_8",
    "faiss_config": {
      "index_path": "./vector_stores/faiss_index.index",
      "index_type": "Flat"
    },
    "embedding_model": "sentence-transformers/all-MiniLM-L6-v2",
    "embedding_type": "sentence-transformers",
    "chunk_size": 512,
    "chunk_overlap": 50,
    "chunk_strategy": "fixed",
    "top_k_values": [
      1,
      3,
      5,
      10,
      20
    ],
    "batch_size": 100
  },
  "timestamp": "2026-01-09 03:49:51",
  "ingestion": {
    "total_time_sec": 796.211676120758,
    "num_documents": 1,
    "num_chunks": 345046,
    "parsing_time_sec": 0.5677030086517334,
    "embedding_time_sec": 795.0463988780975,
    "insertion_time_sec": 0.2947556972503662
  },
  "query_results": [
    {
      "top_k": 1,
      "num_queries": 10,
      "avg_latency_ms": 31.89873695373535,
      "p50_latency_ms": 33.444881439208984,
      "p95_latency_ms": 71.17581367492676,
      "p99_latency_ms": 71.17581367492676,
      "min_latency_ms": 14.462947845458984,
      "max_latency_ms": 71.17581367492676,
      "queries_per_second": 31.349203620518264,
      "avg_similarity": 0.5984924522751894,
      "avg_top1_similarity": 0.5984924522751894,
      "min_similarity": 0.5984924522751894,
      "recall_at_1": 0.0,
      "precision_at_1": 0.0,
      "mrr": 0.0,
      "resource_metrics": {
        "duration": 0.0,
        "cpu": {
          "avg": 0.0,
          "max": 0.0,
          "min": 0.0
        },
        "memory": {
          "avg_mb": 9994.953125,
          "max_mb": 9994.953125,
          "min_mb": 9994.953125
        },
        "disk": {
          "read_total_mb": 0.0,
          "write_total_mb": 0.0
        },
        "network": {
          "sent_total_mb": 0.0,
          "recv_total_mb": 0.0
        }
      }
    },
    {
      "top_k": 3,
      "num_queries": 10,
      "avg_latency_ms": 17.08528995513916,
      "p50_latency_ms": 15.809059143066406,
      "p95_latency_ms": 24.43385124206543,
      "p99_latency_ms": 24.43385124206543,
      "min_latency_ms": 13.839960098266602,
      "max_latency_ms": 24.43385124206543,
      "queries_per_second": 58.52988170676059,
      "avg_similarity": 0.5826153732997978,
      "avg_top1_similarity": 0.5984924522751894,
      "min_similarity": 0.5683679396628638,
      "recall_at_3": 0.0,
      "precision_at_3": 0.0,
      "mrr": 0.0,
      "resource_metrics": {
        "duration": 0.0,
        "cpu": {
          "avg": 0.0,
          "max": 0.0,
          "min": 0.0
        },
        "memory": {
          "avg_mb": 10770.46875,
          "max_mb": 10770.46875,
          "min_mb": 10770.46875
        },
        "disk": {
          "read_total_mb": 0.0,
          "write_total_mb": 0.0
        },
        "network": {
          "sent_total_mb": 0.0,
          "recv_total_mb": 0.0
        }
      }
    },
    {
      "top_k": 5,
      "num_queries": 10,
      "avg_latency_ms": 17.72773265838623,
      "p50_latency_ms": 15.628576278686523,
      "p95_latency_ms": 29.72412109375,
      "p99_latency_ms": 29.72412109375,
      "min_latency_ms": 14.608144760131836,
      "max_latency_ms": 29.72412109375,
      "queries_per_second": 56.40879289359899,
      "avg_similarity": 0.5723111263747227,
      "avg_top1_similarity": 0.5984924522751894,
      "min_similarity": 0.5546112070249468,
      "recall_at_5": 0.0,
      "precision_at_5": 0.0,
      "mrr": 0.0,
      "resource_metrics": {
        "duration": 0.0,
        "cpu": {
          "avg": 11.4,
          "max": 11.4,
          "min": 11.4
        },
        "memory": {
          "avg_mb": 10777.78125,
          "max_mb": 10777.78125,
          "min_mb": 10777.78125
        },
        "disk": {
          "read_total_mb": 0.0,
          "write_total_mb": 0.0
        },
        "network": {
          "sent_total_mb": 0.0,
          "recv_total_mb": 0.0
        }
      }
    },
    {
      "top_k": 10,
      "num_queries": 10,
      "avg_latency_ms": 18.728137016296387,
      "p50_latency_ms": 16.726016998291016,
      "p95_latency_ms": 28.977155685424805,
      "p99_latency_ms": 28.977155685424805,
      "min_latency_ms": 15.652179718017578,
      "max_latency_ms": 28.977155685424805,
      "queries_per_second": 53.39559397338052,
      "avg_similarity": 0.5574337662703974,
      "avg_top1_similarity": 0.5984924522751894,
      "min_similarity": 0.5363287070380626,
      "recall_at_10": 0.0,
      "precision_at_10": 0.0,
      "mrr": 0.0,
      "resource_metrics": {
        "duration": 0.0,
        "cpu": {
          "avg": 8.5,
          "max": 8.5,
          "min": 8.5
        },
        "memory": {
          "avg_mb": 10681.359375,
          "max_mb": 10681.359375,
          "min_mb": 10681.359375
        },
        "disk": {
          "read_total_mb": 0.0,
          "write_total_mb": 0.0
        },
        "network": {
          "sent_total_mb": 0.0,
          "recv_total_mb": 0.0
        }
      }
    },
    {
      "top_k": 20,
      "num_queries": 10,
      "avg_latency_ms": 17.78254508972168,
      "p50_latency_ms": 15.847921371459961,
      "p95_latency_ms": 29.15191650390625,
      "p99_latency_ms": 29.15191650390625,
      "min_latency_ms": 14.54782485961914,
      "max_latency_ms": 29.15191650390625,
      "queries_per_second": 56.23491997093265,
      "avg_similarity": 0.5397185943310087,
      "avg_top1_similarity": 0.5984924522751894,
      "min_similarity": 0.5143914249250633,
      "recall_at_20": 0.0,
      "precision_at_20": 0.0,
      "mrr": 0.0,
      "resource_metrics": {
        "duration": 0.0,
        "cpu": {
          "avg": 17.8,
          "max": 17.8,
          "min": 17.8
        },
        "memory": {
          "avg_mb": 10736.859375,
          "max_mb": 10736.859375,
          "min_mb": 10736.859375
        },
        "disk": {
          "read_total_mb": 0.0,
          "write_total_mb": 0.0
        },
        "network": {
          "sent_total_mb": 0.0,
          "recv_total_mb": 0.0
        }
      }
    }
  ]
}