{
  "database": "faiss",
  "config": {
    "corpus_path": "Data/test_corpus/corpus_sizes/corpus_100k",
    "test_cases_path": "Data/test_corpus/test_cases.json",
    "output_dir": "results/faiss_scaling_n10/corpus_100k/run_6",
    "faiss_config": {
      "index_path": "./vector_stores/faiss_index.index",
      "index_type": "Flat"
    },
    "embedding_model": "sentence-transformers/all-MiniLM-L6-v2",
    "embedding_type": "sentence-transformers",
    "chunk_size": 512,
    "chunk_overlap": 50,
    "chunk_strategy": "fixed",
    "top_k_values": [
      1,
      3,
      5,
      10,
      20
    ],
    "batch_size": 100
  },
  "timestamp": "2026-01-07 19:18:16",
  "ingestion": {
    "total_time_sec": 1580.4401421546936,
    "num_documents": 1,
    "num_chunks": 690385,
    "parsing_time_sec": 0.970897912979126,
    "embedding_time_sec": 1577.029377937317,
    "insertion_time_sec": 1.3428139686584473
  },
  "query_results": [
    {
      "top_k": 1,
      "num_queries": 10,
      "avg_latency_ms": 56.801581382751465,
      "p50_latency_ms": 40.13419151306152,
      "p95_latency_ms": 259.2470645904541,
      "p99_latency_ms": 259.2470645904541,
      "min_latency_ms": 22.519826889038086,
      "max_latency_ms": 259.2470645904541,
      "queries_per_second": 17.605143653688188,
      "avg_similarity": 0.6014592966477768,
      "avg_top1_similarity": 0.6014592966477768,
      "min_similarity": 0.6014592966477768,
      "recall_at_1": 0.0,
      "precision_at_1": 0.0,
      "mrr": 0.0,
      "resource_metrics": {
        "duration": 0.5093941688537598,
        "cpu": {
          "avg": 0.0,
          "max": 0.0,
          "min": 0.0
        },
        "memory": {
          "avg_mb": 9010.6484375,
          "max_mb": 9570.421875,
          "min_mb": 8450.875
        },
        "disk": {
          "read_total_mb": 22.890625,
          "write_total_mb": 0.0
        },
        "network": {
          "sent_total_mb": 0.0,
          "recv_total_mb": 0.0
        }
      }
    },
    {
      "top_k": 3,
      "num_queries": 10,
      "avg_latency_ms": 24.79104995727539,
      "p50_latency_ms": 23.231983184814453,
      "p95_latency_ms": 31.03327751159668,
      "p99_latency_ms": 31.03327751159668,
      "min_latency_ms": 22.094249725341797,
      "max_latency_ms": 31.03327751159668,
      "queries_per_second": 40.33713786722984,
      "avg_similarity": 0.5880839677092842,
      "avg_top1_similarity": 0.6014592966477768,
      "min_similarity": 0.5763999587497126,
      "recall_at_3": 0.0,
      "precision_at_3": 0.0,
      "mrr": 0.0,
      "resource_metrics": {
        "duration": 0.0,
        "cpu": {
          "avg": 8.6,
          "max": 8.6,
          "min": 8.6
        },
        "memory": {
          "avg_mb": 9579.96875,
          "max_mb": 9579.96875,
          "min_mb": 9579.96875
        },
        "disk": {
          "read_total_mb": 0.0,
          "write_total_mb": 0.0
        },
        "network": {
          "sent_total_mb": 0.0,
          "recv_total_mb": 0.0
        }
      }
    },
    {
      "top_k": 5,
      "num_queries": 10,
      "avg_latency_ms": 25.15122890472412,
      "p50_latency_ms": 23.25916290283203,
      "p95_latency_ms": 39.40725326538086,
      "p99_latency_ms": 39.40725326538086,
      "min_latency_ms": 21.84295654296875,
      "max_latency_ms": 39.40725326538086,
      "queries_per_second": 39.75948864320389,
      "avg_similarity": 0.5786316529354079,
      "avg_top1_similarity": 0.6014592966477768,
      "min_similarity": 0.5616536535003755,
      "recall_at_5": 0.0,
      "precision_at_5": 0.0,
      "mrr": 0.0,
      "resource_metrics": {
        "duration": 0.0,
        "cpu": {
          "avg": 8.7,
          "max": 8.7,
          "min": 8.7
        },
        "memory": {
          "avg_mb": 9594.390625,
          "max_mb": 9594.390625,
          "min_mb": 9594.390625
        },
        "disk": {
          "read_total_mb": 0.0,
          "write_total_mb": 0.0
        },
        "network": {
          "sent_total_mb": 0.0,
          "recv_total_mb": 0.0
        }
      }
    },
    {
      "top_k": 10,
      "num_queries": 10,
      "avg_latency_ms": 24.909090995788574,
      "p50_latency_ms": 22.95207977294922,
      "p95_latency_ms": 39.888858795166016,
      "p99_latency_ms": 39.888858795166016,
      "min_latency_ms": 21.265268325805664,
      "max_latency_ms": 39.888858795166016,
      "queries_per_second": 40.145985261729216,
      "avg_similarity": 0.5642000179488362,
      "avg_top1_similarity": 0.6014592966477768,
      "min_similarity": 0.5432653825490932,
      "recall_at_10": 0.0,
      "precision_at_10": 0.0,
      "mrr": 0.0,
      "resource_metrics": {
        "duration": 0.0,
        "cpu": {
          "avg": 9.6,
          "max": 9.6,
          "min": 9.6
        },
        "memory": {
          "avg_mb": 9629.671875,
          "max_mb": 9629.671875,
          "min_mb": 9629.671875
        },
        "disk": {
          "read_total_mb": 0.0,
          "write_total_mb": 0.0
        },
        "network": {
          "sent_total_mb": 0.0,
          "recv_total_mb": 0.0
        }
      }
    },
    {
      "top_k": 20,
      "num_queries": 10,
      "avg_latency_ms": 25.132274627685547,
      "p50_latency_ms": 22.977590560913086,
      "p95_latency_ms": 38.780927658081055,
      "p99_latency_ms": 38.780927658081055,
      "min_latency_ms": 21.808147430419922,
      "max_latency_ms": 38.780927658081055,
      "queries_per_second": 39.78947448307789,
      "avg_similarity": 0.5481090643900877,
      "avg_top1_similarity": 0.6014592966477768,
      "min_similarity": 0.5244727539443104,
      "recall_at_20": 0.0,
      "precision_at_20": 0.0,
      "mrr": 0.0,
      "resource_metrics": {
        "duration": 0.0,
        "cpu": {
          "avg": 7.6,
          "max": 7.6,
          "min": 7.6
        },
        "memory": {
          "avg_mb": 9621.625,
          "max_mb": 9621.625,
          "min_mb": 9621.625
        },
        "disk": {
          "read_total_mb": 0.0,
          "write_total_mb": 0.0
        },
        "network": {
          "sent_total_mb": 0.0,
          "recv_total_mb": 0.0
        }
      }
    }
  ]
}