{
  "database": "milvus",
  "config": {
    "corpus_path": "Data/test_corpus/documents",
    "test_cases_path": "Data/test_corpus/test_cases.json",
    "output_dir": "results/milvus_scaling_n3/corpus_baseline/run_2",
    "milvus_config": {
      "host": "localhost",
      "port": 19530,
      "collection_name": "benchmark_test"
    },
    "embedding_model": "sentence-transformers/all-MiniLM-L6-v2",
    "embedding_type": "sentence-transformers",
    "chunk_size": 512,
    "chunk_overlap": 50,
    "chunk_strategy": "fixed",
    "top_k_values": [
      1,
      3,
      5,
      10,
      20
    ],
    "batch_size": 100
  },
  "timestamp": "2025-12-22 17:14:31",
  "ingestion": {
    "total_time_sec": 8.14468002319336,
    "num_documents": 20,
    "num_chunks": 175,
    "parsing_time_sec": 0.00030612945556640625,
    "embedding_time_sec": 1.9185588359832764,
    "insertion_time_sec": 5.711620807647705
  },
  "query_results": [
    {
      "top_k": 1,
      "num_queries": 10,
      "avg_latency_ms": 102.34723091125488,
      "p50_latency_ms": 58.54010581970215,
      "p95_latency_ms": 539.5140647888184,
      "p99_latency_ms": 539.5140647888184,
      "min_latency_ms": 17.97795295715332,
      "max_latency_ms": 539.5140647888184,
      "queries_per_second": 9.770660047139902,
      "avg_similarity": 0.7316954731941223,
      "avg_top1_similarity": 0.7316954731941223,
      "min_similarity": 0.7316954731941223,
      "recall_at_1": 0.0,
      "precision_at_1": 0.0,
      "mrr": 0.0,
      "resource_metrics": {
        "duration": 1.0079319477081299,
        "cpu": {
          "avg": 19.466666666666665,
          "max": 58.4,
          "min": 0.0
        },
        "memory": {
          "avg_mb": 12404.96875,
          "max_mb": 12704.09375,
          "min_mb": 12175.734375
        },
        "disk": {
          "read_total_mb": 223.7578125,
          "write_total_mb": 220.3984375
        },
        "network": {
          "sent_total_mb": 3.5263671875,
          "recv_total_mb": 3.5263671875
        }
      }
    },
    {
      "top_k": 3,
      "num_queries": 10,
      "avg_latency_ms": 31.25154972076416,
      "p50_latency_ms": 33.860206604003906,
      "p95_latency_ms": 47.170162200927734,
      "p99_latency_ms": 47.170162200927734,
      "min_latency_ms": 18.73493194580078,
      "max_latency_ms": 47.170162200927734,
      "queries_per_second": 31.998413164630357,
      "avg_similarity": 0.6881673038005829,
      "avg_top1_similarity": 0.7316954731941223,
      "min_similarity": 0.6527654767036438,
      "recall_at_3": 0.0,
      "precision_at_3": 0.0,
      "mrr": 0.0,
      "resource_metrics": {
        "duration": 0.0,
        "cpu": {
          "avg": 57.7,
          "max": 57.7,
          "min": 57.7
        },
        "memory": {
          "avg_mb": 12704.09375,
          "max_mb": 12704.09375,
          "min_mb": 12704.09375
        },
        "disk": {
          "read_total_mb": 0.203125,
          "write_total_mb": 0.0
        },
        "network": {
          "sent_total_mb": 0.0,
          "recv_total_mb": 0.0
        }
      }
    },
    {
      "top_k": 5,
      "num_queries": 10,
      "avg_latency_ms": 31.765222549438477,
      "p50_latency_ms": 38.89298439025879,
      "p95_latency_ms": 50.15397071838379,
      "p99_latency_ms": 50.15397071838379,
      "min_latency_ms": 6.81614875793457,
      "max_latency_ms": 50.15397071838379,
      "queries_per_second": 31.480969429495694,
      "avg_similarity": 0.6663784158229829,
      "avg_top1_similarity": 0.7316954731941223,
      "min_similarity": 0.6243872046470642,
      "recall_at_5": 0.0,
      "precision_at_5": 0.0,
      "mrr": 0.0,
      "resource_metrics": {
        "duration": 0.0,
        "cpu": {
          "avg": 96.1,
          "max": 96.1,
          "min": 96.1
        },
        "memory": {
          "avg_mb": 11240.46875,
          "max_mb": 11240.46875,
          "min_mb": 11240.46875
        },
        "disk": {
          "read_total_mb": 0.06640625,
          "write_total_mb": 0.578125
        },
        "network": {
          "sent_total_mb": 0.0,
          "recv_total_mb": 0.0
        }
      }
    },
    {
      "top_k": 10,
      "num_queries": 10,
      "avg_latency_ms": 29.99708652496338,
      "p50_latency_ms": 28.296947479248047,
      "p95_latency_ms": 60.26816368103027,
      "p99_latency_ms": 60.26816368103027,
      "min_latency_ms": 11.976957321166992,
      "max_latency_ms": 60.26816368103027,
      "queries_per_second": 33.33657084223184,
      "avg_similarity": 0.6292959207296371,
      "avg_top1_similarity": 0.7316954731941223,
      "min_similarity": 0.573929738998413,
      "recall_at_10": 0.0,
      "precision_at_10": 0.0,
      "mrr": 0.0,
      "resource_metrics": {
        "duration": 0.0,
        "cpu": {
          "avg": 65.5,
          "max": 65.5,
          "min": 65.5
        },
        "memory": {
          "avg_mb": 11240.46875,
          "max_mb": 11240.46875,
          "min_mb": 11240.46875
        },
        "disk": {
          "read_total_mb": 0.12109375,
          "write_total_mb": 0.0
        },
        "network": {
          "sent_total_mb": 0.0,
          "recv_total_mb": 0.0
        }
      }
    },
    {
      "top_k": 20,
      "num_queries": 10,
      "avg_latency_ms": 9.201788902282715,
      "p50_latency_ms": 7.364034652709961,
      "p95_latency_ms": 21.548032760620117,
      "p99_latency_ms": 21.548032760620117,
      "min_latency_ms": 7.075071334838867,
      "max_latency_ms": 21.548032760620117,
      "queries_per_second": 108.6745208588655,
      "avg_similarity": 0.5740239070355893,
      "avg_top1_similarity": 0.7316954731941223,
      "min_similarity": 0.49384818971157074,
      "recall_at_20": 0.0,
      "precision_at_20": 0.0,
      "mrr": 0.0,
      "resource_metrics": {
        "duration": 0.0,
        "cpu": {
          "avg": 50.7,
          "max": 50.7,
          "min": 50.7
        },
        "memory": {
          "avg_mb": 11885.5,
          "max_mb": 11885.5,
          "min_mb": 11885.5
        },
        "disk": {
          "read_total_mb": 0.0625,
          "write_total_mb": 4.25
        },
        "network": {
          "sent_total_mb": 0.001953125,
          "recv_total_mb": 0.001953125
        }
      }
    }
  ]
}