{
  "database": "chroma",
  "config": {
    "corpus_path": "Data/test_corpus/documents",
    "test_cases_path": "Data/test_corpus/test_cases.json",
    "output_dir": "results/chroma_scaling_n3/corpus_baseline/run_2",
    "chroma_config": {
      "persist_directory": "./vector_stores/chroma_db",
      "collection_name": "benchmark_test"
    },
    "embedding_model": "sentence-transformers/all-MiniLM-L6-v2",
    "embedding_type": "sentence-transformers",
    "chunk_size": 512,
    "chunk_overlap": 50,
    "chunk_strategy": "fixed",
    "top_k_values": [
      1,
      3,
      5,
      10,
      20
    ],
    "batch_size": 100
  },
  "timestamp": "2025-12-22 18:27:55",
  "ingestion": {
    "total_time_sec": 1.0320758819580078,
    "num_documents": 20,
    "num_chunks": 175,
    "parsing_time_sec": 0.00011897087097167969,
    "embedding_time_sec": 0.3268430233001709,
    "insertion_time_sec": 0.1932380199432373
  },
  "query_results": [
    {
      "top_k": 1,
      "num_queries": 10,
      "avg_latency_ms": 21.790170669555664,
      "p50_latency_ms": 20.632266998291016,
      "p95_latency_ms": 63.642263412475586,
      "p99_latency_ms": 63.642263412475586,
      "min_latency_ms": 6.099939346313477,
      "max_latency_ms": 63.642263412475586,
      "queries_per_second": 45.89225183982423,
      "avg_similarity": 0.7316957116127014,
      "avg_top1_similarity": 0.7316957116127014,
      "min_similarity": 0.7316957116127014,
      "recall_at_1": 0.0,
      "precision_at_1": 0.0,
      "mrr": 0.0,
      "resource_metrics": {
        "duration": 0.0,
        "cpu": {
          "avg": 10.4,
          "max": 10.4,
          "min": 10.4
        },
        "memory": {
          "avg_mb": 9395.3125,
          "max_mb": 9395.3125,
          "min_mb": 9395.3125
        },
        "disk": {
          "read_total_mb": 0.0,
          "write_total_mb": 0.0
        },
        "network": {
          "sent_total_mb": 0.0,
          "recv_total_mb": 0.0
        }
      }
    },
    {
      "top_k": 3,
      "num_queries": 10,
      "avg_latency_ms": 9.000563621520996,
      "p50_latency_ms": 8.511066436767578,
      "p95_latency_ms": 13.557195663452148,
      "p99_latency_ms": 13.557195663452148,
      "min_latency_ms": 7.541894912719727,
      "max_latency_ms": 13.557195663452148,
      "queries_per_second": 111.1041532564614,
      "avg_similarity": 0.6881674289703368,
      "avg_top1_similarity": 0.7316957116127014,
      "min_similarity": 0.6527655184268951,
      "recall_at_3": 0.0,
      "precision_at_3": 0.0,
      "mrr": 0.0,
      "resource_metrics": {
        "duration": 0.0,
        "cpu": {
          "avg": 12.5,
          "max": 12.5,
          "min": 12.5
        },
        "memory": {
          "avg_mb": 9704.625,
          "max_mb": 9704.625,
          "min_mb": 9704.625
        },
        "disk": {
          "read_total_mb": 0.0,
          "write_total_mb": 0.0
        },
        "network": {
          "sent_total_mb": 0.0,
          "recv_total_mb": 0.0
        }
      }
    },
    {
      "top_k": 5,
      "num_queries": 10,
      "avg_latency_ms": 10.272526741027832,
      "p50_latency_ms": 9.797096252441406,
      "p95_latency_ms": 15.807151794433594,
      "p99_latency_ms": 15.807151794433594,
      "min_latency_ms": 8.313894271850586,
      "max_latency_ms": 15.807151794433594,
      "queries_per_second": 97.34703303385547,
      "avg_similarity": 0.6663785147666931,
      "avg_top1_similarity": 0.7316957116127014,
      "min_similarity": 0.6243872523307801,
      "recall_at_5": 0.0,
      "precision_at_5": 0.0,
      "mrr": 0.0,
      "resource_metrics": {
        "duration": 0.0,
        "cpu": {
          "avg": 12.0,
          "max": 12.0,
          "min": 12.0
        },
        "memory": {
          "avg_mb": 9749.734375,
          "max_mb": 9749.734375,
          "min_mb": 9749.734375
        },
        "disk": {
          "read_total_mb": 0.0,
          "write_total_mb": 0.0
        },
        "network": {
          "sent_total_mb": 0.0,
          "recv_total_mb": 0.0
        }
      }
    },
    {
      "top_k": 10,
      "num_queries": 10,
      "avg_latency_ms": 10.394906997680664,
      "p50_latency_ms": 9.882926940917969,
      "p95_latency_ms": 15.244722366333008,
      "p99_latency_ms": 15.244722366333008,
      "min_latency_ms": 7.966279983520508,
      "max_latency_ms": 15.244722366333008,
      "queries_per_second": 96.20095689390222,
      "avg_similarity": 0.6292960041761398,
      "avg_top1_similarity": 0.7316957116127014,
      "min_similarity": 0.5739298105239868,
      "recall_at_10": 0.0,
      "precision_at_10": 0.0,
      "mrr": 0.0,
      "resource_metrics": {
        "duration": 0.0,
        "cpu": {
          "avg": 8.3,
          "max": 8.3,
          "min": 8.3
        },
        "memory": {
          "avg_mb": 9674.828125,
          "max_mb": 9674.828125,
          "min_mb": 9674.828125
        },
        "disk": {
          "read_total_mb": 0.0,
          "write_total_mb": 0.0
        },
        "network": {
          "sent_total_mb": 0.0,
          "recv_total_mb": 0.0
        }
      }
    },
    {
      "top_k": 20,
      "num_queries": 10,
      "avg_latency_ms": 10.211372375488281,
      "p50_latency_ms": 10.838031768798828,
      "p95_latency_ms": 14.806985855102539,
      "p99_latency_ms": 14.806985855102539,
      "min_latency_ms": 7.619142532348633,
      "max_latency_ms": 14.806985855102539,
      "queries_per_second": 97.93002969908662,
      "avg_similarity": 0.5740239790081978,
      "avg_top1_similarity": 0.7316957116127014,
      "min_similarity": 0.4938482403755188,
      "recall_at_20": 0.0,
      "precision_at_20": 0.0,
      "mrr": 0.0,
      "resource_metrics": {
        "duration": 0.0,
        "cpu": {
          "avg": 7.1,
          "max": 7.1,
          "min": 7.1
        },
        "memory": {
          "avg_mb": 9675.796875,
          "max_mb": 9675.796875,
          "min_mb": 9675.796875
        },
        "disk": {
          "read_total_mb": 0.0,
          "write_total_mb": 0.0
        },
        "network": {
          "sent_total_mb": 0.0,
          "recv_total_mb": 0.0
        }
      }
    }
  ]
}