{
  "database": "pgvector",
  "config": {
    "corpus_path": "Data/test_corpus/documents",
    "test_cases_path": "Data/test_corpus/test_cases.json",
    "output_dir": "results/pgvector_ivfflat_scaling_n3/corpus_baseline/run_2",
    "pgvector_config": {
      "host": "localhost",
      "port": 5433,
      "database": "vectordb",
      "user": "postgres",
      "password": "postgres",
      "table_name": "benchmark_test",
      "index_type": "ivfflat"
    },
    "embedding_model": "sentence-transformers/all-MiniLM-L6-v2",
    "embedding_type": "sentence-transformers",
    "chunk_size": 512,
    "chunk_overlap": 50,
    "chunk_strategy": "fixed",
    "top_k_values": [
      1,
      3,
      5,
      10,
      20
    ],
    "batch_size": 100
  },
  "timestamp": "2026-01-05 13:23:18",
  "ingestion": {
    "total_time_sec": 0.5027151107788086,
    "num_documents": 20,
    "num_chunks": 175,
    "parsing_time_sec": 0.00019884109497070312,
    "embedding_time_sec": 0.3507099151611328,
    "insertion_time_sec": 0.1215219497680664
  },
  "query_results": [
    {
      "top_k": 1,
      "num_queries": 10,
      "avg_latency_ms": 20.0045108795166,
      "p50_latency_ms": 21.55590057373047,
      "p95_latency_ms": 46.22387886047363,
      "p99_latency_ms": 46.22387886047363,
      "min_latency_ms": 5.474090576171875,
      "max_latency_ms": 46.22387886047363,
      "queries_per_second": 49.988725344139205,
      "avg_similarity": 0.7316954973735107,
      "avg_top1_similarity": 0.7316954973735107,
      "min_similarity": 0.7316954973735107,
      "recall_at_1": 0.0,
      "precision_at_1": 0.0,
      "mrr": 0.0,
      "resource_metrics": {
        "duration": 0.0,
        "cpu": {
          "avg": 35.6,
          "max": 35.6,
          "min": 35.6
        },
        "memory": {
          "avg_mb": 8954.1875,
          "max_mb": 8954.1875,
          "min_mb": 8954.1875
        },
        "disk": {
          "read_total_mb": 0.0,
          "write_total_mb": 0.0
        },
        "network": {
          "sent_total_mb": 0.0,
          "recv_total_mb": 0.0
        }
      }
    },
    {
      "top_k": 3,
      "num_queries": 10,
      "avg_latency_ms": 12.43140697479248,
      "p50_latency_ms": 12.692928314208984,
      "p95_latency_ms": 15.618085861206055,
      "p99_latency_ms": 15.618085861206055,
      "min_latency_ms": 9.346961975097656,
      "max_latency_ms": 15.618085861206055,
      "queries_per_second": 80.44141761489497,
      "avg_similarity": 0.6881673020859458,
      "avg_top1_similarity": 0.7316954973735107,
      "min_similarity": 0.6527654300506451,
      "recall_at_3": 0.0,
      "precision_at_3": 0.0,
      "mrr": 0.0,
      "resource_metrics": {
        "duration": 0.0,
        "cpu": {
          "avg": 27.2,
          "max": 27.2,
          "min": 27.2
        },
        "memory": {
          "avg_mb": 8835.75,
          "max_mb": 8835.75,
          "min_mb": 8835.75
        },
        "disk": {
          "read_total_mb": 0.0,
          "write_total_mb": 0.0
        },
        "network": {
          "sent_total_mb": 0.0,
          "recv_total_mb": 0.0
        }
      }
    },
    {
      "top_k": 5,
      "num_queries": 10,
      "avg_latency_ms": 10.981082916259766,
      "p50_latency_ms": 11.37995719909668,
      "p95_latency_ms": 13.264894485473633,
      "p99_latency_ms": 13.264894485473633,
      "min_latency_ms": 8.234977722167969,
      "max_latency_ms": 13.264894485473633,
      "queries_per_second": 91.0656997698554,
      "avg_similarity": 0.6663784126849246,
      "avg_top1_similarity": 0.7316954973735107,
      "min_similarity": 0.6243872141840345,
      "recall_at_5": 0.0,
      "precision_at_5": 0.0,
      "mrr": 0.0,
      "resource_metrics": {
        "duration": 0.0,
        "cpu": {
          "avg": 28.7,
          "max": 28.7,
          "min": 28.7
        },
        "memory": {
          "avg_mb": 8821.84375,
          "max_mb": 8821.84375,
          "min_mb": 8821.84375
        },
        "disk": {
          "read_total_mb": 0.0,
          "write_total_mb": 0.0
        },
        "network": {
          "sent_total_mb": 0.0,
          "recv_total_mb": 0.0
        }
      }
    },
    {
      "top_k": 10,
      "num_queries": 10,
      "avg_latency_ms": 13.00647258758545,
      "p50_latency_ms": 12.948989868164062,
      "p95_latency_ms": 16.5250301361084,
      "p99_latency_ms": 16.5250301361084,
      "min_latency_ms": 11.052131652832031,
      "max_latency_ms": 16.5250301361084,
      "queries_per_second": 76.88479664766989,
      "avg_similarity": 0.6292959139944945,
      "avg_top1_similarity": 0.7316954973735107,
      "min_similarity": 0.5739297043020959,
      "recall_at_10": 0.0,
      "precision_at_10": 0.0,
      "mrr": 0.0,
      "resource_metrics": {
        "duration": 0.0,
        "cpu": {
          "avg": 28.6,
          "max": 28.6,
          "min": 28.6
        },
        "memory": {
          "avg_mb": 8770.296875,
          "max_mb": 8770.296875,
          "min_mb": 8770.296875
        },
        "disk": {
          "read_total_mb": 0.0,
          "write_total_mb": 0.0
        },
        "network": {
          "sent_total_mb": 0.0009765625,
          "recv_total_mb": 0.0029296875
        }
      }
    },
    {
      "top_k": 20,
      "num_queries": 10,
      "avg_latency_ms": 10.949063301086426,
      "p50_latency_ms": 10.223150253295898,
      "p95_latency_ms": 18.77593994140625,
      "p99_latency_ms": 18.77593994140625,
      "min_latency_ms": 8.951902389526367,
      "max_latency_ms": 18.77593994140625,
      "queries_per_second": 91.33201375324724,
      "avg_similarity": 0.5740238946417549,
      "avg_top1_similarity": 0.7316954973735107,
      "min_similarity": 0.4938481571494914,
      "recall_at_20": 0.0,
      "precision_at_20": 0.0,
      "mrr": 0.0,
      "resource_metrics": {
        "duration": 0.0,
        "cpu": {
          "avg": 22.8,
          "max": 22.8,
          "min": 22.8
        },
        "memory": {
          "avg_mb": 8807.6875,
          "max_mb": 8807.6875,
          "min_mb": 8807.6875
        },
        "disk": {
          "read_total_mb": 0.0,
          "write_total_mb": 0.0
        },
        "network": {
          "sent_total_mb": 0.0,
          "recv_total_mb": 0.0029296875
        }
      }
    }
  ]
}