{
  "database": "weaviate",
  "config": {
    "corpus_path": "Data/test_corpus/corpus_sizes/corpus_50k",
    "test_cases_path": "Data/test_corpus/test_cases.json",
    "output_dir": "results/weaviate_scaling_n10/corpus_50k/run_4",
    "weaviate_config": {
      "host": "localhost",
      "port": 8082,
      "class_name": "BenchmarkTest"
    },
    "embedding_model": "sentence-transformers/all-MiniLM-L6-v2",
    "embedding_type": "sentence-transformers",
    "chunk_size": 512,
    "chunk_overlap": 50,
    "chunk_strategy": "fixed",
    "top_k_values": [
      1,
      3,
      5,
      10,
      20
    ],
    "batch_size": 100
  },
  "timestamp": "2026-01-10 03:44:55",
  "ingestion": {
    "total_time_sec": 940.4690072536469,
    "num_documents": 1,
    "num_chunks": 345046,
    "parsing_time_sec": 0.6430420875549316,
    "embedding_time_sec": 808.3706960678101,
    "insertion_time_sec": 129.4567060470581
  },
  "query_results": [
    {
      "top_k": 1,
      "num_queries": 10,
      "avg_latency_ms": 116.44506454467773,
      "p50_latency_ms": 55.1450252532959,
      "p95_latency_ms": 731.0299873352051,
      "p99_latency_ms": 731.0299873352051,
      "min_latency_ms": 12.782812118530273,
      "max_latency_ms": 731.0299873352051,
      "queries_per_second": 8.58774052734815,
      "avg_similarity": 0.6609139680862427,
      "avg_top1_similarity": 0.6609139680862427,
      "min_similarity": 0.6609139680862427,
      "recall_at_1": 0.0,
      "precision_at_1": 0.0,
      "mrr": 0.0,
      "resource_metrics": {
        "duration": 1.0061769485473633,
        "cpu": {
          "avg": 61.0,
          "max": 73.1,
          "min": 50.3
        },
        "memory": {
          "avg_mb": 8514.541666666666,
          "max_mb": 8976.5,
          "min_mb": 7931.25
        },
        "disk": {
          "read_total_mb": 121.83203125,
          "write_total_mb": 40.5546875
        },
        "network": {
          "sent_total_mb": 0.01953125,
          "recv_total_mb": 0.021484375
        }
      }
    },
    {
      "top_k": 3,
      "num_queries": 10,
      "avg_latency_ms": 12.590646743774414,
      "p50_latency_ms": 11.921882629394531,
      "p95_latency_ms": 21.57282829284668,
      "p99_latency_ms": 21.57282829284668,
      "min_latency_ms": 10.38813591003418,
      "max_latency_ms": 21.57282829284668,
      "queries_per_second": 79.42403756935371,
      "avg_similarity": 0.6381454348564147,
      "avg_top1_similarity": 0.6609139680862427,
      "min_similarity": 0.6174291849136353,
      "recall_at_3": 0.0,
      "precision_at_3": 0.0,
      "mrr": 0.0,
      "resource_metrics": {
        "duration": 0.0,
        "cpu": {
          "avg": 37.6,
          "max": 37.6,
          "min": 37.6
        },
        "memory": {
          "avg_mb": 8929.09375,
          "max_mb": 8929.09375,
          "min_mb": 8929.09375
        },
        "disk": {
          "read_total_mb": 0.0625,
          "write_total_mb": 0.0
        },
        "network": {
          "sent_total_mb": 0.0,
          "recv_total_mb": 0.0
        }
      }
    },
    {
      "top_k": 5,
      "num_queries": 10,
      "avg_latency_ms": 12.641477584838867,
      "p50_latency_ms": 13.076066970825195,
      "p95_latency_ms": 15.755653381347656,
      "p99_latency_ms": 15.755653381347656,
      "min_latency_ms": 10.13493537902832,
      "max_latency_ms": 15.755653381347656,
      "queries_per_second": 79.1046769089174,
      "avg_similarity": 0.6227201437950134,
      "avg_top1_similarity": 0.6609139680862427,
      "min_similarity": 0.5959628105163575,
      "recall_at_5": 0.0,
      "precision_at_5": 0.0,
      "mrr": 0.0,
      "resource_metrics": {
        "duration": 0.0,
        "cpu": {
          "avg": 19.4,
          "max": 19.4,
          "min": 19.4
        },
        "memory": {
          "avg_mb": 8923.171875,
          "max_mb": 8923.171875,
          "min_mb": 8923.171875
        },
        "disk": {
          "read_total_mb": 0.0,
          "write_total_mb": 0.0
        },
        "network": {
          "sent_total_mb": 0.0,
          "recv_total_mb": 0.0
        }
      }
    },
    {
      "top_k": 10,
      "num_queries": 10,
      "avg_latency_ms": 15.441536903381348,
      "p50_latency_ms": 13.602018356323242,
      "p95_latency_ms": 24.282217025756836,
      "p99_latency_ms": 24.282217025756836,
      "min_latency_ms": 11.516809463500977,
      "max_latency_ms": 24.282217025756836,
      "queries_per_second": 64.76039310445987,
      "avg_similarity": 0.5995995450019835,
      "avg_top1_similarity": 0.6609139680862427,
      "min_similarity": 0.5663065969944,
      "recall_at_10": 0.0,
      "precision_at_10": 0.0,
      "mrr": 0.0,
      "resource_metrics": {
        "duration": 0.0,
        "cpu": {
          "avg": 19.7,
          "max": 19.7,
          "min": 19.7
        },
        "memory": {
          "avg_mb": 8787.40625,
          "max_mb": 8787.40625,
          "min_mb": 8787.40625
        },
        "disk": {
          "read_total_mb": 0.0,
          "write_total_mb": 0.0
        },
        "network": {
          "sent_total_mb": 0.0,
          "recv_total_mb": 0.0
        }
      }
    },
    {
      "top_k": 20,
      "num_queries": 10,
      "avg_latency_ms": 24.81679916381836,
      "p50_latency_ms": 24.617910385131836,
      "p95_latency_ms": 31.807899475097656,
      "p99_latency_ms": 31.807899475097656,
      "min_latency_ms": 20.83873748779297,
      "max_latency_ms": 31.807899475097656,
      "queries_per_second": 40.295285197695826,
      "avg_similarity": 0.5704183614253999,
      "avg_top1_similarity": 0.6609139680862427,
      "min_similarity": 0.5275188863277436,
      "recall_at_20": 0.0,
      "precision_at_20": 0.0,
      "mrr": 0.0,
      "resource_metrics": {
        "duration": 0.0,
        "cpu": {
          "avg": 15.0,
          "max": 15.0,
          "min": 15.0
        },
        "memory": {
          "avg_mb": 8753.546875,
          "max_mb": 8753.546875,
          "min_mb": 8753.546875
        },
        "disk": {
          "read_total_mb": 0.0,
          "write_total_mb": 0.0
        },
        "network": {
          "sent_total_mb": 0.0,
          "recv_total_mb": 0.0
        }
      }
    }
  ]
}