{
  "database": "weaviate",
  "config": {
    "corpus_path": "Data/test_corpus/documents",
    "test_cases_path": "Data/test_corpus/test_cases.json",
    "output_dir": "results/weaviate_scaling_n10/corpus_baseline/run_9",
    "weaviate_config": {
      "host": "localhost",
      "port": 8082,
      "class_name": "BenchmarkTest"
    },
    "embedding_model": "sentence-transformers/all-MiniLM-L6-v2",
    "embedding_type": "sentence-transformers",
    "chunk_size": 512,
    "chunk_overlap": 50,
    "chunk_strategy": "fixed",
    "top_k_values": [
      1,
      3,
      5,
      10,
      20
    ],
    "batch_size": 100
  },
  "timestamp": "2026-01-10 05:21:45",
  "ingestion": {
    "total_time_sec": 2.0403809547424316,
    "num_documents": 20,
    "num_chunks": 175,
    "parsing_time_sec": 0.0003979206085205078,
    "embedding_time_sec": 0.33409905433654785,
    "insertion_time_sec": 1.2533249855041504
  },
  "query_results": [
    {
      "top_k": 1,
      "num_queries": 10,
      "avg_latency_ms": 25.28688907623291,
      "p50_latency_ms": 26.5810489654541,
      "p95_latency_ms": 64.52202796936035,
      "p99_latency_ms": 64.52202796936035,
      "min_latency_ms": 9.443998336791992,
      "max_latency_ms": 64.52202796936035,
      "queries_per_second": 39.546185257715145,
      "avg_similarity": 0.7316955387592315,
      "avg_top1_similarity": 0.7316955387592315,
      "min_similarity": 0.7316955387592315,
      "recall_at_1": 0.0,
      "precision_at_1": 0.0,
      "mrr": 0.0,
      "resource_metrics": {
        "duration": 0.0,
        "cpu": {
          "avg": 21.3,
          "max": 21.3,
          "min": 21.3
        },
        "memory": {
          "avg_mb": 10982.0625,
          "max_mb": 10982.0625,
          "min_mb": 10982.0625
        },
        "disk": {
          "read_total_mb": 0.21875,
          "write_total_mb": 0.0
        },
        "network": {
          "sent_total_mb": 0.0,
          "recv_total_mb": 0.0
        }
      }
    },
    {
      "top_k": 3,
      "num_queries": 10,
      "avg_latency_ms": 10.704445838928223,
      "p50_latency_ms": 10.564088821411133,
      "p95_latency_ms": 14.164209365844727,
      "p99_latency_ms": 14.164209365844727,
      "min_latency_ms": 8.710145950317383,
      "max_latency_ms": 14.164209365844727,
      "queries_per_second": 93.41912837405926,
      "avg_similarity": 0.6881673514842988,
      "avg_top1_similarity": 0.7316955387592315,
      "min_similarity": 0.6527655124664307,
      "recall_at_3": 0.0,
      "precision_at_3": 0.0,
      "mrr": 0.0,
      "resource_metrics": {
        "duration": 0.0,
        "cpu": {
          "avg": 21.7,
          "max": 21.7,
          "min": 21.7
        },
        "memory": {
          "avg_mb": 11536.671875,
          "max_mb": 11536.671875,
          "min_mb": 11536.671875
        },
        "disk": {
          "read_total_mb": 0.0,
          "write_total_mb": 0.0
        },
        "network": {
          "sent_total_mb": 0.0,
          "recv_total_mb": 0.0
        }
      }
    },
    {
      "top_k": 5,
      "num_queries": 10,
      "avg_latency_ms": 10.92531681060791,
      "p50_latency_ms": 10.312318801879883,
      "p95_latency_ms": 15.285015106201172,
      "p99_latency_ms": 15.285015106201172,
      "min_latency_ms": 9.109973907470703,
      "max_latency_ms": 15.285015106201172,
      "queries_per_second": 91.53052651334123,
      "avg_similarity": 0.6663784754276275,
      "avg_top1_similarity": 0.7316955387592315,
      "min_similarity": 0.6243872761726379,
      "recall_at_5": 0.0,
      "precision_at_5": 0.0,
      "mrr": 0.0,
      "resource_metrics": {
        "duration": 0.0,
        "cpu": {
          "avg": 19.4,
          "max": 19.4,
          "min": 19.4
        },
        "memory": {
          "avg_mb": 11535.0,
          "max_mb": 11535.0,
          "min_mb": 11535.0
        },
        "disk": {
          "read_total_mb": 0.0,
          "write_total_mb": 0.0
        },
        "network": {
          "sent_total_mb": 0.0,
          "recv_total_mb": 0.0
        }
      }
    },
    {
      "top_k": 10,
      "num_queries": 10,
      "avg_latency_ms": 10.84141731262207,
      "p50_latency_ms": 10.571956634521484,
      "p95_latency_ms": 13.911008834838867,
      "p99_latency_ms": 13.911008834838867,
      "min_latency_ms": 8.93712043762207,
      "max_latency_ms": 13.911008834838867,
      "queries_per_second": 92.2388624258338,
      "avg_similarity": 0.6292959743738173,
      "avg_top1_similarity": 0.7316955387592315,
      "min_similarity": 0.573929762840271,
      "recall_at_10": 0.0,
      "precision_at_10": 0.0,
      "mrr": 0.0,
      "resource_metrics": {
        "duration": 0.0,
        "cpu": {
          "avg": 19.4,
          "max": 19.4,
          "min": 19.4
        },
        "memory": {
          "avg_mb": 11530.265625,
          "max_mb": 11530.265625,
          "min_mb": 11530.265625
        },
        "disk": {
          "read_total_mb": 0.0,
          "write_total_mb": 0.0
        },
        "network": {
          "sent_total_mb": 0.0,
          "recv_total_mb": 0.0
        }
      }
    },
    {
      "top_k": 20,
      "num_queries": 10,
      "avg_latency_ms": 12.310647964477539,
      "p50_latency_ms": 11.761188507080078,
      "p95_latency_ms": 17.078161239624023,
      "p99_latency_ms": 17.078161239624023,
      "min_latency_ms": 10.421037673950195,
      "max_latency_ms": 17.078161239624023,
      "queries_per_second": 81.23049273161794,
      "avg_similarity": 0.5740239518880844,
      "avg_top1_similarity": 0.7316955387592315,
      "min_similarity": 0.49384820461273193,
      "recall_at_20": 0.0,
      "precision_at_20": 0.0,
      "mrr": 0.0,
      "resource_metrics": {
        "duration": 0.0,
        "cpu": {
          "avg": 20.5,
          "max": 20.5,
          "min": 20.5
        },
        "memory": {
          "avg_mb": 11477.171875,
          "max_mb": 11477.171875,
          "min_mb": 11477.171875
        },
        "disk": {
          "read_total_mb": 0.0,
          "write_total_mb": 0.0
        },
        "network": {
          "sent_total_mb": 0.0,
          "recv_total_mb": 0.0
        }
      }
    }
  ]
}