{
  "database": "faiss",
  "config": {
    "corpus_path": "Data/test_corpus/corpus_sizes/corpus_1m",
    "test_cases_path": "Data/test_corpus/test_cases.json",
    "output_dir": "results/faiss_scaling_n10/corpus_1m/run_6",
    "faiss_config": {
      "index_path": "./vector_stores/faiss_index.index",
      "index_type": "Flat"
    },
    "embedding_model": "sentence-transformers/all-MiniLM-L6-v2",
    "embedding_type": "sentence-transformers",
    "chunk_size": 512,
    "chunk_overlap": 50,
    "chunk_strategy": "fixed",
    "top_k_values": [
      1,
      3,
      5,
      10,
      20
    ],
    "batch_size": 100
  },
  "timestamp": "2026-01-08 01:47:22",
  "ingestion": {
    "total_time_sec": 5196.177299022675,
    "num_documents": 1,
    "num_chunks": 2249072,
    "parsing_time_sec": 3.1738228797912598,
    "embedding_time_sec": 5178.203919172287,
    "insertion_time_sec": 6.107434988021851
  },
  "query_results": [
    {
      "top_k": 1,
      "num_queries": 10,
      "avg_latency_ms": 376.0103225708008,
      "p50_latency_ms": 83.26315879821777,
      "p95_latency_ms": 3054.48579788208,
      "p99_latency_ms": 3054.48579788208,
      "min_latency_ms": 55.728912353515625,
      "max_latency_ms": 3054.48579788208,
      "queries_per_second": 2.6595014550742957,
      "avg_similarity": 0.6081104759530154,
      "avg_top1_similarity": 0.6081104759530154,
      "min_similarity": 0.6081104759530154,
      "recall_at_1": 0.0,
      "precision_at_1": 0.0,
      "mrr": 0.0,
      "resource_metrics": {
        "duration": 3.5722157955169678,
        "cpu": {
          "avg": 11.2625,
          "max": 21.2,
          "min": 0.0
        },
        "memory": {
          "avg_mb": 9134.107421875,
          "max_mb": 10434.59375,
          "min_mb": 8605.6875
        },
        "disk": {
          "read_total_mb": 1247.57421875,
          "write_total_mb": 9.640625
        },
        "network": {
          "sent_total_mb": 0.0126953125,
          "recv_total_mb": 0.029296875
        }
      }
    },
    {
      "top_k": 3,
      "num_queries": 10,
      "avg_latency_ms": 60.03594398498535,
      "p50_latency_ms": 58.51602554321289,
      "p95_latency_ms": 74.88298416137695,
      "p99_latency_ms": 74.88298416137695,
      "min_latency_ms": 55.82404136657715,
      "max_latency_ms": 74.88298416137695,
      "queries_per_second": 16.656688204154737,
      "avg_similarity": 0.5970919434566881,
      "avg_top1_similarity": 0.6081104759530154,
      "min_similarity": 0.5869038129129002,
      "recall_at_3": 0.0,
      "precision_at_3": 0.0,
      "mrr": 0.0,
      "resource_metrics": {
        "duration": 0.5016376972198486,
        "cpu": {
          "avg": 11.649999999999999,
          "max": 16.4,
          "min": 6.9
        },
        "memory": {
          "avg_mb": 10309.40625,
          "max_mb": 10316.5625,
          "min_mb": 10302.25
        },
        "disk": {
          "read_total_mb": 13.09375,
          "write_total_mb": 0.0
        },
        "network": {
          "sent_total_mb": 0.0009765625,
          "recv_total_mb": 0.001953125
        }
      }
    },
    {
      "top_k": 5,
      "num_queries": 10,
      "avg_latency_ms": 59.06658172607422,
      "p50_latency_ms": 58.65216255187988,
      "p95_latency_ms": 64.1319751739502,
      "p99_latency_ms": 64.1319751739502,
      "min_latency_ms": 56.72597885131836,
      "max_latency_ms": 64.1319751739502,
      "queries_per_second": 16.930046919552183,
      "avg_similarity": 0.589569724902797,
      "avg_top1_similarity": 0.6081104759530154,
      "min_similarity": 0.5767552424979981,
      "recall_at_5": 0.0,
      "precision_at_5": 0.0,
      "mrr": 0.0,
      "resource_metrics": {
        "duration": 0.5107619762420654,
        "cpu": {
          "avg": 14.4,
          "max": 15.9,
          "min": 12.9
        },
        "memory": {
          "avg_mb": 10309.8984375,
          "max_mb": 10315.984375,
          "min_mb": 10303.8125
        },
        "disk": {
          "read_total_mb": 28.85546875,
          "write_total_mb": 0.64453125
        },
        "network": {
          "sent_total_mb": 0.00390625,
          "recv_total_mb": 0.0048828125
        }
      }
    },
    {
      "top_k": 10,
      "num_queries": 10,
      "avg_latency_ms": 57.64944553375244,
      "p50_latency_ms": 57.41596221923828,
      "p95_latency_ms": 61.057090759277344,
      "p99_latency_ms": 61.057090759277344,
      "min_latency_ms": 56.56599998474121,
      "max_latency_ms": 61.057090759277344,
      "queries_per_second": 17.34622060527057,
      "avg_similarity": 0.5771787789131821,
      "avg_top1_similarity": 0.6081104759530154,
      "min_similarity": 0.5588513399533241,
      "recall_at_10": 0.0,
      "precision_at_10": 0.0,
      "mrr": 0.0,
      "resource_metrics": {
        "duration": 0.507335901260376,
        "cpu": {
          "avg": 9.85,
          "max": 12.6,
          "min": 7.1
        },
        "memory": {
          "avg_mb": 10188.2421875,
          "max_mb": 10250.234375,
          "min_mb": 10126.25
        },
        "disk": {
          "read_total_mb": 28.12890625,
          "write_total_mb": 0.0703125
        },
        "network": {
          "sent_total_mb": 0.0009765625,
          "recv_total_mb": 0.0009765625
        }
      }
    },
    {
      "top_k": 20,
      "num_queries": 10,
      "avg_latency_ms": 59.22904014587402,
      "p50_latency_ms": 56.61511421203613,
      "p95_latency_ms": 83.37903022766113,
      "p99_latency_ms": 83.37903022766113,
      "min_latency_ms": 55.8321475982666,
      "max_latency_ms": 83.37903022766113,
      "queries_per_second": 16.88360975523358,
      "avg_similarity": 0.5616581162708834,
      "avg_top1_similarity": 0.6081104759530154,
      "min_similarity": 0.5375578751597476,
      "recall_at_20": 0.0,
      "precision_at_20": 0.0,
      "mrr": 0.0,
      "resource_metrics": {
        "duration": 0.5107982158660889,
        "cpu": {
          "avg": 9.95,
          "max": 14.4,
          "min": 5.5
        },
        "memory": {
          "avg_mb": 10110.8203125,
          "max_mb": 10116.015625,
          "min_mb": 10105.625
        },
        "disk": {
          "read_total_mb": 6.234375,
          "write_total_mb": 0.0
        },
        "network": {
          "sent_total_mb": 0.001953125,
          "recv_total_mb": 0.001953125
        }
      }
    }
  ]
}