{
  "database": "opensearch",
  "config": {
    "corpus_path": "Data/test_corpus/corpus_sizes/corpus_10k",
    "test_cases_path": "Data/test_corpus/test_cases.json",
    "output_dir": "results/opensearch_scaling_n3/corpus_10k/run_2",
    "opensearch_config": {
      "host": "localhost",
      "port": 9200,
      "index_name": "benchmark_test"
    },
    "embedding_model": "sentence-transformers/all-MiniLM-L6-v2",
    "embedding_type": "sentence-transformers",
    "chunk_size": 512,
    "chunk_overlap": 50,
    "chunk_strategy": "fixed",
    "top_k_values": [
      1,
      3,
      5,
      10,
      20
    ],
    "batch_size": 100
  },
  "timestamp": "2025-12-22 15:58:35",
  "ingestion": {
    "total_time_sec": 1217.3031160831451,
    "num_documents": 1,
    "num_chunks": 69903,
    "parsing_time_sec": 0.5535340309143066,
    "embedding_time_sec": 1028.3534309864044,
    "insertion_time_sec": 172.07347679138184
  },
  "query_results": [
    {
      "top_k": 1,
      "num_queries": 10,
      "avg_latency_ms": 4085.0083112716675,
      "p50_latency_ms": 426.1958599090576,
      "p95_latency_ms": 28173.47002029419,
      "p99_latency_ms": 28173.47002029419,
      "min_latency_ms": 127.41398811340332,
      "max_latency_ms": 28173.47002029419,
      "queries_per_second": 0.2447975435547398,
      "avg_similarity": 0.5972839416807366,
      "avg_top1_similarity": 0.5972839416807366,
      "min_similarity": 0.5972839416807366,
      "recall_at_1": 0.0,
      "precision_at_1": 0.0,
      "mrr": 0.0,
      "resource_metrics": {
        "duration": 40.48463273048401,
        "cpu": {
          "avg": 39.77215189873418,
          "max": 94.1,
          "min": 0.0
        },
        "memory": {
          "avg_mb": 14786.321400316456,
          "max_mb": 16308.640625,
          "min_mb": 13094.640625
        },
        "disk": {
          "read_total_mb": 12677.16015625,
          "write_total_mb": 12146.5390625
        },
        "network": {
          "sent_total_mb": 117.736328125,
          "recv_total_mb": 117.83984375
        }
      }
    },
    {
      "top_k": 3,
      "num_queries": 10,
      "avg_latency_ms": 95.68808078765869,
      "p50_latency_ms": 93.30081939697266,
      "p95_latency_ms": 182.46889114379883,
      "p99_latency_ms": 182.46889114379883,
      "min_latency_ms": 43.608903884887695,
      "max_latency_ms": 182.46889114379883,
      "queries_per_second": 10.450622394852905,
      "avg_similarity": 0.5706728865666808,
      "avg_top1_similarity": 0.5972839416807366,
      "min_similarity": 0.5505419497576528,
      "recall_at_3": 0.0,
      "precision_at_3": 0.0,
      "mrr": 0.0,
      "resource_metrics": {
        "duration": 0.5108668804168701,
        "cpu": {
          "avg": 72.94999999999999,
          "max": 79.6,
          "min": 66.3
        },
        "memory": {
          "avg_mb": 14785.9375,
          "max_mb": 15134.734375,
          "min_mb": 14437.140625
        },
        "disk": {
          "read_total_mb": 80.2421875,
          "write_total_mb": 0.0
        },
        "network": {
          "sent_total_mb": 0.736328125,
          "recv_total_mb": 0.736328125
        }
      }
    },
    {
      "top_k": 5,
      "num_queries": 10,
      "avg_latency_ms": 77.84979343414307,
      "p50_latency_ms": 77.29911804199219,
      "p95_latency_ms": 183.30097198486328,
      "p99_latency_ms": 183.30097198486328,
      "min_latency_ms": 22.9032039642334,
      "max_latency_ms": 183.30097198486328,
      "queries_per_second": 12.845249240718266,
      "avg_similarity": 0.5560519406742831,
      "avg_top1_similarity": 0.5972839416807366,
      "min_similarity": 0.5299822483351335,
      "recall_at_5": 0.0,
      "precision_at_5": 0.0,
      "mrr": 0.0,
      "resource_metrics": {
        "duration": 0.5053901672363281,
        "cpu": {
          "avg": 44.6,
          "max": 47.6,
          "min": 41.6
        },
        "memory": {
          "avg_mb": 15688.671875,
          "max_mb": 15823.578125,
          "min_mb": 15553.765625
        },
        "disk": {
          "read_total_mb": 128.00390625,
          "write_total_mb": 0.0
        },
        "network": {
          "sent_total_mb": 0.630859375,
          "recv_total_mb": 0.630859375
        }
      }
    },
    {
      "top_k": 10,
      "num_queries": 10,
      "avg_latency_ms": 138.64495754241943,
      "p50_latency_ms": 138.21101188659668,
      "p95_latency_ms": 220.51715850830078,
      "p99_latency_ms": 220.51715850830078,
      "min_latency_ms": 62.236785888671875,
      "max_latency_ms": 220.51715850830078,
      "queries_per_second": 7.212667649265518,
      "avg_similarity": 0.53193146756994,
      "avg_top1_similarity": 0.5972839416807366,
      "min_similarity": 0.495618100346762,
      "recall_at_10": 0.0,
      "precision_at_10": 0.0,
      "mrr": 0.0,
      "resource_metrics": {
        "duration": 1.030212640762329,
        "cpu": {
          "avg": 81.16666666666667,
          "max": 87.8,
          "min": 76.7
        },
        "memory": {
          "avg_mb": 16037.140625,
          "max_mb": 16605.296875,
          "min_mb": 15753.0625
        },
        "disk": {
          "read_total_mb": 110.640625,
          "write_total_mb": 342.453125
        },
        "network": {
          "sent_total_mb": 3.015625,
          "recv_total_mb": 3.015625
        }
      }
    },
    {
      "top_k": 20,
      "num_queries": 10,
      "avg_latency_ms": 101.02052688598633,
      "p50_latency_ms": 100.41403770446777,
      "p95_latency_ms": 158.35189819335938,
      "p99_latency_ms": 158.35189819335938,
      "min_latency_ms": 45.96590995788574,
      "max_latency_ms": 158.35189819335938,
      "queries_per_second": 9.898978265364017,
      "avg_similarity": 0.5037875649668875,
      "avg_top1_similarity": 0.5972839416807366,
      "min_similarity": 0.4634092017181498,
      "recall_at_20": 0.0,
      "precision_at_20": 0.0,
      "mrr": 0.0,
      "resource_metrics": {
        "duration": 0.5087630748748779,
        "cpu": {
          "avg": 73.05000000000001,
          "max": 76.7,
          "min": 69.4
        },
        "memory": {
          "avg_mb": 16562.2265625,
          "max_mb": 16627.9375,
          "min_mb": 16496.515625
        },
        "disk": {
          "read_total_mb": 176.79296875,
          "write_total_mb": 3.1796875
        },
        "network": {
          "sent_total_mb": 2.35546875,
          "recv_total_mb": 2.357421875
        }
      }
    }
  ]
}