{
  "database": "chroma",
  "config": {
    "corpus_path": "Data/test_corpus/documents",
    "test_cases_path": "Data/test_corpus/test_cases.json",
    "output_dir": "results/chroma_scaling_n10/corpus_baseline/run_9",
    "chroma_config": {
      "persist_directory": "./vector_stores/chroma_db",
      "collection_name": "benchmark_test"
    },
    "embedding_model": "sentence-transformers/all-MiniLM-L6-v2",
    "embedding_type": "sentence-transformers",
    "chunk_size": 512,
    "chunk_overlap": 50,
    "chunk_strategy": "fixed",
    "top_k_values": [
      1,
      3,
      5,
      10,
      20
    ],
    "batch_size": 100
  },
  "timestamp": "2026-01-22 15:48:47",
  "ingestion": {
    "total_time_sec": 0.5113539695739746,
    "num_documents": 20,
    "num_chunks": 175,
    "parsing_time_sec": 0.0001437664031982422,
    "embedding_time_sec": 0.29769301414489746,
    "insertion_time_sec": 0.18402814865112305
  },
  "query_results": [
    {
      "top_k": 1,
      "num_queries": 10,
      "avg_latency_ms": 17.487621307373047,
      "p50_latency_ms": 19.701004028320312,
      "p95_latency_ms": 37.42504119873047,
      "p99_latency_ms": 37.42504119873047,
      "min_latency_ms": 4.530191421508789,
      "max_latency_ms": 37.42504119873047,
      "queries_per_second": 57.1833059753178,
      "avg_similarity": 0.7316957294940949,
      "avg_top1_similarity": 0.7316957294940949,
      "min_similarity": 0.7316957294940949,
      "recall_at_1": 0.0,
      "precision_at_1": 0.0,
      "mrr": 0.0,
      "resource_metrics": {
        "duration": 0.0,
        "cpu": {
          "avg": 0.0,
          "max": 0.0,
          "min": 0.0
        },
        "memory": {
          "avg_mb": 9477.53125,
          "max_mb": 9477.53125,
          "min_mb": 9477.53125
        },
        "disk": {
          "read_total_mb": 0.046875,
          "write_total_mb": 0.0
        },
        "network": {
          "sent_total_mb": 0.0,
          "recv_total_mb": 0.0
        }
      }
    },
    {
      "top_k": 3,
      "num_queries": 10,
      "avg_latency_ms": 6.732773780822754,
      "p50_latency_ms": 6.312847137451172,
      "p95_latency_ms": 11.284112930297852,
      "p99_latency_ms": 11.284112930297852,
      "min_latency_ms": 5.029201507568359,
      "max_latency_ms": 11.284112930297852,
      "queries_per_second": 148.52719437096528,
      "avg_similarity": 0.6881674349308013,
      "avg_top1_similarity": 0.7316957294940949,
      "min_similarity": 0.6527655184268951,
      "recall_at_3": 0.0,
      "precision_at_3": 0.0,
      "mrr": 0.0,
      "resource_metrics": {
        "duration": 0.0,
        "cpu": {
          "avg": 17.5,
          "max": 17.5,
          "min": 17.5
        },
        "memory": {
          "avg_mb": 9510.875,
          "max_mb": 9510.875,
          "min_mb": 9510.875
        },
        "disk": {
          "read_total_mb": 0.0,
          "write_total_mb": 0.0
        },
        "network": {
          "sent_total_mb": 0.0,
          "recv_total_mb": 0.0
        }
      }
    },
    {
      "top_k": 5,
      "num_queries": 10,
      "avg_latency_ms": 7.376837730407715,
      "p50_latency_ms": 6.794929504394531,
      "p95_latency_ms": 12.54415512084961,
      "p99_latency_ms": 12.54415512084961,
      "min_latency_ms": 6.000995635986328,
      "max_latency_ms": 12.54415512084961,
      "queries_per_second": 135.55944112447358,
      "avg_similarity": 0.6663785541057587,
      "avg_top1_similarity": 0.7316957294940949,
      "min_similarity": 0.6243873357772827,
      "recall_at_5": 0.0,
      "precision_at_5": 0.0,
      "mrr": 0.0,
      "resource_metrics": {
        "duration": 0.0,
        "cpu": {
          "avg": 12.1,
          "max": 12.1,
          "min": 12.1
        },
        "memory": {
          "avg_mb": 9520.09375,
          "max_mb": 9520.09375,
          "min_mb": 9520.09375
        },
        "disk": {
          "read_total_mb": 0.0,
          "write_total_mb": 0.0
        },
        "network": {
          "sent_total_mb": 0.0,
          "recv_total_mb": 0.0
        }
      }
    },
    {
      "top_k": 10,
      "num_queries": 10,
      "avg_latency_ms": 7.71636962890625,
      "p50_latency_ms": 7.509946823120117,
      "p95_latency_ms": 12.50314712524414,
      "p99_latency_ms": 12.50314712524414,
      "min_latency_ms": 6.715297698974609,
      "max_latency_ms": 12.50314712524414,
      "queries_per_second": 129.59462131698635,
      "avg_similarity": 0.6292960441112518,
      "avg_top1_similarity": 0.7316957294940949,
      "min_similarity": 0.5739297866821289,
      "recall_at_10": 0.0,
      "precision_at_10": 0.0,
      "mrr": 0.0,
      "resource_metrics": {
        "duration": 0.0,
        "cpu": {
          "avg": 11.5,
          "max": 11.5,
          "min": 11.5
        },
        "memory": {
          "avg_mb": 9521.578125,
          "max_mb": 9521.578125,
          "min_mb": 9521.578125
        },
        "disk": {
          "read_total_mb": 0.0,
          "write_total_mb": 0.0
        },
        "network": {
          "sent_total_mb": 0.0,
          "recv_total_mb": 0.0
        }
      }
    },
    {
      "top_k": 20,
      "num_queries": 10,
      "avg_latency_ms": 7.729482650756836,
      "p50_latency_ms": 7.631063461303711,
      "p95_latency_ms": 12.192010879516602,
      "p99_latency_ms": 12.192010879516602,
      "min_latency_ms": 6.191015243530273,
      "max_latency_ms": 12.192010879516602,
      "queries_per_second": 129.37476480422458,
      "avg_similarity": 0.5740240275859833,
      "avg_top1_similarity": 0.7316957294940949,
      "min_similarity": 0.49384829998016355,
      "recall_at_20": 0.0,
      "precision_at_20": 0.0,
      "mrr": 0.0,
      "resource_metrics": {
        "duration": 0.0,
        "cpu": {
          "avg": 12.0,
          "max": 12.0,
          "min": 12.0
        },
        "memory": {
          "avg_mb": 9504.140625,
          "max_mb": 9504.140625,
          "min_mb": 9504.140625
        },
        "disk": {
          "read_total_mb": 0.0,
          "write_total_mb": 0.0
        },
        "network": {
          "sent_total_mb": 0.0,
          "recv_total_mb": 0.0
        }
      }
    }
  ]
}