{
  "database": "qdrant",
  "config": {
    "corpus_path": "Data/test_corpus/documents",
    "test_cases_path": "Data/test_corpus/test_cases.json",
    "output_dir": "results/qdrant_scaling_n10/corpus_baseline/run_10",
    "qdrant_config": {
      "host": "localhost",
      "port": 6333,
      "collection_name": "benchmark_test"
    },
    "embedding_model": "sentence-transformers/all-MiniLM-L6-v2",
    "embedding_type": "sentence-transformers",
    "chunk_size": 512,
    "chunk_overlap": 50,
    "chunk_strategy": "fixed",
    "top_k_values": [
      1,
      3,
      5,
      10,
      20
    ],
    "batch_size": 100
  },
  "timestamp": "2026-01-10 03:03:31",
  "ingestion": {
    "total_time_sec": 0.5120179653167725,
    "num_documents": 20,
    "num_chunks": 175,
    "parsing_time_sec": 0.00014901161193847656,
    "embedding_time_sec": 0.2999539375305176,
    "insertion_time_sec": 0.04932975769042969
  },
  "query_results": [
    {
      "top_k": 1,
      "num_queries": 10,
      "avg_latency_ms": 24.652695655822754,
      "p50_latency_ms": 28.0148983001709,
      "p95_latency_ms": 48.35200309753418,
      "p99_latency_ms": 48.35200309753418,
      "min_latency_ms": 9.43899154663086,
      "max_latency_ms": 48.35200309753418,
      "queries_per_second": 40.56351540460479,
      "avg_similarity": 0.7316954950000001,
      "avg_top1_similarity": 0.7316954950000001,
      "min_similarity": 0.7316954950000001,
      "recall_at_1": 0.0,
      "precision_at_1": 0.0,
      "mrr": 0.0,
      "resource_metrics": {
        "duration": 0.0,
        "cpu": {
          "avg": 16.2,
          "max": 16.2,
          "min": 16.2
        },
        "memory": {
          "avg_mb": 11844.34375,
          "max_mb": 11844.34375,
          "min_mb": 11844.34375
        },
        "disk": {
          "read_total_mb": 0.0,
          "write_total_mb": 0.0
        },
        "network": {
          "sent_total_mb": 0.0,
          "recv_total_mb": 0.0
        }
      }
    },
    {
      "top_k": 3,
      "num_queries": 10,
      "avg_latency_ms": 20.71082592010498,
      "p50_latency_ms": 11.511087417602539,
      "p95_latency_ms": 107.3451042175293,
      "p99_latency_ms": 107.3451042175293,
      "min_latency_ms": 8.61215591430664,
      "max_latency_ms": 107.3451042175293,
      "queries_per_second": 48.28392666992834,
      "avg_similarity": 0.6881672943333332,
      "avg_top1_similarity": 0.7316954950000001,
      "min_similarity": 0.6527654500000001,
      "recall_at_3": 0.0,
      "precision_at_3": 0.0,
      "mrr": 0.0,
      "resource_metrics": {
        "duration": 0.0,
        "cpu": {
          "avg": 13.9,
          "max": 13.9,
          "min": 13.9
        },
        "memory": {
          "avg_mb": 11774.78125,
          "max_mb": 11774.78125,
          "min_mb": 11774.78125
        },
        "disk": {
          "read_total_mb": 0.0,
          "write_total_mb": 0.0
        },
        "network": {
          "sent_total_mb": 0.0,
          "recv_total_mb": 0.0
        }
      }
    },
    {
      "top_k": 5,
      "num_queries": 10,
      "avg_latency_ms": 12.298130989074707,
      "p50_latency_ms": 11.852025985717773,
      "p95_latency_ms": 17.219066619873047,
      "p99_latency_ms": 17.219066619873047,
      "min_latency_ms": 9.4757080078125,
      "max_latency_ms": 17.219066619873047,
      "queries_per_second": 81.31316871550402,
      "avg_similarity": 0.6663784032,
      "avg_top1_similarity": 0.7316954950000001,
      "min_similarity": 0.624387176,
      "recall_at_5": 0.0,
      "precision_at_5": 0.0,
      "mrr": 0.0,
      "resource_metrics": {
        "duration": 0.0,
        "cpu": {
          "avg": 13.6,
          "max": 13.6,
          "min": 13.6
        },
        "memory": {
          "avg_mb": 11677.5,
          "max_mb": 11677.5,
          "min_mb": 11677.5
        },
        "disk": {
          "read_total_mb": 0.0,
          "write_total_mb": 0.0
        },
        "network": {
          "sent_total_mb": 0.0,
          "recv_total_mb": 0.0
        }
      }
    },
    {
      "top_k": 10,
      "num_queries": 10,
      "avg_latency_ms": 10.4766845703125,
      "p50_latency_ms": 10.645866394042969,
      "p95_latency_ms": 14.081001281738281,
      "p99_latency_ms": 14.081001281738281,
      "min_latency_ms": 8.414983749389648,
      "max_latency_ms": 14.081001281738281,
      "queries_per_second": 95.45004369356248,
      "avg_similarity": 0.6292959034,
      "avg_top1_similarity": 0.7316954950000001,
      "min_similarity": 0.573929708,
      "recall_at_10": 0.0,
      "precision_at_10": 0.0,
      "mrr": 0.0,
      "resource_metrics": {
        "duration": 0.0,
        "cpu": {
          "avg": 12.5,
          "max": 12.5,
          "min": 12.5
        },
        "memory": {
          "avg_mb": 11747.984375,
          "max_mb": 11747.984375,
          "min_mb": 11747.984375
        },
        "disk": {
          "read_total_mb": 0.0,
          "write_total_mb": 0.0
        },
        "network": {
          "sent_total_mb": 0.0,
          "recv_total_mb": 0.0
        }
      }
    },
    {
      "top_k": 20,
      "num_queries": 10,
      "avg_latency_ms": 11.98418140411377,
      "p50_latency_ms": 12.258052825927734,
      "p95_latency_ms": 13.53907585144043,
      "p99_latency_ms": 13.53907585144043,
      "min_latency_ms": 10.491132736206055,
      "max_latency_ms": 13.53907585144043,
      "queries_per_second": 83.44332969265079,
      "avg_similarity": 0.5740238879499999,
      "avg_top1_similarity": 0.7316954950000001,
      "min_similarity": 0.493848167,
      "recall_at_20": 0.0,
      "precision_at_20": 0.0,
      "mrr": 0.0,
      "resource_metrics": {
        "duration": 0.0,
        "cpu": {
          "avg": 12.4,
          "max": 12.4,
          "min": 12.4
        },
        "memory": {
          "avg_mb": 11751.75,
          "max_mb": 11751.75,
          "min_mb": 11751.75
        },
        "disk": {
          "read_total_mb": 0.0,
          "write_total_mb": 0.0
        },
        "network": {
          "sent_total_mb": 0.0,
          "recv_total_mb": 0.0
        }
      }
    }
  ]
}