{
  "database": "faiss",
  "config": {
    "corpus_path": "Data/test_corpus/corpus_sizes/corpus_1m",
    "test_cases_path": "Data/test_corpus/test_cases.json",
    "output_dir": "results/faiss_scaling_n3/corpus_1m/run_2",
    "faiss_config": {
      "index_path": "./vector_stores/faiss_index.index",
      "index_type": "Flat"
    },
    "embedding_model": "sentence-transformers/all-MiniLM-L6-v2",
    "embedding_type": "sentence-transformers",
    "chunk_size": 512,
    "chunk_overlap": 50,
    "chunk_strategy": "fixed",
    "top_k_values": [
      1,
      3,
      5,
      10,
      20
    ],
    "batch_size": 100
  },
  "timestamp": "2025-12-23 11:48:43",
  "ingestion": {
    "total_time_sec": 5199.012885093689,
    "num_documents": 1,
    "num_chunks": 2249072,
    "parsing_time_sec": 3.4226088523864746,
    "embedding_time_sec": 5180.933146953583,
    "insertion_time_sec": 4.988377094268799
  },
  "query_results": [
    {
      "top_k": 1,
      "num_queries": 10,
      "avg_latency_ms": 321.543288230896,
      "p50_latency_ms": 83.84919166564941,
      "p95_latency_ms": 2524.221181869507,
      "p99_latency_ms": 2524.221181869507,
      "min_latency_ms": 56.375741958618164,
      "max_latency_ms": 2524.221181869507,
      "queries_per_second": 3.110001161902385,
      "avg_similarity": 0.6081104759530154,
      "avg_top1_similarity": 0.6081104759530154,
      "min_similarity": 0.6081104759530154,
      "recall_at_1": 0.0,
      "precision_at_1": 0.0,
      "mrr": 0.0,
      "resource_metrics": {
        "duration": 3.057645797729492,
        "cpu": {
          "avg": 12.185714285714283,
          "max": 16.6,
          "min": 0.0
        },
        "memory": {
          "avg_mb": 9049.92857142857,
          "max_mb": 10293.109375,
          "min_mb": 7927.609375
        },
        "disk": {
          "read_total_mb": 839.4765625,
          "write_total_mb": 3.640625
        },
        "network": {
          "sent_total_mb": 0.0205078125,
          "recv_total_mb": 0.0224609375
        }
      }
    },
    {
      "top_k": 3,
      "num_queries": 10,
      "avg_latency_ms": 60.70570945739746,
      "p50_latency_ms": 57.78360366821289,
      "p95_latency_ms": 69.9310302734375,
      "p99_latency_ms": 69.9310302734375,
      "min_latency_ms": 56.1978816986084,
      "max_latency_ms": 69.9310302734375,
      "queries_per_second": 16.472915133325113,
      "avg_similarity": 0.5970919434566881,
      "avg_top1_similarity": 0.6081104759530154,
      "min_similarity": 0.5869038129129002,
      "recall_at_3": 0.0,
      "precision_at_3": 0.0,
      "mrr": 0.0,
      "resource_metrics": {
        "duration": 0.5107729434967041,
        "cpu": {
          "avg": 9.7,
          "max": 12.6,
          "min": 6.8
        },
        "memory": {
          "avg_mb": 10302.140625,
          "max_mb": 10305.515625,
          "min_mb": 10298.765625
        },
        "disk": {
          "read_total_mb": 3.09375,
          "write_total_mb": 0.15625
        },
        "network": {
          "sent_total_mb": 0.009765625,
          "recv_total_mb": 0.00390625
        }
      }
    },
    {
      "top_k": 5,
      "num_queries": 10,
      "avg_latency_ms": 59.45906639099121,
      "p50_latency_ms": 57.8150749206543,
      "p95_latency_ms": 68.5417652130127,
      "p99_latency_ms": 68.5417652130127,
      "min_latency_ms": 56.182146072387695,
      "max_latency_ms": 68.5417652130127,
      "queries_per_second": 16.81829299882032,
      "avg_similarity": 0.589569724902797,
      "avg_top1_similarity": 0.6081104759530154,
      "min_similarity": 0.5767552424979981,
      "recall_at_5": 0.0,
      "precision_at_5": 0.0,
      "mrr": 0.0,
      "resource_metrics": {
        "duration": 0.5107948780059814,
        "cpu": {
          "avg": 10.2,
          "max": 11.9,
          "min": 8.5
        },
        "memory": {
          "avg_mb": 10295.3828125,
          "max_mb": 10297.34375,
          "min_mb": 10293.421875
        },
        "disk": {
          "read_total_mb": 2.734375,
          "write_total_mb": 0.03125
        },
        "network": {
          "sent_total_mb": 0.0,
          "recv_total_mb": 0.0
        }
      }
    },
    {
      "top_k": 10,
      "num_queries": 10,
      "avg_latency_ms": 60.62278747558594,
      "p50_latency_ms": 58.36629867553711,
      "p95_latency_ms": 75.20198822021484,
      "p99_latency_ms": 75.20198822021484,
      "min_latency_ms": 56.32209777832031,
      "max_latency_ms": 75.20198822021484,
      "queries_per_second": 16.49544736626835,
      "avg_similarity": 0.5771787789131821,
      "avg_top1_similarity": 0.6081104759530154,
      "min_similarity": 0.5588513399533241,
      "recall_at_10": 0.0,
      "precision_at_10": 0.0,
      "mrr": 0.0,
      "resource_metrics": {
        "duration": 0.5069389343261719,
        "cpu": {
          "avg": 13.25,
          "max": 18.5,
          "min": 8.0
        },
        "memory": {
          "avg_mb": 10273.953125,
          "max_mb": 10279.5,
          "min_mb": 10268.40625
        },
        "disk": {
          "read_total_mb": 7.84375,
          "write_total_mb": 0.0546875
        },
        "network": {
          "sent_total_mb": 0.0,
          "recv_total_mb": 0.0009765625
        }
      }
    },
    {
      "top_k": 20,
      "num_queries": 10,
      "avg_latency_ms": 60.30910015106201,
      "p50_latency_ms": 57.492971420288086,
      "p95_latency_ms": 68.98283958435059,
      "p99_latency_ms": 68.98283958435059,
      "min_latency_ms": 56.22124671936035,
      "max_latency_ms": 68.98283958435059,
      "queries_per_second": 16.581245574800548,
      "avg_similarity": 0.5616581162708834,
      "avg_top1_similarity": 0.6081104759530154,
      "min_similarity": 0.5375578751597476,
      "recall_at_20": 0.0,
      "precision_at_20": 0.0,
      "mrr": 0.0,
      "resource_metrics": {
        "duration": 0.510735034942627,
        "cpu": {
          "avg": 11.45,
          "max": 14.3,
          "min": 8.6
        },
        "memory": {
          "avg_mb": 10272.53125,
          "max_mb": 10274.15625,
          "min_mb": 10270.90625
        },
        "disk": {
          "read_total_mb": 4.3125,
          "write_total_mb": 0.140625
        },
        "network": {
          "sent_total_mb": 0.0009765625,
          "recv_total_mb": 0.0009765625
        }
      }
    }
  ]
}