{
  "database": "pgvector",
  "config": {
    "corpus_path": "Data/test_corpus/corpus_sizes/corpus_10k",
    "test_cases_path": "Data/test_corpus/test_cases.json",
    "output_dir": "results/pgvector_scaling_n10/corpus_10k/run_4",
    "pgvector_config": {
      "host": "localhost",
      "port": 5433,
      "database": "vectordb",
      "user": "postgres",
      "password": "postgres",
      "table_name": "benchmark_test",
      "index_type": "ivfflat"
    },
    "embedding_model": "sentence-transformers/all-MiniLM-L6-v2",
    "embedding_type": "sentence-transformers",
    "chunk_size": 512,
    "chunk_overlap": 50,
    "chunk_strategy": "fixed",
    "top_k_values": [
      1,
      3,
      5,
      10,
      20
    ],
    "batch_size": 100
  },
  "timestamp": "2026-01-10 08:06:05",
  "ingestion": {
    "total_time_sec": 206.4477641582489,
    "num_documents": 1,
    "num_chunks": 69903,
    "parsing_time_sec": 0.1611921787261963,
    "embedding_time_sec": 170.2336311340332,
    "insertion_time_sec": 35.560587882995605
  },
  "query_results": [
    {
      "top_k": 1,
      "num_queries": 10,
      "avg_latency_ms": 50.64055919647217,
      "p50_latency_ms": 39.0467643737793,
      "p95_latency_ms": 200.2737522125244,
      "p99_latency_ms": 200.2737522125244,
      "min_latency_ms": 11.239290237426758,
      "max_latency_ms": 200.2737522125244,
      "queries_per_second": 19.74701732894103,
      "avg_similarity": 0.5972839128151974,
      "avg_top1_similarity": 0.5972839128151974,
      "min_similarity": 0.5972839128151974,
      "recall_at_1": 0.0,
      "precision_at_1": 0.0,
      "mrr": 0.0,
      "resource_metrics": {
        "duration": 0.5059020519256592,
        "cpu": {
          "avg": 17.9,
          "max": 19.9,
          "min": 15.9
        },
        "memory": {
          "avg_mb": 8556.859375,
          "max_mb": 9219.875,
          "min_mb": 7893.84375
        },
        "disk": {
          "read_total_mb": 1.73046875,
          "write_total_mb": 2.1953125
        },
        "network": {
          "sent_total_mb": 0.0908203125,
          "recv_total_mb": 0.091796875
        }
      }
    },
    {
      "top_k": 3,
      "num_queries": 10,
      "avg_latency_ms": 14.279437065124512,
      "p50_latency_ms": 13.715982437133789,
      "p95_latency_ms": 20.51091194152832,
      "p99_latency_ms": 20.51091194152832,
      "min_latency_ms": 10.99085807800293,
      "max_latency_ms": 20.51091194152832,
      "queries_per_second": 70.03077190223117,
      "avg_similarity": 0.5705793090147219,
      "avg_top1_similarity": 0.5972839128151974,
      "min_similarity": 0.5502612991568202,
      "recall_at_3": 0.0,
      "precision_at_3": 0.0,
      "mrr": 0.0,
      "resource_metrics": {
        "duration": 0.0,
        "cpu": {
          "avg": 10.2,
          "max": 10.2,
          "min": 10.2
        },
        "memory": {
          "avg_mb": 9249.53125,
          "max_mb": 9249.53125,
          "min_mb": 9249.53125
        },
        "disk": {
          "read_total_mb": 0.0,
          "write_total_mb": 0.0
        },
        "network": {
          "sent_total_mb": 0.0,
          "recv_total_mb": 0.0
        }
      }
    },
    {
      "top_k": 5,
      "num_queries": 10,
      "avg_latency_ms": 15.15798568725586,
      "p50_latency_ms": 14.390945434570312,
      "p95_latency_ms": 21.559953689575195,
      "p99_latency_ms": 21.559953689575195,
      "min_latency_ms": 10.872125625610352,
      "max_latency_ms": 21.559953689575195,
      "queries_per_second": 65.97182637800972,
      "avg_similarity": 0.5555924099087668,
      "avg_top1_similarity": 0.5972839128151974,
      "min_similarity": 0.528492760911597,
      "recall_at_5": 0.0,
      "precision_at_5": 0.0,
      "mrr": 0.0,
      "resource_metrics": {
        "duration": 0.0,
        "cpu": {
          "avg": 12.1,
          "max": 12.1,
          "min": 12.1
        },
        "memory": {
          "avg_mb": 9307.65625,
          "max_mb": 9307.65625,
          "min_mb": 9307.65625
        },
        "disk": {
          "read_total_mb": 0.0,
          "write_total_mb": 0.0
        },
        "network": {
          "sent_total_mb": 0.0,
          "recv_total_mb": 0.0
        }
      }
    },
    {
      "top_k": 10,
      "num_queries": 10,
      "avg_latency_ms": 15.113139152526855,
      "p50_latency_ms": 14.889955520629883,
      "p95_latency_ms": 20.16282081604004,
      "p99_latency_ms": 20.16282081604004,
      "min_latency_ms": 10.612010955810547,
      "max_latency_ms": 20.16282081604004,
      "queries_per_second": 66.16759032704361,
      "avg_similarity": 0.5310384385680124,
      "avg_top1_similarity": 0.5972839128151974,
      "min_similarity": 0.49530510653669024,
      "recall_at_10": 0.0,
      "precision_at_10": 0.0,
      "mrr": 0.0,
      "resource_metrics": {
        "duration": 0.0,
        "cpu": {
          "avg": 13.3,
          "max": 13.3,
          "min": 13.3
        },
        "memory": {
          "avg_mb": 9210.328125,
          "max_mb": 9210.328125,
          "min_mb": 9210.328125
        },
        "disk": {
          "read_total_mb": 0.0,
          "write_total_mb": 0.0
        },
        "network": {
          "sent_total_mb": 0.0,
          "recv_total_mb": 0.0
        }
      }
    },
    {
      "top_k": 20,
      "num_queries": 10,
      "avg_latency_ms": 13.943910598754883,
      "p50_latency_ms": 14.215946197509766,
      "p95_latency_ms": 20.666837692260742,
      "p99_latency_ms": 20.666837692260742,
      "min_latency_ms": 10.460853576660156,
      "max_latency_ms": 20.666837692260742,
      "queries_per_second": 71.71589296400786,
      "avg_similarity": 0.5025067713121478,
      "avg_top1_similarity": 0.5972839128151974,
      "min_similarity": 0.46177070004814685,
      "recall_at_20": 0.0,
      "precision_at_20": 0.0,
      "mrr": 0.0,
      "resource_metrics": {
        "duration": 0.0,
        "cpu": {
          "avg": 11.7,
          "max": 11.7,
          "min": 11.7
        },
        "memory": {
          "avg_mb": 9204.8125,
          "max_mb": 9204.8125,
          "min_mb": 9204.8125
        },
        "disk": {
          "read_total_mb": 0.0,
          "write_total_mb": 0.0
        },
        "network": {
          "sent_total_mb": 0.0,
          "recv_total_mb": 0.0
        }
      }
    }
  ]
}