{
  "database": "weaviate",
  "config": {
    "corpus_path": "Data/test_corpus/corpus_sizes/corpus_10k",
    "test_cases_path": "Data/test_corpus/test_cases.json",
    "output_dir": "results/weaviate_scaling_n10/corpus_10k/run_8",
    "weaviate_config": {
      "host": "localhost",
      "port": 8082,
      "class_name": "BenchmarkTest"
    },
    "embedding_model": "sentence-transformers/all-MiniLM-L6-v2",
    "embedding_type": "sentence-transformers",
    "chunk_size": 512,
    "chunk_overlap": 50,
    "chunk_strategy": "fixed",
    "top_k_values": [
      1,
      3,
      5,
      10,
      20
    ],
    "batch_size": 100
  },
  "timestamp": "2026-01-10 03:19:44",
  "ingestion": {
    "total_time_sec": 184.4554831981659,
    "num_documents": 1,
    "num_chunks": 69903,
    "parsing_time_sec": 0.1589221954345703,
    "embedding_time_sec": 167.5264539718628,
    "insertion_time_sec": 16.360481023788452
  },
  "query_results": [
    {
      "top_k": 1,
      "num_queries": 10,
      "avg_latency_ms": 60.628581047058105,
      "p50_latency_ms": 37.66918182373047,
      "p95_latency_ms": 313.8566017150879,
      "p99_latency_ms": 313.8566017150879,
      "min_latency_ms": 14.858007431030273,
      "max_latency_ms": 313.8566017150879,
      "queries_per_second": 16.493871087364386,
      "avg_similarity": 0.5972839415073394,
      "avg_top1_similarity": 0.5972839415073394,
      "min_similarity": 0.5972839415073394,
      "recall_at_1": 0.0,
      "precision_at_1": 0.0,
      "mrr": 0.0,
      "resource_metrics": {
        "duration": 0.5083680152893066,
        "cpu": {
          "avg": 45.5,
          "max": 51.3,
          "min": 39.7
        },
        "memory": {
          "avg_mb": 8502.359375,
          "max_mb": 8907.125,
          "min_mb": 8097.59375
        },
        "disk": {
          "read_total_mb": 34.0703125,
          "write_total_mb": 239.03515625
        },
        "network": {
          "sent_total_mb": 0.03125,
          "recv_total_mb": 0.0224609375
        }
      }
    },
    {
      "top_k": 3,
      "num_queries": 10,
      "avg_latency_ms": 11.15882396697998,
      "p50_latency_ms": 10.49184799194336,
      "p95_latency_ms": 16.750097274780273,
      "p99_latency_ms": 16.750097274780273,
      "min_latency_ms": 8.243083953857422,
      "max_latency_ms": 16.750097274780273,
      "queries_per_second": 89.61517835204633,
      "avg_similarity": 0.5706729133923848,
      "avg_top1_similarity": 0.5972839415073394,
      "min_similarity": 0.5505420148372651,
      "recall_at_3": 0.0,
      "precision_at_3": 0.0,
      "mrr": 0.0,
      "resource_metrics": {
        "duration": 0.0,
        "cpu": {
          "avg": 44.8,
          "max": 44.8,
          "min": 44.8
        },
        "memory": {
          "avg_mb": 8878.3125,
          "max_mb": 8878.3125,
          "min_mb": 8878.3125
        },
        "disk": {
          "read_total_mb": 0.0234375,
          "write_total_mb": 0.0
        },
        "network": {
          "sent_total_mb": 0.0,
          "recv_total_mb": 0.0
        }
      }
    },
    {
      "top_k": 5,
      "num_queries": 10,
      "avg_latency_ms": 11.338567733764648,
      "p50_latency_ms": 10.626077651977539,
      "p95_latency_ms": 16.29018783569336,
      "p99_latency_ms": 16.29018783569336,
      "min_latency_ms": 9.492874145507812,
      "max_latency_ms": 16.29018783569336,
      "queries_per_second": 88.19456067825406,
      "avg_similarity": 0.5560519528388976,
      "avg_top1_similarity": 0.5972839415073394,
      "min_similarity": 0.5299822449684143,
      "recall_at_5": 0.0,
      "precision_at_5": 0.0,
      "mrr": 0.0,
      "resource_metrics": {
        "duration": 0.0,
        "cpu": {
          "avg": 27.9,
          "max": 27.9,
          "min": 27.9
        },
        "memory": {
          "avg_mb": 8785.84375,
          "max_mb": 8785.84375,
          "min_mb": 8785.84375
        },
        "disk": {
          "read_total_mb": 0.00390625,
          "write_total_mb": 0.01171875
        },
        "network": {
          "sent_total_mb": 0.0,
          "recv_total_mb": 0.0
        }
      }
    },
    {
      "top_k": 10,
      "num_queries": 10,
      "avg_latency_ms": 14.284467697143555,
      "p50_latency_ms": 14.98103141784668,
      "p95_latency_ms": 16.79396629333496,
      "p99_latency_ms": 16.79396629333496,
      "min_latency_ms": 11.549949645996094,
      "max_latency_ms": 16.79396629333496,
      "queries_per_second": 70.00610881705929,
      "avg_similarity": 0.5319314944744111,
      "avg_top1_similarity": 0.5972839415073394,
      "min_similarity": 0.4956180989742279,
      "recall_at_10": 0.0,
      "precision_at_10": 0.0,
      "mrr": 0.0,
      "resource_metrics": {
        "duration": 0.0,
        "cpu": {
          "avg": 25.0,
          "max": 25.0,
          "min": 25.0
        },
        "memory": {
          "avg_mb": 8805.171875,
          "max_mb": 8805.171875,
          "min_mb": 8805.171875
        },
        "disk": {
          "read_total_mb": 0.0,
          "write_total_mb": 0.0
        },
        "network": {
          "sent_total_mb": 0.0,
          "recv_total_mb": 0.0
        }
      }
    },
    {
      "top_k": 20,
      "num_queries": 10,
      "avg_latency_ms": 15.140008926391602,
      "p50_latency_ms": 16.119003295898438,
      "p95_latency_ms": 20.071029663085938,
      "p99_latency_ms": 20.071029663085938,
      "min_latency_ms": 11.35706901550293,
      "max_latency_ms": 20.071029663085938,
      "queries_per_second": 66.05015920808545,
      "avg_similarity": 0.50375269562006,
      "avg_top1_similarity": 0.5972839415073394,
      "min_similarity": 0.46329606175422666,
      "recall_at_20": 0.0,
      "precision_at_20": 0.0,
      "mrr": 0.0,
      "resource_metrics": {
        "duration": 0.0,
        "cpu": {
          "avg": 22.7,
          "max": 22.7,
          "min": 22.7
        },
        "memory": {
          "avg_mb": 8820.578125,
          "max_mb": 8820.578125,
          "min_mb": 8820.578125
        },
        "disk": {
          "read_total_mb": 0.0,
          "write_total_mb": 0.0078125
        },
        "network": {
          "sent_total_mb": 0.0,
          "recv_total_mb": 0.0
        }
      }
    }
  ]
}