{
  "database": "pgvector",
  "config": {
    "corpus_path": "Data/test_corpus/documents",
    "test_cases_path": "Data/test_corpus/test_cases.json",
    "output_dir": "results/pgvector_scaling_n10/corpus_baseline/run_7",
    "pgvector_config": {
      "host": "localhost",
      "port": 5433,
      "database": "vectordb",
      "user": "postgres",
      "password": "postgres",
      "table_name": "benchmark_test",
      "index_type": "ivfflat"
    },
    "embedding_model": "sentence-transformers/all-MiniLM-L6-v2",
    "embedding_type": "sentence-transformers",
    "chunk_size": 512,
    "chunk_overlap": 50,
    "chunk_strategy": "fixed",
    "top_k_values": [
      1,
      3,
      5,
      10,
      20
    ],
    "batch_size": 100
  },
  "timestamp": "2026-01-10 10:26:48",
  "ingestion": {
    "total_time_sec": 0.5082030296325684,
    "num_documents": 20,
    "num_chunks": 175,
    "parsing_time_sec": 0.0001468658447265625,
    "embedding_time_sec": 0.28993701934814453,
    "insertion_time_sec": 0.10446786880493164
  },
  "query_results": [
    {
      "top_k": 1,
      "num_queries": 10,
      "avg_latency_ms": 24.00221824645996,
      "p50_latency_ms": 27.064800262451172,
      "p95_latency_ms": 47.80697822570801,
      "p99_latency_ms": 47.80697822570801,
      "min_latency_ms": 8.088111877441406,
      "max_latency_ms": 47.80697822570801,
      "queries_per_second": 41.662815900254884,
      "avg_similarity": 0.7316954973735107,
      "avg_top1_similarity": 0.7316954973735107,
      "min_similarity": 0.7316954973735107,
      "recall_at_1": 0.0,
      "precision_at_1": 0.0,
      "mrr": 0.0,
      "resource_metrics": {
        "duration": 0.0,
        "cpu": {
          "avg": 17.7,
          "max": 17.7,
          "min": 17.7
        },
        "memory": {
          "avg_mb": 10764.625,
          "max_mb": 10764.625,
          "min_mb": 10764.625
        },
        "disk": {
          "read_total_mb": 0.5625,
          "write_total_mb": 0.0
        },
        "network": {
          "sent_total_mb": 0.0,
          "recv_total_mb": 0.0
        }
      }
    },
    {
      "top_k": 3,
      "num_queries": 10,
      "avg_latency_ms": 10.076498985290527,
      "p50_latency_ms": 9.745121002197266,
      "p95_latency_ms": 16.98613166809082,
      "p99_latency_ms": 16.98613166809082,
      "min_latency_ms": 7.287025451660156,
      "max_latency_ms": 16.98613166809082,
      "queries_per_second": 99.24081781378435,
      "avg_similarity": 0.6881673020859458,
      "avg_top1_similarity": 0.7316954973735107,
      "min_similarity": 0.6527654300506451,
      "recall_at_3": 0.0,
      "precision_at_3": 0.0,
      "mrr": 0.0,
      "resource_metrics": {
        "duration": 0.0,
        "cpu": {
          "avg": 17.5,
          "max": 17.5,
          "min": 17.5
        },
        "memory": {
          "avg_mb": 10828.203125,
          "max_mb": 10828.203125,
          "min_mb": 10828.203125
        },
        "disk": {
          "read_total_mb": 0.25,
          "write_total_mb": 0.015625
        },
        "network": {
          "sent_total_mb": 0.0,
          "recv_total_mb": 0.0
        }
      }
    },
    {
      "top_k": 5,
      "num_queries": 10,
      "avg_latency_ms": 11.555218696594238,
      "p50_latency_ms": 11.19685173034668,
      "p95_latency_ms": 15.646934509277344,
      "p99_latency_ms": 15.646934509277344,
      "min_latency_ms": 8.52203369140625,
      "max_latency_ms": 15.646934509277344,
      "queries_per_second": 86.54098431687304,
      "avg_similarity": 0.6663784126849246,
      "avg_top1_similarity": 0.7316954973735107,
      "min_similarity": 0.6243872141840345,
      "recall_at_5": 0.0,
      "precision_at_5": 0.0,
      "mrr": 0.0,
      "resource_metrics": {
        "duration": 0.0,
        "cpu": {
          "avg": 17.2,
          "max": 17.2,
          "min": 17.2
        },
        "memory": {
          "avg_mb": 10885.4375,
          "max_mb": 10885.4375,
          "min_mb": 10885.4375
        },
        "disk": {
          "read_total_mb": 0.4375,
          "write_total_mb": 0.0
        },
        "network": {
          "sent_total_mb": 0.0,
          "recv_total_mb": 0.0
        }
      }
    },
    {
      "top_k": 10,
      "num_queries": 10,
      "avg_latency_ms": 9.34300422668457,
      "p50_latency_ms": 8.967876434326172,
      "p95_latency_ms": 13.821125030517578,
      "p99_latency_ms": 13.821125030517578,
      "min_latency_ms": 7.81702995300293,
      "max_latency_ms": 13.821125030517578,
      "queries_per_second": 107.03195414852733,
      "avg_similarity": 0.6292959139944945,
      "avg_top1_similarity": 0.7316954973735107,
      "min_similarity": 0.5739297043020959,
      "recall_at_10": 0.0,
      "precision_at_10": 0.0,
      "mrr": 0.0,
      "resource_metrics": {
        "duration": 0.0,
        "cpu": {
          "avg": 18.5,
          "max": 18.5,
          "min": 18.5
        },
        "memory": {
          "avg_mb": 10973.140625,
          "max_mb": 10973.140625,
          "min_mb": 10973.140625
        },
        "disk": {
          "read_total_mb": 0.0,
          "write_total_mb": 0.0
        },
        "network": {
          "sent_total_mb": 0.0,
          "recv_total_mb": 0.0
        }
      }
    },
    {
      "top_k": 20,
      "num_queries": 10,
      "avg_latency_ms": 10.595464706420898,
      "p50_latency_ms": 10.608911514282227,
      "p95_latency_ms": 14.865875244140625,
      "p99_latency_ms": 14.865875244140625,
      "min_latency_ms": 9.105205535888672,
      "max_latency_ms": 14.865875244140625,
      "queries_per_second": 94.38000387033479,
      "avg_similarity": 0.5740238946417549,
      "avg_top1_similarity": 0.7316954973735107,
      "min_similarity": 0.4938481571494914,
      "recall_at_20": 0.0,
      "precision_at_20": 0.0,
      "mrr": 0.0,
      "resource_metrics": {
        "duration": 0.0,
        "cpu": {
          "avg": 21.8,
          "max": 21.8,
          "min": 21.8
        },
        "memory": {
          "avg_mb": 10977.65625,
          "max_mb": 10977.65625,
          "min_mb": 10977.65625
        },
        "disk": {
          "read_total_mb": 0.3125,
          "write_total_mb": 0.0
        },
        "network": {
          "sent_total_mb": 0.0,
          "recv_total_mb": 0.0
        }
      }
    }
  ]
}