{
  "database": "chroma",
  "config": {
    "corpus_path": "Data/test_corpus/documents",
    "test_cases_path": "Data/test_corpus/test_cases.json",
    "output_dir": "results/chroma_scaling_n10/corpus_baseline/run_5",
    "chroma_config": {
      "persist_directory": "./vector_stores/chroma_db",
      "collection_name": "benchmark_test"
    },
    "embedding_model": "sentence-transformers/all-MiniLM-L6-v2",
    "embedding_type": "sentence-transformers",
    "chunk_size": 512,
    "chunk_overlap": 50,
    "chunk_strategy": "fixed",
    "top_k_values": [
      1,
      3,
      5,
      10,
      20
    ],
    "batch_size": 100
  },
  "timestamp": "2026-01-22 15:48:15",
  "ingestion": {
    "total_time_sec": 0.5113520622253418,
    "num_documents": 20,
    "num_chunks": 175,
    "parsing_time_sec": 0.0001289844512939453,
    "embedding_time_sec": 0.30032992362976074,
    "insertion_time_sec": 0.17678308486938477
  },
  "query_results": [
    {
      "top_k": 1,
      "num_queries": 10,
      "avg_latency_ms": 16.7680025100708,
      "p50_latency_ms": 19.552946090698242,
      "p95_latency_ms": 35.974740982055664,
      "p99_latency_ms": 35.974740982055664,
      "min_latency_ms": 4.46319580078125,
      "max_latency_ms": 35.974740982055664,
      "queries_per_second": 59.63739565278593,
      "avg_similarity": 0.7316957294940949,
      "avg_top1_similarity": 0.7316957294940949,
      "min_similarity": 0.7316957294940949,
      "recall_at_1": 0.0,
      "precision_at_1": 0.0,
      "mrr": 0.0,
      "resource_metrics": {
        "duration": 0.0,
        "cpu": {
          "avg": 23.0,
          "max": 23.0,
          "min": 23.0
        },
        "memory": {
          "avg_mb": 9168.390625,
          "max_mb": 9168.390625,
          "min_mb": 9168.390625
        },
        "disk": {
          "read_total_mb": 0.0,
          "write_total_mb": 0.0
        },
        "network": {
          "sent_total_mb": 0.0,
          "recv_total_mb": 0.0
        }
      }
    },
    {
      "top_k": 3,
      "num_queries": 10,
      "avg_latency_ms": 6.471467018127441,
      "p50_latency_ms": 6.064176559448242,
      "p95_latency_ms": 10.957002639770508,
      "p99_latency_ms": 10.957002639770508,
      "min_latency_ms": 4.694700241088867,
      "max_latency_ms": 10.957002639770508,
      "queries_per_second": 154.52446828499114,
      "avg_similarity": 0.6881674349308013,
      "avg_top1_similarity": 0.7316957294940949,
      "min_similarity": 0.6527655184268951,
      "recall_at_3": 0.0,
      "precision_at_3": 0.0,
      "mrr": 0.0,
      "resource_metrics": {
        "duration": 0.0,
        "cpu": {
          "avg": 14.0,
          "max": 14.0,
          "min": 14.0
        },
        "memory": {
          "avg_mb": 9209.015625,
          "max_mb": 9209.015625,
          "min_mb": 9209.015625
        },
        "disk": {
          "read_total_mb": 0.0,
          "write_total_mb": 0.0
        },
        "network": {
          "sent_total_mb": 0.0,
          "recv_total_mb": 0.0
        }
      }
    },
    {
      "top_k": 5,
      "num_queries": 10,
      "avg_latency_ms": 7.869124412536621,
      "p50_latency_ms": 7.647991180419922,
      "p95_latency_ms": 12.346029281616211,
      "p99_latency_ms": 12.346029281616211,
      "min_latency_ms": 6.341218948364258,
      "max_latency_ms": 12.346029281616211,
      "queries_per_second": 127.07894138855646,
      "avg_similarity": 0.6663785541057587,
      "avg_top1_similarity": 0.7316957294940949,
      "min_similarity": 0.6243873357772827,
      "recall_at_5": 0.0,
      "precision_at_5": 0.0,
      "mrr": 0.0,
      "resource_metrics": {
        "duration": 0.0,
        "cpu": {
          "avg": 11.8,
          "max": 11.8,
          "min": 11.8
        },
        "memory": {
          "avg_mb": 9254.359375,
          "max_mb": 9254.359375,
          "min_mb": 9254.359375
        },
        "disk": {
          "read_total_mb": 0.0,
          "write_total_mb": 0.0
        },
        "network": {
          "sent_total_mb": 0.0,
          "recv_total_mb": 0.0
        }
      }
    },
    {
      "top_k": 10,
      "num_queries": 10,
      "avg_latency_ms": 7.888889312744141,
      "p50_latency_ms": 7.252931594848633,
      "p95_latency_ms": 12.212991714477539,
      "p99_latency_ms": 12.212991714477539,
      "min_latency_ms": 5.841255187988281,
      "max_latency_ms": 12.212991714477539,
      "queries_per_second": 126.76055656967397,
      "avg_similarity": 0.6292960441112518,
      "avg_top1_similarity": 0.7316957294940949,
      "min_similarity": 0.5739297866821289,
      "recall_at_10": 0.0,
      "precision_at_10": 0.0,
      "mrr": 0.0,
      "resource_metrics": {
        "duration": 0.0,
        "cpu": {
          "avg": 12.9,
          "max": 12.9,
          "min": 12.9
        },
        "memory": {
          "avg_mb": 9255.65625,
          "max_mb": 9255.65625,
          "min_mb": 9255.65625
        },
        "disk": {
          "read_total_mb": 0.0,
          "write_total_mb": 0.19140625
        },
        "network": {
          "sent_total_mb": 0.0,
          "recv_total_mb": 0.0
        }
      }
    },
    {
      "top_k": 20,
      "num_queries": 10,
      "avg_latency_ms": 7.752084732055664,
      "p50_latency_ms": 7.580757141113281,
      "p95_latency_ms": 12.716054916381836,
      "p99_latency_ms": 12.716054916381836,
      "min_latency_ms": 6.163358688354492,
      "max_latency_ms": 12.716054916381836,
      "queries_per_second": 128.99755802008943,
      "avg_similarity": 0.5740240275859833,
      "avg_top1_similarity": 0.7316957294940949,
      "min_similarity": 0.49384829998016355,
      "recall_at_20": 0.0,
      "precision_at_20": 0.0,
      "mrr": 0.0,
      "resource_metrics": {
        "duration": 0.0,
        "cpu": {
          "avg": 12.3,
          "max": 12.3,
          "min": 12.3
        },
        "memory": {
          "avg_mb": 9239.3125,
          "max_mb": 9239.3125,
          "min_mb": 9239.3125
        },
        "disk": {
          "read_total_mb": 0.0,
          "write_total_mb": 0.0
        },
        "network": {
          "sent_total_mb": 0.0,
          "recv_total_mb": 0.0
        }
      }
    }
  ]
}