{
  "database": "chroma",
  "config": {
    "corpus_path": "Data/test_corpus/documents",
    "test_cases_path": "Data/test_corpus/test_cases.json",
    "output_dir": "results/chroma_scaling_n10/corpus_baseline/run_4",
    "chroma_config": {
      "persist_directory": "./vector_stores/chroma_db",
      "collection_name": "benchmark_test"
    },
    "embedding_model": "sentence-transformers/all-MiniLM-L6-v2",
    "embedding_type": "sentence-transformers",
    "chunk_size": 512,
    "chunk_overlap": 50,
    "chunk_strategy": "fixed",
    "top_k_values": [
      1,
      3,
      5,
      10,
      20
    ],
    "batch_size": 100
  },
  "timestamp": "2026-01-22 15:48:07",
  "ingestion": {
    "total_time_sec": 1.0173850059509277,
    "num_documents": 20,
    "num_chunks": 175,
    "parsing_time_sec": 0.0001380443572998047,
    "embedding_time_sec": 0.6092209815979004,
    "insertion_time_sec": 0.15581488609313965
  },
  "query_results": [
    {
      "top_k": 1,
      "num_queries": 10,
      "avg_latency_ms": 18.57006549835205,
      "p50_latency_ms": 19.672632217407227,
      "p95_latency_ms": 50.498008728027344,
      "p99_latency_ms": 50.498008728027344,
      "min_latency_ms": 4.667997360229492,
      "max_latency_ms": 50.498008728027344,
      "queries_per_second": 53.85010624161462,
      "avg_similarity": 0.7316957294940949,
      "avg_top1_similarity": 0.7316957294940949,
      "min_similarity": 0.7316957294940949,
      "recall_at_1": 0.0,
      "precision_at_1": 0.0,
      "mrr": 0.0,
      "resource_metrics": {
        "duration": 0.0,
        "cpu": {
          "avg": 15.0,
          "max": 15.0,
          "min": 15.0
        },
        "memory": {
          "avg_mb": 9089.96875,
          "max_mb": 9089.96875,
          "min_mb": 9089.96875
        },
        "disk": {
          "read_total_mb": 0.0,
          "write_total_mb": 0.0
        },
        "network": {
          "sent_total_mb": 0.0,
          "recv_total_mb": 0.0
        }
      }
    },
    {
      "top_k": 3,
      "num_queries": 10,
      "avg_latency_ms": 7.51347541809082,
      "p50_latency_ms": 6.643772125244141,
      "p95_latency_ms": 12.571096420288086,
      "p99_latency_ms": 12.571096420288086,
      "min_latency_ms": 5.650043487548828,
      "max_latency_ms": 12.571096420288086,
      "queries_per_second": 133.0942000012693,
      "avg_similarity": 0.6881674349308013,
      "avg_top1_similarity": 0.7316957294940949,
      "min_similarity": 0.6527655184268951,
      "recall_at_3": 0.0,
      "precision_at_3": 0.0,
      "mrr": 0.0,
      "resource_metrics": {
        "duration": 0.0,
        "cpu": {
          "avg": 13.7,
          "max": 13.7,
          "min": 13.7
        },
        "memory": {
          "avg_mb": 9122.953125,
          "max_mb": 9122.953125,
          "min_mb": 9122.953125
        },
        "disk": {
          "read_total_mb": 0.0,
          "write_total_mb": 0.0
        },
        "network": {
          "sent_total_mb": 0.0,
          "recv_total_mb": 0.0
        }
      }
    },
    {
      "top_k": 5,
      "num_queries": 10,
      "avg_latency_ms": 7.547664642333984,
      "p50_latency_ms": 7.376194000244141,
      "p95_latency_ms": 12.42208480834961,
      "p99_latency_ms": 12.42208480834961,
      "min_latency_ms": 5.932092666625977,
      "max_latency_ms": 12.42208480834961,
      "queries_per_second": 132.49131319257546,
      "avg_similarity": 0.6663785541057587,
      "avg_top1_similarity": 0.7316957294940949,
      "min_similarity": 0.6243873357772827,
      "recall_at_5": 0.0,
      "precision_at_5": 0.0,
      "mrr": 0.0,
      "resource_metrics": {
        "duration": 0.0,
        "cpu": {
          "avg": 12.1,
          "max": 12.1,
          "min": 12.1
        },
        "memory": {
          "avg_mb": 9113.484375,
          "max_mb": 9113.484375,
          "min_mb": 9113.484375
        },
        "disk": {
          "read_total_mb": 0.0,
          "write_total_mb": 0.0
        },
        "network": {
          "sent_total_mb": 0.0,
          "recv_total_mb": 0.0
        }
      }
    },
    {
      "top_k": 10,
      "num_queries": 10,
      "avg_latency_ms": 7.354903221130371,
      "p50_latency_ms": 7.393121719360352,
      "p95_latency_ms": 11.883020401000977,
      "p99_latency_ms": 11.883020401000977,
      "min_latency_ms": 5.651950836181641,
      "max_latency_ms": 11.883020401000977,
      "queries_per_second": 135.96371970293723,
      "avg_similarity": 0.6292960441112518,
      "avg_top1_similarity": 0.7316957294940949,
      "min_similarity": 0.5739297866821289,
      "recall_at_10": 0.0,
      "precision_at_10": 0.0,
      "mrr": 0.0,
      "resource_metrics": {
        "duration": 0.0,
        "cpu": {
          "avg": 15.6,
          "max": 15.6,
          "min": 15.6
        },
        "memory": {
          "avg_mb": 9122.25,
          "max_mb": 9122.25,
          "min_mb": 9122.25
        },
        "disk": {
          "read_total_mb": 0.0,
          "write_total_mb": 0.0
        },
        "network": {
          "sent_total_mb": 0.0,
          "recv_total_mb": 0.0
        }
      }
    },
    {
      "top_k": 20,
      "num_queries": 10,
      "avg_latency_ms": 7.755637168884277,
      "p50_latency_ms": 7.417201995849609,
      "p95_latency_ms": 12.475013732910156,
      "p99_latency_ms": 12.475013732910156,
      "min_latency_ms": 6.37507438659668,
      "max_latency_ms": 12.475013732910156,
      "queries_per_second": 128.93847123380317,
      "avg_similarity": 0.5740240275859833,
      "avg_top1_similarity": 0.7316957294940949,
      "min_similarity": 0.49384829998016355,
      "recall_at_20": 0.0,
      "precision_at_20": 0.0,
      "mrr": 0.0,
      "resource_metrics": {
        "duration": 0.0,
        "cpu": {
          "avg": 13.5,
          "max": 13.5,
          "min": 13.5
        },
        "memory": {
          "avg_mb": 9125.875,
          "max_mb": 9125.875,
          "min_mb": 9125.875
        },
        "disk": {
          "read_total_mb": 0.0,
          "write_total_mb": 0.0
        },
        "network": {
          "sent_total_mb": 0.0,
          "recv_total_mb": 0.0
        }
      }
    }
  ]
}