{
  "database": "pgvector",
  "config": {
    "corpus_path": "Data/test_corpus/documents",
    "test_cases_path": "Data/test_corpus/test_cases.json",
    "output_dir": "results/pgvector_hnsw_scaling_n3/corpus_baseline/run_3",
    "pgvector_config": {
      "host": "localhost",
      "port": 5433,
      "database": "vectordb",
      "user": "postgres",
      "password": "postgres",
      "table_name": "benchmark_test",
      "index_type": "hnsw"
    },
    "embedding_model": "sentence-transformers/all-MiniLM-L6-v2",
    "embedding_type": "sentence-transformers",
    "chunk_size": 512,
    "chunk_overlap": 50,
    "chunk_strategy": "fixed",
    "top_k_values": [
      1,
      3,
      5,
      10,
      20
    ],
    "batch_size": 100
  },
  "timestamp": "2026-01-05 14:25:43",
  "ingestion": {
    "total_time_sec": 0.5059678554534912,
    "num_documents": 20,
    "num_chunks": 175,
    "parsing_time_sec": 0.00015997886657714844,
    "embedding_time_sec": 0.2968940734863281,
    "insertion_time_sec": 0.12680792808532715
  },
  "query_results": [
    {
      "top_k": 1,
      "num_queries": 10,
      "avg_latency_ms": 21.436524391174316,
      "p50_latency_ms": 23.523807525634766,
      "p95_latency_ms": 52.72221565246582,
      "p99_latency_ms": 52.72221565246582,
      "min_latency_ms": 6.415843963623047,
      "max_latency_ms": 52.72221565246582,
      "queries_per_second": 46.64935330709266,
      "avg_similarity": 0.7316954973735107,
      "avg_top1_similarity": 0.7316954973735107,
      "min_similarity": 0.7316954973735107,
      "recall_at_1": 0.0,
      "precision_at_1": 0.0,
      "mrr": 0.0,
      "resource_metrics": {
        "duration": 0.0,
        "cpu": {
          "avg": 16.8,
          "max": 16.8,
          "min": 16.8
        },
        "memory": {
          "avg_mb": 11311.734375,
          "max_mb": 11311.734375,
          "min_mb": 11311.734375
        },
        "disk": {
          "read_total_mb": 0.0,
          "write_total_mb": 0.0
        },
        "network": {
          "sent_total_mb": 0.0,
          "recv_total_mb": 0.0
        }
      }
    },
    {
      "top_k": 3,
      "num_queries": 10,
      "avg_latency_ms": 8.834600448608398,
      "p50_latency_ms": 9.285926818847656,
      "p95_latency_ms": 13.036012649536133,
      "p99_latency_ms": 13.036012649536133,
      "min_latency_ms": 6.036996841430664,
      "max_latency_ms": 13.036012649536133,
      "queries_per_second": 113.19131021454595,
      "avg_similarity": 0.6881673020859458,
      "avg_top1_similarity": 0.7316954973735107,
      "min_similarity": 0.6527654300506451,
      "recall_at_3": 0.0,
      "precision_at_3": 0.0,
      "mrr": 0.0,
      "resource_metrics": {
        "duration": 0.0,
        "cpu": {
          "avg": 21.5,
          "max": 21.5,
          "min": 21.5
        },
        "memory": {
          "avg_mb": 11353.234375,
          "max_mb": 11353.234375,
          "min_mb": 11353.234375
        },
        "disk": {
          "read_total_mb": 1.53125,
          "write_total_mb": 0.0
        },
        "network": {
          "sent_total_mb": 0.0,
          "recv_total_mb": 0.0
        }
      }
    },
    {
      "top_k": 5,
      "num_queries": 10,
      "avg_latency_ms": 10.397052764892578,
      "p50_latency_ms": 9.894847869873047,
      "p95_latency_ms": 15.197992324829102,
      "p99_latency_ms": 15.197992324829102,
      "min_latency_ms": 8.205175399780273,
      "max_latency_ms": 15.197992324829102,
      "queries_per_second": 96.18110272332854,
      "avg_similarity": 0.6663784126849246,
      "avg_top1_similarity": 0.7316954973735107,
      "min_similarity": 0.6243872141840345,
      "recall_at_5": 0.0,
      "precision_at_5": 0.0,
      "mrr": 0.0,
      "resource_metrics": {
        "duration": 0.0,
        "cpu": {
          "avg": 15.0,
          "max": 15.0,
          "min": 15.0
        },
        "memory": {
          "avg_mb": 11253.84375,
          "max_mb": 11253.84375,
          "min_mb": 11253.84375
        },
        "disk": {
          "read_total_mb": 0.859375,
          "write_total_mb": 0.921875
        },
        "network": {
          "sent_total_mb": 0.0,
          "recv_total_mb": 0.0
        }
      }
    },
    {
      "top_k": 10,
      "num_queries": 10,
      "avg_latency_ms": 12.517023086547852,
      "p50_latency_ms": 12.68625259399414,
      "p95_latency_ms": 19.528865814208984,
      "p99_latency_ms": 19.528865814208984,
      "min_latency_ms": 8.356809616088867,
      "max_latency_ms": 19.528865814208984,
      "queries_per_second": 79.89120041447461,
      "avg_similarity": 0.6292959139944945,
      "avg_top1_similarity": 0.7316954973735107,
      "min_similarity": 0.5739297043020959,
      "recall_at_10": 0.0,
      "precision_at_10": 0.0,
      "mrr": 0.0,
      "resource_metrics": {
        "duration": 0.0,
        "cpu": {
          "avg": 11.9,
          "max": 11.9,
          "min": 11.9
        },
        "memory": {
          "avg_mb": 11259.359375,
          "max_mb": 11259.359375,
          "min_mb": 11259.359375
        },
        "disk": {
          "read_total_mb": 0.75,
          "write_total_mb": 0.75
        },
        "network": {
          "sent_total_mb": 0.0,
          "recv_total_mb": 0.0
        }
      }
    },
    {
      "top_k": 20,
      "num_queries": 10,
      "avg_latency_ms": 10.784339904785156,
      "p50_latency_ms": 10.498762130737305,
      "p95_latency_ms": 16.192197799682617,
      "p99_latency_ms": 16.192197799682617,
      "min_latency_ms": 8.457183837890625,
      "max_latency_ms": 16.192197799682617,
      "queries_per_second": 92.72704762915407,
      "avg_similarity": 0.5740238946417549,
      "avg_top1_similarity": 0.7316954973735107,
      "min_similarity": 0.4938481571494914,
      "recall_at_20": 0.0,
      "precision_at_20": 0.0,
      "mrr": 0.0,
      "resource_metrics": {
        "duration": 0.0,
        "cpu": {
          "avg": 12.5,
          "max": 12.5,
          "min": 12.5
        },
        "memory": {
          "avg_mb": 11295.921875,
          "max_mb": 11295.921875,
          "min_mb": 11295.921875
        },
        "disk": {
          "read_total_mb": 0.6875,
          "write_total_mb": 0.6875
        },
        "network": {
          "sent_total_mb": 0.0,
          "recv_total_mb": 0.0
        }
      }
    }
  ]
}