{
  "database": "faiss",
  "config": {
    "corpus_path": "Data/test_corpus/corpus_sizes/corpus_50k",
    "test_cases_path": "Data/test_corpus/test_cases.json",
    "output_dir": "results/faiss_scaling_n3/corpus_50k/run_2",
    "faiss_config": {
      "index_path": "./vector_stores/faiss_index.index",
      "index_type": "Flat"
    },
    "embedding_model": "sentence-transformers/all-MiniLM-L6-v2",
    "embedding_type": "sentence-transformers",
    "chunk_size": 512,
    "chunk_overlap": 50,
    "chunk_strategy": "fixed",
    "top_k_values": [
      1,
      3,
      5,
      10,
      20
    ],
    "batch_size": 100
  },
  "timestamp": "2025-12-22 22:13:03",
  "ingestion": {
    "total_time_sec": 810.1801857948303,
    "num_documents": 1,
    "num_chunks": 345046,
    "parsing_time_sec": 0.5477807521820068,
    "embedding_time_sec": 808.9504499435425,
    "insertion_time_sec": 0.33272719383239746
  },
  "query_results": [
    {
      "top_k": 1,
      "num_queries": 10,
      "avg_latency_ms": 30.263757705688477,
      "p50_latency_ms": 30.807018280029297,
      "p95_latency_ms": 66.82324409484863,
      "p99_latency_ms": 66.82324409484863,
      "min_latency_ms": 13.826131820678711,
      "max_latency_ms": 66.82324409484863,
      "queries_per_second": 33.04282335739281,
      "avg_similarity": 0.5984924522751894,
      "avg_top1_similarity": 0.5984924522751894,
      "min_similarity": 0.5984924522751894,
      "recall_at_1": 0.0,
      "precision_at_1": 0.0,
      "mrr": 0.0,
      "resource_metrics": {
        "duration": 0.0,
        "cpu": {
          "avg": 0.0,
          "max": 0.0,
          "min": 0.0
        },
        "memory": {
          "avg_mb": 9605.15625,
          "max_mb": 9605.15625,
          "min_mb": 9605.15625
        },
        "disk": {
          "read_total_mb": 0.0,
          "write_total_mb": 0.0
        },
        "network": {
          "sent_total_mb": 0.0,
          "recv_total_mb": 0.0
        }
      }
    },
    {
      "top_k": 3,
      "num_queries": 10,
      "avg_latency_ms": 17.520785331726074,
      "p50_latency_ms": 15.88296890258789,
      "p95_latency_ms": 29.2661190032959,
      "p99_latency_ms": 29.2661190032959,
      "min_latency_ms": 14.492273330688477,
      "max_latency_ms": 29.2661190032959,
      "queries_per_second": 57.07506718829733,
      "avg_similarity": 0.5826153732997978,
      "avg_top1_similarity": 0.5984924522751894,
      "min_similarity": 0.5683679396628638,
      "recall_at_3": 0.0,
      "precision_at_3": 0.0,
      "mrr": 0.0,
      "resource_metrics": {
        "duration": 0.0,
        "cpu": {
          "avg": 10.5,
          "max": 10.5,
          "min": 10.5
        },
        "memory": {
          "avg_mb": 10294.59375,
          "max_mb": 10294.59375,
          "min_mb": 10294.59375
        },
        "disk": {
          "read_total_mb": 0.0,
          "write_total_mb": 0.0
        },
        "network": {
          "sent_total_mb": 0.0,
          "recv_total_mb": 0.0009765625
        }
      }
    },
    {
      "top_k": 5,
      "num_queries": 10,
      "avg_latency_ms": 17.034506797790527,
      "p50_latency_ms": 15.507936477661133,
      "p95_latency_ms": 26.23605728149414,
      "p99_latency_ms": 26.23605728149414,
      "min_latency_ms": 13.962030410766602,
      "max_latency_ms": 26.23605728149414,
      "queries_per_second": 58.70437059731637,
      "avg_similarity": 0.5723111263747227,
      "avg_top1_similarity": 0.5984924522751894,
      "min_similarity": 0.5546112070249468,
      "recall_at_5": 0.0,
      "precision_at_5": 0.0,
      "mrr": 0.0,
      "resource_metrics": {
        "duration": 0.0,
        "cpu": {
          "avg": 9.8,
          "max": 9.8,
          "min": 9.8
        },
        "memory": {
          "avg_mb": 10337.15625,
          "max_mb": 10337.15625,
          "min_mb": 10337.15625
        },
        "disk": {
          "read_total_mb": 0.0,
          "write_total_mb": 0.0
        },
        "network": {
          "sent_total_mb": 0.0,
          "recv_total_mb": 0.0
        }
      }
    },
    {
      "top_k": 10,
      "num_queries": 10,
      "avg_latency_ms": 17.481470108032227,
      "p50_latency_ms": 15.625953674316406,
      "p95_latency_ms": 28.53703498840332,
      "p99_latency_ms": 28.53703498840332,
      "min_latency_ms": 14.116048812866211,
      "max_latency_ms": 28.53703498840332,
      "queries_per_second": 57.203427047049615,
      "avg_similarity": 0.5574337662703974,
      "avg_top1_similarity": 0.5984924522751894,
      "min_similarity": 0.5363287070380626,
      "recall_at_10": 0.0,
      "precision_at_10": 0.0,
      "mrr": 0.0,
      "resource_metrics": {
        "duration": 0.0,
        "cpu": {
          "avg": 7.4,
          "max": 7.4,
          "min": 7.4
        },
        "memory": {
          "avg_mb": 10341.265625,
          "max_mb": 10341.265625,
          "min_mb": 10341.265625
        },
        "disk": {
          "read_total_mb": 0.0,
          "write_total_mb": 0.0
        },
        "network": {
          "sent_total_mb": 0.0,
          "recv_total_mb": 0.0
        }
      }
    },
    {
      "top_k": 20,
      "num_queries": 10,
      "avg_latency_ms": 17.7933931350708,
      "p50_latency_ms": 15.901803970336914,
      "p95_latency_ms": 31.271934509277344,
      "p99_latency_ms": 31.271934509277344,
      "min_latency_ms": 14.32490348815918,
      "max_latency_ms": 31.271934509277344,
      "queries_per_second": 56.20063539365062,
      "avg_similarity": 0.5397185943310087,
      "avg_top1_similarity": 0.5984924522751894,
      "min_similarity": 0.5143914249250633,
      "recall_at_20": 0.0,
      "precision_at_20": 0.0,
      "mrr": 0.0,
      "resource_metrics": {
        "duration": 0.0,
        "cpu": {
          "avg": 6.4,
          "max": 6.4,
          "min": 6.4
        },
        "memory": {
          "avg_mb": 10344.28125,
          "max_mb": 10344.28125,
          "min_mb": 10344.28125
        },
        "disk": {
          "read_total_mb": 0.0,
          "write_total_mb": 0.0
        },
        "network": {
          "sent_total_mb": 0.0,
          "recv_total_mb": 0.0
        }
      }
    }
  ]
}