{
  "database": "milvus",
  "config": {
    "corpus_path": "Data/test_corpus/corpus_sizes/corpus_1k",
    "test_cases_path": "Data/test_corpus/test_cases.json",
    "output_dir": "results/milvus_scaling_n10/corpus_1k/run_10",
    "milvus_config": {
      "host": "localhost",
      "port": 19530,
      "collection_name": "benchmark_test"
    },
    "embedding_model": "sentence-transformers/all-MiniLM-L6-v2",
    "embedding_type": "sentence-transformers",
    "chunk_size": 512,
    "chunk_overlap": 50,
    "chunk_strategy": "fixed",
    "top_k_values": [
      1,
      3,
      5,
      10,
      20
    ],
    "batch_size": 100
  },
  "timestamp": "2026-01-10 05:47:12",
  "ingestion": {
    "total_time_sec": 21.339341640472412,
    "num_documents": 1,
    "num_chunks": 5562,
    "parsing_time_sec": 0.01064610481262207,
    "embedding_time_sec": 14.238576889038086,
    "insertion_time_sec": 6.873331308364868
  },
  "query_results": [
    {
      "top_k": 1,
      "num_queries": 10,
      "avg_latency_ms": 27.557873725891113,
      "p50_latency_ms": 28.838157653808594,
      "p95_latency_ms": 66.05696678161621,
      "p99_latency_ms": 66.05696678161621,
      "min_latency_ms": 10.358810424804688,
      "max_latency_ms": 66.05696678161621,
      "queries_per_second": 36.287269836078906,
      "avg_similarity": 0.5281620055437088,
      "avg_top1_similarity": 0.5281620055437088,
      "min_similarity": 0.5281620055437088,
      "recall_at_1": 0.0,
      "precision_at_1": 0.0,
      "mrr": 0.0,
      "resource_metrics": {
        "duration": 0.0,
        "cpu": {
          "avg": 0.0,
          "max": 0.0,
          "min": 0.0
        },
        "memory": {
          "avg_mb": 9532.4375,
          "max_mb": 9532.4375,
          "min_mb": 9532.4375
        },
        "disk": {
          "read_total_mb": 0.0,
          "write_total_mb": 0.0
        },
        "network": {
          "sent_total_mb": 0.0,
          "recv_total_mb": 0.0
        }
      }
    },
    {
      "top_k": 3,
      "num_queries": 10,
      "avg_latency_ms": 12.410998344421387,
      "p50_latency_ms": 12.099742889404297,
      "p95_latency_ms": 16.501188278198242,
      "p99_latency_ms": 16.501188278198242,
      "min_latency_ms": 9.851932525634766,
      "max_latency_ms": 16.501188278198242,
      "queries_per_second": 80.57369538281257,
      "avg_similarity": 0.5003335307041804,
      "avg_top1_similarity": 0.5281620055437088,
      "min_similarity": 0.476975554227829,
      "recall_at_3": 0.0,
      "precision_at_3": 0.0,
      "mrr": 0.0,
      "resource_metrics": {
        "duration": 0.0,
        "cpu": {
          "avg": 13.3,
          "max": 13.3,
          "min": 13.3
        },
        "memory": {
          "avg_mb": 10369.703125,
          "max_mb": 10369.703125,
          "min_mb": 10369.703125
        },
        "disk": {
          "read_total_mb": 0.0,
          "write_total_mb": 0.0
        },
        "network": {
          "sent_total_mb": 0.0,
          "recv_total_mb": 0.0
        }
      }
    },
    {
      "top_k": 5,
      "num_queries": 10,
      "avg_latency_ms": 12.84942626953125,
      "p50_latency_ms": 12.122154235839844,
      "p95_latency_ms": 16.174793243408203,
      "p99_latency_ms": 16.174793243408203,
      "min_latency_ms": 10.746955871582031,
      "max_latency_ms": 16.174793243408203,
      "queries_per_second": 77.82448640304001,
      "avg_similarity": 0.4823250257968903,
      "avg_top1_similarity": 0.5281620055437088,
      "min_similarity": 0.4517365336418152,
      "recall_at_5": 0.0,
      "precision_at_5": 0.0,
      "mrr": 0.0,
      "resource_metrics": {
        "duration": 0.0,
        "cpu": {
          "avg": 11.9,
          "max": 11.9,
          "min": 11.9
        },
        "memory": {
          "avg_mb": 10384.34375,
          "max_mb": 10384.34375,
          "min_mb": 10384.34375
        },
        "disk": {
          "read_total_mb": 0.0,
          "write_total_mb": 0.0
        },
        "network": {
          "sent_total_mb": 0.0,
          "recv_total_mb": 0.0
        }
      }
    },
    {
      "top_k": 10,
      "num_queries": 10,
      "avg_latency_ms": 11.94915771484375,
      "p50_latency_ms": 11.789083480834961,
      "p95_latency_ms": 14.77813720703125,
      "p99_latency_ms": 14.77813720703125,
      "min_latency_ms": 10.063886642456055,
      "max_latency_ms": 14.77813720703125,
      "queries_per_second": 83.68790703613843,
      "avg_similarity": 0.4576154735684394,
      "avg_top1_similarity": 0.5281620055437088,
      "min_similarity": 0.42120504677295684,
      "recall_at_10": 0.0,
      "precision_at_10": 0.0,
      "mrr": 0.0,
      "resource_metrics": {
        "duration": 0.0,
        "cpu": {
          "avg": 10.4,
          "max": 10.4,
          "min": 10.4
        },
        "memory": {
          "avg_mb": 10389.5625,
          "max_mb": 10389.5625,
          "min_mb": 10389.5625
        },
        "disk": {
          "read_total_mb": 0.0,
          "write_total_mb": 0.0
        },
        "network": {
          "sent_total_mb": 0.0,
          "recv_total_mb": 0.0
        }
      }
    },
    {
      "top_k": 20,
      "num_queries": 10,
      "avg_latency_ms": 13.358378410339355,
      "p50_latency_ms": 14.961719512939453,
      "p95_latency_ms": 16.077041625976562,
      "p99_latency_ms": 16.077041625976562,
      "min_latency_ms": 9.743928909301758,
      "max_latency_ms": 16.077041625976562,
      "queries_per_second": 74.85938556928453,
      "avg_similarity": 0.4268869496881962,
      "avg_top1_similarity": 0.5281620055437088,
      "min_similarity": 0.3815583735704422,
      "recall_at_20": 0.0,
      "precision_at_20": 0.0,
      "mrr": 0.0,
      "resource_metrics": {
        "duration": 0.0,
        "cpu": {
          "avg": 13.0,
          "max": 13.0,
          "min": 13.0
        },
        "memory": {
          "avg_mb": 10400.328125,
          "max_mb": 10400.328125,
          "min_mb": 10400.328125
        },
        "disk": {
          "read_total_mb": 0.0,
          "write_total_mb": 0.0
        },
        "network": {
          "sent_total_mb": 0.0,
          "recv_total_mb": 0.0
        }
      }
    }
  ]
}