{
  "database": "pgvector",
  "config": {
    "corpus_path": "Data/test_corpus/documents",
    "test_cases_path": "Data/test_corpus/test_cases.json",
    "output_dir": "results/pgvector_scaling_n10/corpus_baseline/run_5",
    "pgvector_config": {
      "host": "localhost",
      "port": 5433,
      "database": "vectordb",
      "user": "postgres",
      "password": "postgres",
      "table_name": "benchmark_test",
      "index_type": "ivfflat"
    },
    "embedding_model": "sentence-transformers/all-MiniLM-L6-v2",
    "embedding_type": "sentence-transformers",
    "chunk_size": 512,
    "chunk_overlap": 50,
    "chunk_strategy": "fixed",
    "top_k_values": [
      1,
      3,
      5,
      10,
      20
    ],
    "batch_size": 100
  },
  "timestamp": "2026-01-10 10:26:33",
  "ingestion": {
    "total_time_sec": 0.5113949775695801,
    "num_documents": 20,
    "num_chunks": 175,
    "parsing_time_sec": 0.00014090538024902344,
    "embedding_time_sec": 0.2946889400482178,
    "insertion_time_sec": 0.09521794319152832
  },
  "query_results": [
    {
      "top_k": 1,
      "num_queries": 10,
      "avg_latency_ms": 23.987865447998047,
      "p50_latency_ms": 27.42624282836914,
      "p95_latency_ms": 44.79813575744629,
      "p99_latency_ms": 44.79813575744629,
      "min_latency_ms": 8.039236068725586,
      "max_latency_ms": 44.79813575744629,
      "queries_per_second": 41.68774425418736,
      "avg_similarity": 0.7316954973735107,
      "avg_top1_similarity": 0.7316954973735107,
      "min_similarity": 0.7316954973735107,
      "recall_at_1": 0.0,
      "precision_at_1": 0.0,
      "mrr": 0.0,
      "resource_metrics": {
        "duration": 0.0,
        "cpu": {
          "avg": 17.3,
          "max": 17.3,
          "min": 17.3
        },
        "memory": {
          "avg_mb": 10459.78125,
          "max_mb": 10459.78125,
          "min_mb": 10459.78125
        },
        "disk": {
          "read_total_mb": 0.0,
          "write_total_mb": 0.0
        },
        "network": {
          "sent_total_mb": 0.0,
          "recv_total_mb": 0.0
        }
      }
    },
    {
      "top_k": 3,
      "num_queries": 10,
      "avg_latency_ms": 10.681939125061035,
      "p50_latency_ms": 10.208845138549805,
      "p95_latency_ms": 16.062021255493164,
      "p99_latency_ms": 16.062021255493164,
      "min_latency_ms": 8.874893188476562,
      "max_latency_ms": 16.062021255493164,
      "queries_per_second": 93.61596132427745,
      "avg_similarity": 0.6881673020859458,
      "avg_top1_similarity": 0.7316954973735107,
      "min_similarity": 0.6527654300506451,
      "recall_at_3": 0.0,
      "precision_at_3": 0.0,
      "mrr": 0.0,
      "resource_metrics": {
        "duration": 0.0,
        "cpu": {
          "avg": 13.7,
          "max": 13.7,
          "min": 13.7
        },
        "memory": {
          "avg_mb": 10391.796875,
          "max_mb": 10391.796875,
          "min_mb": 10391.796875
        },
        "disk": {
          "read_total_mb": 0.0,
          "write_total_mb": 0.0
        },
        "network": {
          "sent_total_mb": 0.0,
          "recv_total_mb": 0.0
        }
      }
    },
    {
      "top_k": 5,
      "num_queries": 10,
      "avg_latency_ms": 12.401103973388672,
      "p50_latency_ms": 12.091875076293945,
      "p95_latency_ms": 15.798091888427734,
      "p99_latency_ms": 15.798091888427734,
      "min_latency_ms": 9.943008422851562,
      "max_latency_ms": 15.798091888427734,
      "queries_per_second": 80.63798208174723,
      "avg_similarity": 0.6663784126849246,
      "avg_top1_similarity": 0.7316954973735107,
      "min_similarity": 0.6243872141840345,
      "recall_at_5": 0.0,
      "precision_at_5": 0.0,
      "mrr": 0.0,
      "resource_metrics": {
        "duration": 0.0,
        "cpu": {
          "avg": 11.5,
          "max": 11.5,
          "min": 11.5
        },
        "memory": {
          "avg_mb": 10322.265625,
          "max_mb": 10322.265625,
          "min_mb": 10322.265625
        },
        "disk": {
          "read_total_mb": 0.0,
          "write_total_mb": 0.0
        },
        "network": {
          "sent_total_mb": 0.0,
          "recv_total_mb": 0.0
        }
      }
    },
    {
      "top_k": 10,
      "num_queries": 10,
      "avg_latency_ms": 11.983394622802734,
      "p50_latency_ms": 12.166976928710938,
      "p95_latency_ms": 16.378164291381836,
      "p99_latency_ms": 16.378164291381836,
      "min_latency_ms": 9.588956832885742,
      "max_latency_ms": 16.378164291381836,
      "queries_per_second": 83.44880824479726,
      "avg_similarity": 0.6292959139944945,
      "avg_top1_similarity": 0.7316954973735107,
      "min_similarity": 0.5739297043020959,
      "recall_at_10": 0.0,
      "precision_at_10": 0.0,
      "mrr": 0.0,
      "resource_metrics": {
        "duration": 0.0,
        "cpu": {
          "avg": 11.9,
          "max": 11.9,
          "min": 11.9
        },
        "memory": {
          "avg_mb": 10341.296875,
          "max_mb": 10341.296875,
          "min_mb": 10341.296875
        },
        "disk": {
          "read_total_mb": 0.625,
          "write_total_mb": 0.0
        },
        "network": {
          "sent_total_mb": 0.0,
          "recv_total_mb": 0.0
        }
      }
    },
    {
      "top_k": 20,
      "num_queries": 10,
      "avg_latency_ms": 12.531018257141113,
      "p50_latency_ms": 12.148141860961914,
      "p95_latency_ms": 15.748262405395508,
      "p99_latency_ms": 15.748262405395508,
      "min_latency_ms": 9.654045104980469,
      "max_latency_ms": 15.748262405395508,
      "queries_per_second": 79.80197454665146,
      "avg_similarity": 0.5740238946417549,
      "avg_top1_similarity": 0.7316954973735107,
      "min_similarity": 0.4938481571494914,
      "recall_at_20": 0.0,
      "precision_at_20": 0.0,
      "mrr": 0.0,
      "resource_metrics": {
        "duration": 0.0,
        "cpu": {
          "avg": 13.8,
          "max": 13.8,
          "min": 13.8
        },
        "memory": {
          "avg_mb": 10350.5625,
          "max_mb": 10350.5625,
          "min_mb": 10350.5625
        },
        "disk": {
          "read_total_mb": 0.0,
          "write_total_mb": 0.0
        },
        "network": {
          "sent_total_mb": 0.0,
          "recv_total_mb": 0.0
        }
      }
    }
  ]
}