{
  "database": "weaviate",
  "config": {
    "corpus_path": "Data/test_corpus/corpus_sizes/corpus_10k",
    "test_cases_path": "Data/test_corpus/test_cases.json",
    "output_dir": "results/weaviate_scaling_n10/corpus_10k/run_10",
    "weaviate_config": {
      "host": "localhost",
      "port": 8082,
      "class_name": "BenchmarkTest"
    },
    "embedding_model": "sentence-transformers/all-MiniLM-L6-v2",
    "embedding_type": "sentence-transformers",
    "chunk_size": 512,
    "chunk_overlap": 50,
    "chunk_strategy": "fixed",
    "top_k_values": [
      1,
      3,
      5,
      10,
      20
    ],
    "batch_size": 100
  },
  "timestamp": "2026-01-10 03:26:10",
  "ingestion": {
    "total_time_sec": 183.25031280517578,
    "num_documents": 1,
    "num_chunks": 69903,
    "parsing_time_sec": 0.16383886337280273,
    "embedding_time_sec": 165.88326811790466,
    "insertion_time_sec": 16.71400499343872
  },
  "query_results": [
    {
      "top_k": 1,
      "num_queries": 10,
      "avg_latency_ms": 47.31302261352539,
      "p50_latency_ms": 30.133962631225586,
      "p95_latency_ms": 259.962797164917,
      "p99_latency_ms": 259.962797164917,
      "min_latency_ms": 9.321928024291992,
      "max_latency_ms": 259.962797164917,
      "queries_per_second": 21.135829941968865,
      "avg_similarity": 0.5972839415073394,
      "avg_top1_similarity": 0.5972839415073394,
      "min_similarity": 0.5972839415073394,
      "recall_at_1": 0.0,
      "precision_at_1": 0.0,
      "mrr": 0.0,
      "resource_metrics": {
        "duration": 0.0,
        "cpu": {
          "avg": 11.6,
          "max": 11.6,
          "min": 11.6
        },
        "memory": {
          "avg_mb": 8726.8125,
          "max_mb": 8726.8125,
          "min_mb": 8726.8125
        },
        "disk": {
          "read_total_mb": 0.0,
          "write_total_mb": 0.0
        },
        "network": {
          "sent_total_mb": 0.0,
          "recv_total_mb": 0.0
        }
      }
    },
    {
      "top_k": 3,
      "num_queries": 10,
      "avg_latency_ms": 10.425734519958496,
      "p50_latency_ms": 10.083198547363281,
      "p95_latency_ms": 12.533187866210938,
      "p99_latency_ms": 12.533187866210938,
      "min_latency_ms": 9.04083251953125,
      "max_latency_ms": 12.533187866210938,
      "queries_per_second": 95.91650334905908,
      "avg_similarity": 0.5706729133923848,
      "avg_top1_similarity": 0.5972839415073394,
      "min_similarity": 0.5505420148372651,
      "recall_at_3": 0.0,
      "precision_at_3": 0.0,
      "mrr": 0.0,
      "resource_metrics": {
        "duration": 0.0,
        "cpu": {
          "avg": 21.9,
          "max": 21.9,
          "min": 21.9
        },
        "memory": {
          "avg_mb": 9614.6875,
          "max_mb": 9614.6875,
          "min_mb": 9614.6875
        },
        "disk": {
          "read_total_mb": 0.0,
          "write_total_mb": 0.0
        },
        "network": {
          "sent_total_mb": 0.0,
          "recv_total_mb": 0.0
        }
      }
    },
    {
      "top_k": 5,
      "num_queries": 10,
      "avg_latency_ms": 10.295748710632324,
      "p50_latency_ms": 10.004997253417969,
      "p95_latency_ms": 16.120195388793945,
      "p99_latency_ms": 16.120195388793945,
      "min_latency_ms": 8.070945739746094,
      "max_latency_ms": 16.120195388793945,
      "queries_per_second": 97.12746766704876,
      "avg_similarity": 0.5560519528388976,
      "avg_top1_similarity": 0.5972839415073394,
      "min_similarity": 0.5299822449684143,
      "recall_at_5": 0.0,
      "precision_at_5": 0.0,
      "mrr": 0.0,
      "resource_metrics": {
        "duration": 0.0,
        "cpu": {
          "avg": 15.3,
          "max": 15.3,
          "min": 15.3
        },
        "memory": {
          "avg_mb": 9565.953125,
          "max_mb": 9565.953125,
          "min_mb": 9565.953125
        },
        "disk": {
          "read_total_mb": 0.0,
          "write_total_mb": 0.0
        },
        "network": {
          "sent_total_mb": 0.0,
          "recv_total_mb": 0.0
        }
      }
    },
    {
      "top_k": 10,
      "num_queries": 10,
      "avg_latency_ms": 11.728549003601074,
      "p50_latency_ms": 10.816097259521484,
      "p95_latency_ms": 20.03622055053711,
      "p99_latency_ms": 20.03622055053711,
      "min_latency_ms": 8.295774459838867,
      "max_latency_ms": 20.03622055053711,
      "queries_per_second": 85.26203878186169,
      "avg_similarity": 0.5319314944744111,
      "avg_top1_similarity": 0.5972839415073394,
      "min_similarity": 0.4956180989742279,
      "recall_at_10": 0.0,
      "precision_at_10": 0.0,
      "mrr": 0.0,
      "resource_metrics": {
        "duration": 0.0,
        "cpu": {
          "avg": 23.4,
          "max": 23.4,
          "min": 23.4
        },
        "memory": {
          "avg_mb": 9552.984375,
          "max_mb": 9552.984375,
          "min_mb": 9552.984375
        },
        "disk": {
          "read_total_mb": 0.0,
          "write_total_mb": 0.0
        },
        "network": {
          "sent_total_mb": 0.0,
          "recv_total_mb": 0.0
        }
      }
    },
    {
      "top_k": 20,
      "num_queries": 10,
      "avg_latency_ms": 13.32244873046875,
      "p50_latency_ms": 12.70604133605957,
      "p95_latency_ms": 18.754005432128906,
      "p99_latency_ms": 18.754005432128906,
      "min_latency_ms": 10.101079940795898,
      "max_latency_ms": 18.754005432128906,
      "queries_per_second": 75.06127591341198,
      "avg_similarity": 0.5037875854969024,
      "avg_top1_similarity": 0.5972839415073394,
      "min_similarity": 0.4634092628955841,
      "recall_at_20": 0.0,
      "precision_at_20": 0.0,
      "mrr": 0.0,
      "resource_metrics": {
        "duration": 0.0,
        "cpu": {
          "avg": 12.0,
          "max": 12.0,
          "min": 12.0
        },
        "memory": {
          "avg_mb": 9557.03125,
          "max_mb": 9557.03125,
          "min_mb": 9557.03125
        },
        "disk": {
          "read_total_mb": 0.0,
          "write_total_mb": 0.0
        },
        "network": {
          "sent_total_mb": 0.0,
          "recv_total_mb": 0.0
        }
      }
    }
  ]
}