{
  "database": "pgvector",
  "config": {
    "corpus_path": "Data/test_corpus/corpus_sizes/corpus_1k",
    "test_cases_path": "Data/test_corpus/test_cases.json",
    "output_dir": "results/pgvector_scaling_n10/corpus_1k/run_6",
    "pgvector_config": {
      "host": "localhost",
      "port": 5433,
      "database": "vectordb",
      "user": "postgres",
      "password": "postgres",
      "table_name": "benchmark_test",
      "index_type": "ivfflat"
    },
    "embedding_model": "sentence-transformers/all-MiniLM-L6-v2",
    "embedding_type": "sentence-transformers",
    "chunk_size": 512,
    "chunk_overlap": 50,
    "chunk_strategy": "fixed",
    "top_k_values": [
      1,
      3,
      5,
      10,
      20
    ],
    "batch_size": 100
  },
  "timestamp": "2026-01-10 08:28:26",
  "ingestion": {
    "total_time_sec": 16.772614002227783,
    "num_documents": 1,
    "num_chunks": 5562,
    "parsing_time_sec": 0.006349086761474609,
    "embedding_time_sec": 13.557463884353638,
    "insertion_time_sec": 2.7530500888824463
  },
  "query_results": [
    {
      "top_k": 1,
      "num_queries": 10,
      "avg_latency_ms": 25.589728355407715,
      "p50_latency_ms": 26.78394317626953,
      "p95_latency_ms": 60.44316291809082,
      "p99_latency_ms": 60.44316291809082,
      "min_latency_ms": 10.220050811767578,
      "max_latency_ms": 60.44316291809082,
      "queries_per_second": 39.078179577028465,
      "avg_similarity": 0.528162035344304,
      "avg_top1_similarity": 0.528162035344304,
      "min_similarity": 0.528162035344304,
      "recall_at_1": 0.0,
      "precision_at_1": 0.0,
      "mrr": 0.0,
      "resource_metrics": {
        "duration": 0.0,
        "cpu": {
          "avg": 0.0,
          "max": 0.0,
          "min": 0.0
        },
        "memory": {
          "avg_mb": 11681.28125,
          "max_mb": 11681.28125,
          "min_mb": 11681.28125
        },
        "disk": {
          "read_total_mb": 0.0,
          "write_total_mb": 0.0
        },
        "network": {
          "sent_total_mb": 0.0,
          "recv_total_mb": 0.0
        }
      }
    },
    {
      "top_k": 3,
      "num_queries": 10,
      "avg_latency_ms": 11.164093017578125,
      "p50_latency_ms": 10.77580451965332,
      "p95_latency_ms": 16.39103889465332,
      "p99_latency_ms": 16.39103889465332,
      "min_latency_ms": 9.082794189453125,
      "max_latency_ms": 16.39103889465332,
      "queries_per_second": 89.57288320918472,
      "avg_similarity": 0.5003335539457303,
      "avg_top1_similarity": 0.528162035344304,
      "min_similarity": 0.4769755557293287,
      "recall_at_3": 0.0,
      "precision_at_3": 0.0,
      "mrr": 0.0,
      "resource_metrics": {
        "duration": 0.0,
        "cpu": {
          "avg": 13.3,
          "max": 13.3,
          "min": 13.3
        },
        "memory": {
          "avg_mb": 11741.265625,
          "max_mb": 11741.265625,
          "min_mb": 11741.265625
        },
        "disk": {
          "read_total_mb": 0.0,
          "write_total_mb": 0.0
        },
        "network": {
          "sent_total_mb": 0.0,
          "recv_total_mb": 0.0
        }
      }
    },
    {
      "top_k": 5,
      "num_queries": 10,
      "avg_latency_ms": 11.56611442565918,
      "p50_latency_ms": 10.85209846496582,
      "p95_latency_ms": 14.764785766601562,
      "p99_latency_ms": 14.764785766601562,
      "min_latency_ms": 9.300947189331055,
      "max_latency_ms": 14.764785766601562,
      "queries_per_second": 86.45945934803491,
      "avg_similarity": 0.4823250399646076,
      "avg_top1_similarity": 0.528162035344304,
      "min_similarity": 0.4517365350243633,
      "recall_at_5": 0.0,
      "precision_at_5": 0.0,
      "mrr": 0.0,
      "resource_metrics": {
        "duration": 0.0,
        "cpu": {
          "avg": 11.7,
          "max": 11.7,
          "min": 11.7
        },
        "memory": {
          "avg_mb": 11746.53125,
          "max_mb": 11746.53125,
          "min_mb": 11746.53125
        },
        "disk": {
          "read_total_mb": 0.0,
          "write_total_mb": 0.0
        },
        "network": {
          "sent_total_mb": 0.0,
          "recv_total_mb": 0.0
        }
      }
    },
    {
      "top_k": 10,
      "num_queries": 10,
      "avg_latency_ms": 12.15829849243164,
      "p50_latency_ms": 11.432170867919922,
      "p95_latency_ms": 15.67983627319336,
      "p99_latency_ms": 15.67983627319336,
      "min_latency_ms": 9.954690933227539,
      "max_latency_ms": 15.67983627319336,
      "queries_per_second": 82.24835083811152,
      "avg_similarity": 0.45761548722301376,
      "avg_top1_similarity": 0.528162035344304,
      "min_similarity": 0.4212050952242995,
      "recall_at_10": 0.0,
      "precision_at_10": 0.0,
      "mrr": 0.0,
      "resource_metrics": {
        "duration": 0.0,
        "cpu": {
          "avg": 11.8,
          "max": 11.8,
          "min": 11.8
        },
        "memory": {
          "avg_mb": 11747.453125,
          "max_mb": 11747.453125,
          "min_mb": 11747.453125
        },
        "disk": {
          "read_total_mb": 0.0,
          "write_total_mb": 0.0
        },
        "network": {
          "sent_total_mb": 0.0,
          "recv_total_mb": 0.0
        }
      }
    },
    {
      "top_k": 20,
      "num_queries": 10,
      "avg_latency_ms": 11.34953498840332,
      "p50_latency_ms": 10.909080505371094,
      "p95_latency_ms": 14.272212982177734,
      "p99_latency_ms": 14.272212982177734,
      "min_latency_ms": 9.195089340209961,
      "max_latency_ms": 14.272212982177734,
      "queries_per_second": 88.10933672804883,
      "avg_similarity": 0.42672552062897057,
      "avg_top1_similarity": 0.528162035344304,
      "min_similarity": 0.38045705941878516,
      "recall_at_20": 0.0,
      "precision_at_20": 0.0,
      "mrr": 0.0,
      "resource_metrics": {
        "duration": 0.0,
        "cpu": {
          "avg": 12.6,
          "max": 12.6,
          "min": 12.6
        },
        "memory": {
          "avg_mb": 10778.0,
          "max_mb": 10778.0,
          "min_mb": 10778.0
        },
        "disk": {
          "read_total_mb": 0.0,
          "write_total_mb": 0.0
        },
        "network": {
          "sent_total_mb": 0.0,
          "recv_total_mb": 0.0
        }
      }
    }
  ]
}