{
  "database": "faiss",
  "config": {
    "corpus_path": "Data/test_corpus/corpus_sizes/corpus_500k",
    "test_cases_path": "Data/test_corpus/test_cases.json",
    "output_dir": "results/faiss_scaling_n10/corpus_500k/run_10",
    "faiss_config": {
      "index_path": "./vector_stores/faiss_index.index",
      "index_type": "Flat"
    },
    "embedding_model": "sentence-transformers/all-MiniLM-L6-v2",
    "embedding_type": "sentence-transformers",
    "chunk_size": 512,
    "chunk_overlap": 50,
    "chunk_strategy": "fixed",
    "top_k_values": [
      1,
      3,
      5,
      10,
      20
    ],
    "batch_size": 100
  },
  "timestamp": "2026-01-09 02:43:10",
  "ingestion": {
    "total_time_sec": 5255.15186882019,
    "num_documents": 1,
    "num_chunks": 2249072,
    "parsing_time_sec": 3.3672139644622803,
    "embedding_time_sec": 5234.899455070496,
    "insertion_time_sec": 5.369883060455322
  },
  "query_results": [
    {
      "top_k": 1,
      "num_queries": 10,
      "avg_latency_ms": 702.1583080291748,
      "p50_latency_ms": 107.31315612792969,
      "p95_latency_ms": 5826.129198074341,
      "p99_latency_ms": 5826.129198074341,
      "min_latency_ms": 59.56292152404785,
      "max_latency_ms": 5826.129198074341,
      "queries_per_second": 1.4241802575929214,
      "avg_similarity": 0.6081104759530154,
      "avg_top1_similarity": 0.6081104759530154,
      "min_similarity": 0.6081104759530154,
      "recall_at_1": 0.0,
      "precision_at_1": 0.0,
      "mrr": 0.0,
      "resource_metrics": {
        "duration": 6.6053290367126465,
        "cpu": {
          "avg": 18.22142857142857,
          "max": 41.9,
          "min": 0.0
        },
        "memory": {
          "avg_mb": 8578.206473214286,
          "max_mb": 9306.421875,
          "min_mb": 8216.09375
        },
        "disk": {
          "read_total_mb": 2372.79296875,
          "write_total_mb": 684.4609375
        },
        "network": {
          "sent_total_mb": 0.060546875,
          "recv_total_mb": 0.06640625
        }
      }
    },
    {
      "top_k": 3,
      "num_queries": 10,
      "avg_latency_ms": 61.41026020050049,
      "p50_latency_ms": 60.35304069519043,
      "p95_latency_ms": 67.31200218200684,
      "p99_latency_ms": 67.31200218200684,
      "min_latency_ms": 58.85434150695801,
      "max_latency_ms": 67.31200218200684,
      "queries_per_second": 16.28392383837921,
      "avg_similarity": 0.5970919434566881,
      "avg_top1_similarity": 0.6081104759530154,
      "min_similarity": 0.5869038129129002,
      "recall_at_3": 0.0,
      "precision_at_3": 0.0,
      "mrr": 0.0,
      "resource_metrics": {
        "duration": 0.5019278526306152,
        "cpu": {
          "avg": 28.65,
          "max": 34.1,
          "min": 23.2
        },
        "memory": {
          "avg_mb": 8862.21875,
          "max_mb": 8886.4375,
          "min_mb": 8838.0
        },
        "disk": {
          "read_total_mb": 151.46484375,
          "write_total_mb": 114.80859375
        },
        "network": {
          "sent_total_mb": 0.0,
          "recv_total_mb": 0.0009765625
        }
      }
    },
    {
      "top_k": 5,
      "num_queries": 10,
      "avg_latency_ms": 62.320542335510254,
      "p50_latency_ms": 61.328887939453125,
      "p95_latency_ms": 75.47593116760254,
      "p99_latency_ms": 75.47593116760254,
      "min_latency_ms": 57.309865951538086,
      "max_latency_ms": 75.47593116760254,
      "queries_per_second": 16.04607345386017,
      "avg_similarity": 0.589569724902797,
      "avg_top1_similarity": 0.6081104759530154,
      "min_similarity": 0.5767552424979981,
      "recall_at_5": 0.0,
      "precision_at_5": 0.0,
      "mrr": 0.0,
      "resource_metrics": {
        "duration": 0.5107309818267822,
        "cpu": {
          "avg": 35.75,
          "max": 36.1,
          "min": 35.4
        },
        "memory": {
          "avg_mb": 8718.0078125,
          "max_mb": 8741.4375,
          "min_mb": 8694.578125
        },
        "disk": {
          "read_total_mb": 173.4453125,
          "write_total_mb": 118.82421875
        },
        "network": {
          "sent_total_mb": 0.00390625,
          "recv_total_mb": 0.009765625
        }
      }
    },
    {
      "top_k": 10,
      "num_queries": 10,
      "avg_latency_ms": 66.9032096862793,
      "p50_latency_ms": 58.885812759399414,
      "p95_latency_ms": 127.57015228271484,
      "p99_latency_ms": 127.57015228271484,
      "min_latency_ms": 57.20114707946777,
      "max_latency_ms": 127.57015228271484,
      "queries_per_second": 14.946965992949705,
      "avg_similarity": 0.5771787789131821,
      "avg_top1_similarity": 0.6081104759530154,
      "min_similarity": 0.5588513399533241,
      "recall_at_10": 0.0,
      "precision_at_10": 0.0,
      "mrr": 0.0,
      "resource_metrics": {
        "duration": 0.5058999061584473,
        "cpu": {
          "avg": 28.5,
          "max": 29.2,
          "min": 27.8
        },
        "memory": {
          "avg_mb": 8637.515625,
          "max_mb": 8656.15625,
          "min_mb": 8618.875
        },
        "disk": {
          "read_total_mb": 49.17578125,
          "write_total_mb": 21.51953125
        },
        "network": {
          "sent_total_mb": 0.0166015625,
          "recv_total_mb": 0.017578125
        }
      }
    },
    {
      "top_k": 20,
      "num_queries": 10,
      "avg_latency_ms": 63.26174736022949,
      "p50_latency_ms": 59.7071647644043,
      "p95_latency_ms": 81.2990665435791,
      "p99_latency_ms": 81.2990665435791,
      "min_latency_ms": 57.276010513305664,
      "max_latency_ms": 81.2990665435791,
      "queries_per_second": 15.807340797998032,
      "avg_similarity": 0.5616581162708834,
      "avg_top1_similarity": 0.6081104759530154,
      "min_similarity": 0.5375578751597476,
      "recall_at_20": 0.0,
      "precision_at_20": 0.0,
      "mrr": 0.0,
      "resource_metrics": {
        "duration": 0.5107707977294922,
        "cpu": {
          "avg": 22.2,
          "max": 24.9,
          "min": 19.5
        },
        "memory": {
          "avg_mb": 8585.78125,
          "max_mb": 8593.71875,
          "min_mb": 8577.84375
        },
        "disk": {
          "read_total_mb": 10.86328125,
          "write_total_mb": 0.03515625
        },
        "network": {
          "sent_total_mb": 0.0,
          "recv_total_mb": 0.0009765625
        }
      }
    }
  ]
}