{
  "database": "chroma",
  "config": {
    "corpus_path": "Data/test_corpus/corpus_sizes/corpus_1k",
    "test_cases_path": "Data/test_corpus/test_cases.json",
    "output_dir": "results/chroma_scaling_n3/corpus_1k/run_3",
    "chroma_config": {
      "persist_directory": "./vector_stores/chroma_db",
      "collection_name": "benchmark_test"
    },
    "embedding_model": "sentence-transformers/all-MiniLM-L6-v2",
    "embedding_type": "sentence-transformers",
    "chunk_size": 512,
    "chunk_overlap": 50,
    "chunk_strategy": "fixed",
    "top_k_values": [
      1,
      3,
      5,
      10,
      20
    ],
    "batch_size": 100
  },
  "timestamp": "2025-12-22 17:30:37",
  "ingestion": {
    "total_time_sec": 40.1466851234436,
    "num_documents": 1,
    "num_chunks": 5562,
    "parsing_time_sec": 0.008783102035522461,
    "embedding_time_sec": 35.972357988357544,
    "insertion_time_sec": 4.060390949249268
  },
  "query_results": [
    {
      "top_k": 1,
      "num_queries": 10,
      "avg_latency_ms": 55.86874485015869,
      "p50_latency_ms": 52.84881591796875,
      "p95_latency_ms": 121.08182907104492,
      "p99_latency_ms": 121.08182907104492,
      "min_latency_ms": 16.1588191986084,
      "max_latency_ms": 121.08182907104492,
      "queries_per_second": 17.89909550826717,
      "avg_similarity": 0.528162032365799,
      "avg_top1_similarity": 0.528162032365799,
      "min_similarity": 0.528162032365799,
      "recall_at_1": 0.0,
      "precision_at_1": 0.0,
      "mrr": 0.0,
      "resource_metrics": {
        "duration": 0.5017402172088623,
        "cpu": {
          "avg": 9.5,
          "max": 19.0,
          "min": 0.0
        },
        "memory": {
          "avg_mb": 16946.3984375,
          "max_mb": 17400.625,
          "min_mb": 16492.171875
        },
        "disk": {
          "read_total_mb": 29.61328125,
          "write_total_mb": 0.0
        },
        "network": {
          "sent_total_mb": 0.0009765625,
          "recv_total_mb": 0.0
        }
      }
    },
    {
      "top_k": 3,
      "num_queries": 10,
      "avg_latency_ms": 39.870285987854004,
      "p50_latency_ms": 38.90204429626465,
      "p95_latency_ms": 66.22695922851562,
      "p99_latency_ms": 66.22695922851562,
      "min_latency_ms": 20.333051681518555,
      "max_latency_ms": 66.22695922851562,
      "queries_per_second": 25.081335014868912,
      "avg_similarity": 0.5003336071968079,
      "avg_top1_similarity": 0.528162032365799,
      "min_similarity": 0.47697556018829346,
      "recall_at_3": 0.0,
      "precision_at_3": 0.0,
      "mrr": 0.0,
      "resource_metrics": {
        "duration": 0.0,
        "cpu": {
          "avg": 12.0,
          "max": 12.0,
          "min": 12.0
        },
        "memory": {
          "avg_mb": 17143.359375,
          "max_mb": 17143.359375,
          "min_mb": 17143.359375
        },
        "disk": {
          "read_total_mb": 0.0,
          "write_total_mb": 0.0
        },
        "network": {
          "sent_total_mb": 0.0,
          "recv_total_mb": 0.0
        }
      }
    },
    {
      "top_k": 5,
      "num_queries": 10,
      "avg_latency_ms": 42.594146728515625,
      "p50_latency_ms": 43.42079162597656,
      "p95_latency_ms": 67.12865829467773,
      "p99_latency_ms": 67.12865829467773,
      "min_latency_ms": 30.150890350341797,
      "max_latency_ms": 67.12865829467773,
      "queries_per_second": 23.47740421644665,
      "avg_similarity": 0.4829401016235352,
      "avg_top1_similarity": 0.528162032365799,
      "min_similarity": 0.45248005390167234,
      "recall_at_5": 0.0,
      "precision_at_5": 0.0,
      "mrr": 0.0,
      "resource_metrics": {
        "duration": 0.0,
        "cpu": {
          "avg": 14.8,
          "max": 14.8,
          "min": 14.8
        },
        "memory": {
          "avg_mb": 17182.453125,
          "max_mb": 17182.453125,
          "min_mb": 17182.453125
        },
        "disk": {
          "read_total_mb": 0.0,
          "write_total_mb": 0.0
        },
        "network": {
          "sent_total_mb": 0.0,
          "recv_total_mb": 0.0
        }
      }
    },
    {
      "top_k": 10,
      "num_queries": 10,
      "avg_latency_ms": 44.32196617126465,
      "p50_latency_ms": 44.91305351257324,
      "p95_latency_ms": 75.55389404296875,
      "p99_latency_ms": 75.55389404296875,
      "min_latency_ms": 14.00899887084961,
      "max_latency_ms": 75.55389404296875,
      "queries_per_second": 22.5621759679139,
      "avg_similarity": 0.45815172731876375,
      "avg_top1_similarity": 0.528162032365799,
      "min_similarity": 0.42196527123451233,
      "recall_at_10": 0.0,
      "precision_at_10": 0.0,
      "mrr": 0.0,
      "resource_metrics": {
        "duration": 0.0,
        "cpu": {
          "avg": 11.2,
          "max": 11.2,
          "min": 11.2
        },
        "memory": {
          "avg_mb": 17189.578125,
          "max_mb": 17189.578125,
          "min_mb": 17189.578125
        },
        "disk": {
          "read_total_mb": 0.25,
          "write_total_mb": 0.0
        },
        "network": {
          "sent_total_mb": 0.0,
          "recv_total_mb": 0.0
        }
      }
    },
    {
      "top_k": 20,
      "num_queries": 10,
      "avg_latency_ms": 38.569021224975586,
      "p50_latency_ms": 50.45914649963379,
      "p95_latency_ms": 69.98467445373535,
      "p99_latency_ms": 69.98467445373535,
      "min_latency_ms": 6.878852844238281,
      "max_latency_ms": 69.98467445373535,
      "queries_per_second": 25.927544133591972,
      "avg_similarity": 0.42762157887220387,
      "avg_top1_similarity": 0.528162032365799,
      "min_similarity": 0.3825069725513458,
      "recall_at_20": 0.0,
      "precision_at_20": 0.0,
      "mrr": 0.0,
      "resource_metrics": {
        "duration": 0.0,
        "cpu": {
          "avg": 12.8,
          "max": 12.8,
          "min": 12.8
        },
        "memory": {
          "avg_mb": 17063.484375,
          "max_mb": 17063.484375,
          "min_mb": 17063.484375
        },
        "disk": {
          "read_total_mb": 0.0,
          "write_total_mb": 0.0
        },
        "network": {
          "sent_total_mb": 0.0,
          "recv_total_mb": 0.0
        }
      }
    }
  ]
}