{
  "database": "weaviate",
  "config": {
    "corpus_path": "Data/test_corpus/corpus_sizes/corpus_1k",
    "test_cases_path": "Data/test_corpus/test_cases.json",
    "output_dir": "results/weaviate_scaling_n10/corpus_1k/run_5",
    "weaviate_config": {
      "host": "localhost",
      "port": 8082,
      "class_name": "BenchmarkTest"
    },
    "embedding_model": "sentence-transformers/all-MiniLM-L6-v2",
    "embedding_type": "sentence-transformers",
    "chunk_size": 512,
    "chunk_overlap": 50,
    "chunk_strategy": "fixed",
    "top_k_values": [
      1,
      3,
      5,
      10,
      20
    ],
    "batch_size": 100
  },
  "timestamp": "2026-01-10 03:27:00",
  "ingestion": {
    "total_time_sec": 16.248647212982178,
    "num_documents": 1,
    "num_chunks": 5562,
    "parsing_time_sec": 0.09767889976501465,
    "embedding_time_sec": 13.489788055419922,
    "insertion_time_sec": 2.3072502613067627
  },
  "query_results": [
    {
      "top_k": 1,
      "num_queries": 10,
      "avg_latency_ms": 35.03885269165039,
      "p50_latency_ms": 31.150102615356445,
      "p95_latency_ms": 80.92904090881348,
      "p99_latency_ms": 80.92904090881348,
      "min_latency_ms": 10.737180709838867,
      "max_latency_ms": 80.92904090881348,
      "queries_per_second": 28.539747257143947,
      "avg_similarity": 0.5281620919704437,
      "avg_top1_similarity": 0.5281620919704437,
      "min_similarity": 0.5281620919704437,
      "recall_at_1": 0.0,
      "precision_at_1": 0.0,
      "mrr": 0.0,
      "resource_metrics": {
        "duration": 0.0,
        "cpu": {
          "avg": 0.0,
          "max": 0.0,
          "min": 0.0
        },
        "memory": {
          "avg_mb": 11998.3125,
          "max_mb": 11998.3125,
          "min_mb": 11998.3125
        },
        "disk": {
          "read_total_mb": 0.0625,
          "write_total_mb": 0.0
        },
        "network": {
          "sent_total_mb": 0.0,
          "recv_total_mb": 0.0
        }
      }
    },
    {
      "top_k": 3,
      "num_queries": 10,
      "avg_latency_ms": 11.07478141784668,
      "p50_latency_ms": 11.164188385009766,
      "p95_latency_ms": 12.974023818969727,
      "p99_latency_ms": 12.974023818969727,
      "min_latency_ms": 8.936882019042969,
      "max_latency_ms": 12.974023818969727,
      "queries_per_second": 90.29523583991734,
      "avg_similarity": 0.500333595275879,
      "avg_top1_similarity": 0.5281620919704437,
      "min_similarity": 0.4769755721092224,
      "recall_at_3": 0.0,
      "precision_at_3": 0.0,
      "mrr": 0.0,
      "resource_metrics": {
        "duration": 0.0,
        "cpu": {
          "avg": 0.0,
          "max": 0.0,
          "min": 0.0
        },
        "memory": {
          "avg_mb": 12039.3125,
          "max_mb": 12039.3125,
          "min_mb": 12039.3125
        },
        "disk": {
          "read_total_mb": 0.375,
          "write_total_mb": 0.0
        },
        "network": {
          "sent_total_mb": 0.0,
          "recv_total_mb": 0.001953125
        }
      }
    },
    {
      "top_k": 5,
      "num_queries": 10,
      "avg_latency_ms": 11.195921897888184,
      "p50_latency_ms": 11.004924774169922,
      "p95_latency_ms": 15.823841094970703,
      "p99_latency_ms": 15.823841094970703,
      "min_latency_ms": 9.021282196044922,
      "max_latency_ms": 15.823841094970703,
      "queries_per_second": 89.31823650793989,
      "avg_similarity": 0.48294008612632755,
      "avg_top1_similarity": 0.5281620919704437,
      "min_similarity": 0.45248001217842104,
      "recall_at_5": 0.0,
      "precision_at_5": 0.0,
      "mrr": 0.0,
      "resource_metrics": {
        "duration": 0.0,
        "cpu": {
          "avg": 24.4,
          "max": 24.4,
          "min": 24.4
        },
        "memory": {
          "avg_mb": 11784.578125,
          "max_mb": 11784.578125,
          "min_mb": 11784.578125
        },
        "disk": {
          "read_total_mb": 0.0,
          "write_total_mb": 0.0
        },
        "network": {
          "sent_total_mb": 0.0,
          "recv_total_mb": 0.0
        }
      }
    },
    {
      "top_k": 10,
      "num_queries": 10,
      "avg_latency_ms": 11.752772331237793,
      "p50_latency_ms": 11.291265487670898,
      "p95_latency_ms": 16.04294776916504,
      "p99_latency_ms": 16.04294776916504,
      "min_latency_ms": 8.591890335083008,
      "max_latency_ms": 16.04294776916504,
      "queries_per_second": 85.08630745293105,
      "avg_similarity": 0.45815171718597414,
      "avg_top1_similarity": 0.5281620919704437,
      "min_similarity": 0.42196529507637026,
      "recall_at_10": 0.0,
      "precision_at_10": 0.0,
      "mrr": 0.0,
      "resource_metrics": {
        "duration": 0.0,
        "cpu": {
          "avg": 12.7,
          "max": 12.7,
          "min": 12.7
        },
        "memory": {
          "avg_mb": 11788.015625,
          "max_mb": 11788.015625,
          "min_mb": 11788.015625
        },
        "disk": {
          "read_total_mb": 0.0,
          "write_total_mb": 0.0
        },
        "network": {
          "sent_total_mb": 0.0,
          "recv_total_mb": 0.0
        }
      }
    },
    {
      "top_k": 20,
      "num_queries": 10,
      "avg_latency_ms": 10.311102867126465,
      "p50_latency_ms": 10.191679000854492,
      "p95_latency_ms": 14.359235763549805,
      "p99_latency_ms": 14.359235763549805,
      "min_latency_ms": 8.222103118896484,
      "max_latency_ms": 14.359235763549805,
      "queries_per_second": 96.98283616083093,
      "avg_similarity": 0.42762157768011094,
      "avg_top1_similarity": 0.5281620919704437,
      "min_similarity": 0.3825070321559906,
      "recall_at_20": 0.0,
      "precision_at_20": 0.0,
      "mrr": 0.0,
      "resource_metrics": {
        "duration": 0.0,
        "cpu": {
          "avg": 11.9,
          "max": 11.9,
          "min": 11.9
        },
        "memory": {
          "avg_mb": 11349.0,
          "max_mb": 11349.0,
          "min_mb": 11349.0
        },
        "disk": {
          "read_total_mb": 0.0,
          "write_total_mb": 0.0
        },
        "network": {
          "sent_total_mb": 0.0,
          "recv_total_mb": 0.0
        }
      }
    }
  ]
}