{
  "database": "pgvector",
  "config": {
    "corpus_path": "Data/test_corpus/corpus_sizes/corpus_1k",
    "test_cases_path": "Data/test_corpus/test_cases.json",
    "output_dir": "results/pgvector_ivfflat_scaling_n3/corpus_1k/run_1",
    "pgvector_config": {
      "host": "localhost",
      "port": 5433,
      "database": "vectordb",
      "user": "postgres",
      "password": "postgres",
      "table_name": "benchmark_test",
      "index_type": "ivfflat"
    },
    "embedding_model": "sentence-transformers/all-MiniLM-L6-v2",
    "embedding_type": "sentence-transformers",
    "chunk_size": 512,
    "chunk_overlap": 50,
    "chunk_strategy": "fixed",
    "top_k_values": [
      1,
      3,
      5,
      10,
      20
    ],
    "batch_size": 100
  },
  "timestamp": "2026-01-05 13:23:50",
  "ingestion": {
    "total_time_sec": 16.672203063964844,
    "num_documents": 1,
    "num_chunks": 5562,
    "parsing_time_sec": 0.00838613510131836,
    "embedding_time_sec": 13.785052061080933,
    "insertion_time_sec": 2.6205508708953857
  },
  "query_results": [
    {
      "top_k": 1,
      "num_queries": 10,
      "avg_latency_ms": 25.73702335357666,
      "p50_latency_ms": 24.9176025390625,
      "p95_latency_ms": 78.94206047058105,
      "p99_latency_ms": 78.94206047058105,
      "min_latency_ms": 7.750988006591797,
      "max_latency_ms": 78.94206047058105,
      "queries_per_second": 38.854532098057504,
      "avg_similarity": 0.528162035344304,
      "avg_top1_similarity": 0.528162035344304,
      "min_similarity": 0.528162035344304,
      "recall_at_1": 0.0,
      "precision_at_1": 0.0,
      "mrr": 0.0,
      "resource_metrics": {
        "duration": 0.0,
        "cpu": {
          "avg": 0.0,
          "max": 0.0,
          "min": 0.0
        },
        "memory": {
          "avg_mb": 9810.734375,
          "max_mb": 9810.734375,
          "min_mb": 9810.734375
        },
        "disk": {
          "read_total_mb": 0.0,
          "write_total_mb": 0.0
        },
        "network": {
          "sent_total_mb": 0.0,
          "recv_total_mb": 0.0
        }
      }
    },
    {
      "top_k": 3,
      "num_queries": 10,
      "avg_latency_ms": 11.857914924621582,
      "p50_latency_ms": 11.534929275512695,
      "p95_latency_ms": 16.561031341552734,
      "p99_latency_ms": 16.561031341552734,
      "min_latency_ms": 9.238004684448242,
      "max_latency_ms": 16.561031341552734,
      "queries_per_second": 84.33185820245819,
      "avg_similarity": 0.5003335539457303,
      "avg_top1_similarity": 0.528162035344304,
      "min_similarity": 0.4769755557293287,
      "recall_at_3": 0.0,
      "precision_at_3": 0.0,
      "mrr": 0.0,
      "resource_metrics": {
        "duration": 0.0,
        "cpu": {
          "avg": 0.0,
          "max": 0.0,
          "min": 0.0
        },
        "memory": {
          "avg_mb": 10078.765625,
          "max_mb": 10078.765625,
          "min_mb": 10078.765625
        },
        "disk": {
          "read_total_mb": 0.0,
          "write_total_mb": 0.0
        },
        "network": {
          "sent_total_mb": 0.0,
          "recv_total_mb": 0.0
        }
      }
    },
    {
      "top_k": 5,
      "num_queries": 10,
      "avg_latency_ms": 13.390111923217773,
      "p50_latency_ms": 12.995243072509766,
      "p95_latency_ms": 17.178773880004883,
      "p99_latency_ms": 17.178773880004883,
      "min_latency_ms": 12.001752853393555,
      "max_latency_ms": 17.178773880004883,
      "queries_per_second": 74.68197470896796,
      "avg_similarity": 0.4823250399646076,
      "avg_top1_similarity": 0.528162035344304,
      "min_similarity": 0.4517365350243633,
      "recall_at_5": 0.0,
      "precision_at_5": 0.0,
      "mrr": 0.0,
      "resource_metrics": {
        "duration": 0.0,
        "cpu": {
          "avg": 22.0,
          "max": 22.0,
          "min": 22.0
        },
        "memory": {
          "avg_mb": 10241.578125,
          "max_mb": 10241.578125,
          "min_mb": 10241.578125
        },
        "disk": {
          "read_total_mb": 0.0,
          "write_total_mb": 0.0
        },
        "network": {
          "sent_total_mb": 0.0,
          "recv_total_mb": 0.0
        }
      }
    },
    {
      "top_k": 10,
      "num_queries": 10,
      "avg_latency_ms": 12.73040771484375,
      "p50_latency_ms": 12.785911560058594,
      "p95_latency_ms": 19.462108612060547,
      "p99_latency_ms": 19.462108612060547,
      "min_latency_ms": 9.853124618530273,
      "max_latency_ms": 19.462108612060547,
      "queries_per_second": 78.55207958767829,
      "avg_similarity": 0.4575487139276113,
      "avg_top1_similarity": 0.528162035344304,
      "min_similarity": 0.42109974194882793,
      "recall_at_10": 0.0,
      "precision_at_10": 0.0,
      "mrr": 0.0,
      "resource_metrics": {
        "duration": 0.0,
        "cpu": {
          "avg": 18.1,
          "max": 18.1,
          "min": 18.1
        },
        "memory": {
          "avg_mb": 10237.546875,
          "max_mb": 10237.546875,
          "min_mb": 10237.546875
        },
        "disk": {
          "read_total_mb": 0.0,
          "write_total_mb": 0.0
        },
        "network": {
          "sent_total_mb": 0.0,
          "recv_total_mb": 0.0
        }
      }
    },
    {
      "top_k": 20,
      "num_queries": 10,
      "avg_latency_ms": 13.179945945739746,
      "p50_latency_ms": 12.989997863769531,
      "p95_latency_ms": 19.35601234436035,
      "p99_latency_ms": 19.35601234436035,
      "min_latency_ms": 10.661125183105469,
      "max_latency_ms": 19.35601234436035,
      "queries_per_second": 75.87284531491099,
      "avg_similarity": 0.42666444838404755,
      "avg_top1_similarity": 0.528162035344304,
      "min_similarity": 0.3809906163569566,
      "recall_at_20": 0.0,
      "precision_at_20": 0.0,
      "mrr": 0.0,
      "resource_metrics": {
        "duration": 0.0,
        "cpu": {
          "avg": 14.8,
          "max": 14.8,
          "min": 14.8
        },
        "memory": {
          "avg_mb": 10224.140625,
          "max_mb": 10224.140625,
          "min_mb": 10224.140625
        },
        "disk": {
          "read_total_mb": 0.0,
          "write_total_mb": 0.0
        },
        "network": {
          "sent_total_mb": 0.0,
          "recv_total_mb": 0.0
        }
      }
    }
  ]
}