{
  "database": "faiss",
  "config": {
    "corpus_path": "Data/test_corpus/corpus_sizes/corpus_100k",
    "test_cases_path": "Data/test_corpus/test_cases.json",
    "output_dir": "results/faiss_scaling_n10/corpus_100k/run_8",
    "faiss_config": {
      "index_path": "./vector_stores/faiss_index.index",
      "index_type": "Flat"
    },
    "embedding_model": "sentence-transformers/all-MiniLM-L6-v2",
    "embedding_type": "sentence-transformers",
    "chunk_size": 512,
    "chunk_overlap": 50,
    "chunk_strategy": "fixed",
    "top_k_values": [
      1,
      3,
      5,
      10,
      20
    ],
    "batch_size": 100
  },
  "timestamp": "2026-01-07 20:11:21",
  "ingestion": {
    "total_time_sec": 1585.7892718315125,
    "num_documents": 1,
    "num_chunks": 690385,
    "parsing_time_sec": 0.9641220569610596,
    "embedding_time_sec": 1582.5255680084229,
    "insertion_time_sec": 1.2098748683929443
  },
  "query_results": [
    {
      "top_k": 1,
      "num_queries": 10,
      "avg_latency_ms": 58.73425006866455,
      "p50_latency_ms": 41.70703887939453,
      "p95_latency_ms": 264.5909786224365,
      "p99_latency_ms": 264.5909786224365,
      "min_latency_ms": 22.08113670349121,
      "max_latency_ms": 264.5909786224365,
      "queries_per_second": 17.02584095022799,
      "avg_similarity": 0.6014592966477768,
      "avg_top1_similarity": 0.6014592966477768,
      "min_similarity": 0.6014592966477768,
      "recall_at_1": 0.0,
      "precision_at_1": 0.0,
      "mrr": 0.0,
      "resource_metrics": {
        "duration": 0.5106987953186035,
        "cpu": {
          "avg": 6.35,
          "max": 12.7,
          "min": 0.0
        },
        "memory": {
          "avg_mb": 8573.8359375,
          "max_mb": 9200.53125,
          "min_mb": 7947.140625
        },
        "disk": {
          "read_total_mb": 13.37109375,
          "write_total_mb": 0.83203125
        },
        "network": {
          "sent_total_mb": 0.0,
          "recv_total_mb": 0.0009765625
        }
      }
    },
    {
      "top_k": 3,
      "num_queries": 10,
      "avg_latency_ms": 24.543309211730957,
      "p50_latency_ms": 22.78304100036621,
      "p95_latency_ms": 33.20503234863281,
      "p99_latency_ms": 33.20503234863281,
      "min_latency_ms": 22.10211753845215,
      "max_latency_ms": 33.20503234863281,
      "queries_per_second": 40.744301893977294,
      "avg_similarity": 0.5880839677092842,
      "avg_top1_similarity": 0.6014592966477768,
      "min_similarity": 0.5763999587497126,
      "recall_at_3": 0.0,
      "precision_at_3": 0.0,
      "mrr": 0.0,
      "resource_metrics": {
        "duration": 0.0,
        "cpu": {
          "avg": 8.2,
          "max": 8.2,
          "min": 8.2
        },
        "memory": {
          "avg_mb": 9186.25,
          "max_mb": 9186.25,
          "min_mb": 9186.25
        },
        "disk": {
          "read_total_mb": 0.0,
          "write_total_mb": 0.0
        },
        "network": {
          "sent_total_mb": 0.0,
          "recv_total_mb": 0.0
        }
      }
    },
    {
      "top_k": 5,
      "num_queries": 10,
      "avg_latency_ms": 24.88241195678711,
      "p50_latency_ms": 23.028850555419922,
      "p95_latency_ms": 34.25717353820801,
      "p99_latency_ms": 34.25717353820801,
      "min_latency_ms": 22.125959396362305,
      "max_latency_ms": 34.25717353820801,
      "queries_per_second": 40.189029975738855,
      "avg_similarity": 0.5786316529354079,
      "avg_top1_similarity": 0.6014592966477768,
      "min_similarity": 0.5616536535003755,
      "recall_at_5": 0.0,
      "precision_at_5": 0.0,
      "mrr": 0.0,
      "resource_metrics": {
        "duration": 0.0,
        "cpu": {
          "avg": 8.1,
          "max": 8.1,
          "min": 8.1
        },
        "memory": {
          "avg_mb": 9086.109375,
          "max_mb": 9086.109375,
          "min_mb": 9086.109375
        },
        "disk": {
          "read_total_mb": 0.0,
          "write_total_mb": 0.0
        },
        "network": {
          "sent_total_mb": 0.0,
          "recv_total_mb": 0.0
        }
      }
    },
    {
      "top_k": 10,
      "num_queries": 10,
      "avg_latency_ms": 25.35727024078369,
      "p50_latency_ms": 23.00715446472168,
      "p95_latency_ms": 39.247989654541016,
      "p99_latency_ms": 39.247989654541016,
      "min_latency_ms": 22.152185440063477,
      "max_latency_ms": 39.247989654541016,
      "queries_per_second": 39.43642160628304,
      "avg_similarity": 0.5642000179488362,
      "avg_top1_similarity": 0.6014592966477768,
      "min_similarity": 0.5432653825490932,
      "recall_at_10": 0.0,
      "precision_at_10": 0.0,
      "mrr": 0.0,
      "resource_metrics": {
        "duration": 0.0,
        "cpu": {
          "avg": 0.0,
          "max": 0.0,
          "min": 0.0
        },
        "memory": {
          "avg_mb": 9151.484375,
          "max_mb": 9151.484375,
          "min_mb": 9151.484375
        },
        "disk": {
          "read_total_mb": 0.0,
          "write_total_mb": 0.0
        },
        "network": {
          "sent_total_mb": 0.0,
          "recv_total_mb": 0.0
        }
      }
    },
    {
      "top_k": 20,
      "num_queries": 10,
      "avg_latency_ms": 25.84707736968994,
      "p50_latency_ms": 23.39482307434082,
      "p95_latency_ms": 42.71841049194336,
      "p99_latency_ms": 42.71841049194336,
      "min_latency_ms": 22.150754928588867,
      "max_latency_ms": 42.71841049194336,
      "queries_per_second": 38.68909376859253,
      "avg_similarity": 0.5481090643900877,
      "avg_top1_similarity": 0.6014592966477768,
      "min_similarity": 0.5244727539443104,
      "recall_at_20": 0.0,
      "precision_at_20": 0.0,
      "mrr": 0.0,
      "resource_metrics": {
        "duration": 0.0,
        "cpu": {
          "avg": 7.7,
          "max": 7.7,
          "min": 7.7
        },
        "memory": {
          "avg_mb": 9152.734375,
          "max_mb": 9152.734375,
          "min_mb": 9152.734375
        },
        "disk": {
          "read_total_mb": 0.0,
          "write_total_mb": 0.0
        },
        "network": {
          "sent_total_mb": 0.0,
          "recv_total_mb": 0.0
        }
      }
    }
  ]
}