{
  "database": "faiss",
  "config": {
    "corpus_path": "Data/test_corpus/corpus_sizes/corpus_10k",
    "test_cases_path": "Data/test_corpus/test_cases.json",
    "output_dir": "results/faiss_scaling_experiment/corpus_10k",
    "faiss_config": {
      "index_path": "./vector_stores/faiss_index.index",
      "index_type": "Flat"
    },
    "embedding_model": "sentence-transformers/all-MiniLM-L6-v2",
    "embedding_type": "sentence-transformers",
    "chunk_size": 512,
    "chunk_overlap": 50,
    "chunk_strategy": "fixed",
    "top_k_values": [
      1,
      3,
      5,
      10,
      20
    ],
    "batch_size": 100
  },
  "timestamp": "2025-12-16 08:59:27",
  "ingestion": {
    "total_time_sec": 171.83435797691345,
    "num_documents": 1,
    "num_chunks": 69903,
    "parsing_time_sec": 0.12657523155212402,
    "embedding_time_sec": 171.3392629623413,
    "insertion_time_sec": 0.1893167495727539
  },
  "query_results": [
    {
      "top_k": 1,
      "num_queries": 10,
      "avg_latency_ms": 24.54502582550049,
      "p50_latency_ms": 25.73704719543457,
      "p95_latency_ms": 49.13735389709473,
      "p99_latency_ms": 49.13735389709473,
      "min_latency_ms": 9.047985076904297,
      "max_latency_ms": 49.13735389709473,
      "queries_per_second": 40.74145234596058,
      "avg_similarity": 0.5581660055095653,
      "avg_top1_similarity": 0.5581660055095653,
      "min_similarity": 0.5581660055095653,
      "recall_at_1": 0.0,
      "precision_at_1": 0.0,
      "mrr": 0.0,
      "resource_metrics": {
        "duration": 0.0,
        "cpu": {
          "avg": 0.0,
          "max": 0.0,
          "min": 0.0
        },
        "memory": {
          "avg_mb": 11550.703125,
          "max_mb": 11550.703125,
          "min_mb": 11550.703125
        },
        "disk": {
          "read_total_mb": 0.0,
          "write_total_mb": 0.0
        },
        "network": {
          "sent_total_mb": 0.0,
          "recv_total_mb": 0.0
        }
      }
    },
    {
      "top_k": 3,
      "num_queries": 10,
      "avg_latency_ms": 12.584924697875977,
      "p50_latency_ms": 11.354684829711914,
      "p95_latency_ms": 17.510175704956055,
      "p99_latency_ms": 17.510175704956055,
      "min_latency_ms": 9.641885757446289,
      "max_latency_ms": 17.510175704956055,
      "queries_per_second": 79.46014966373022,
      "avg_similarity": 0.541706624168814,
      "avg_top1_similarity": 0.5581660055095653,
      "min_similarity": 0.5291392686176649,
      "recall_at_3": 0.0,
      "precision_at_3": 0.0,
      "mrr": 0.0,
      "resource_metrics": {
        "duration": 0.0,
        "cpu": {
          "avg": 17.3,
          "max": 17.3,
          "min": 17.3
        },
        "memory": {
          "avg_mb": 10777.578125,
          "max_mb": 10777.578125,
          "min_mb": 10777.578125
        },
        "disk": {
          "read_total_mb": 0.0,
          "write_total_mb": 0.0
        },
        "network": {
          "sent_total_mb": 0.0,
          "recv_total_mb": 0.0
        }
      }
    },
    {
      "top_k": 5,
      "num_queries": 10,
      "avg_latency_ms": 12.758851051330566,
      "p50_latency_ms": 13.10586929321289,
      "p95_latency_ms": 17.027854919433594,
      "p99_latency_ms": 17.027854919433594,
      "min_latency_ms": 8.772850036621094,
      "max_latency_ms": 17.027854919433594,
      "queries_per_second": 78.37696325295013,
      "avg_similarity": 0.5330032980995693,
      "avg_top1_similarity": 0.5581660055095653,
      "min_similarity": 0.5176948310628566,
      "recall_at_5": 0.0,
      "precision_at_5": 0.0,
      "mrr": 0.0,
      "resource_metrics": {
        "duration": 0.0,
        "cpu": {
          "avg": 17.1,
          "max": 17.1,
          "min": 17.1
        },
        "memory": {
          "avg_mb": 10124.953125,
          "max_mb": 10124.953125,
          "min_mb": 10124.953125
        },
        "disk": {
          "read_total_mb": 0.0,
          "write_total_mb": 0.0
        },
        "network": {
          "sent_total_mb": 0.0,
          "recv_total_mb": 0.0
        }
      }
    },
    {
      "top_k": 10,
      "num_queries": 10,
      "avg_latency_ms": 12.182140350341797,
      "p50_latency_ms": 12.563943862915039,
      "p95_latency_ms": 16.754865646362305,
      "p99_latency_ms": 16.754865646362305,
      "min_latency_ms": 9.001016616821289,
      "max_latency_ms": 16.754865646362305,
      "queries_per_second": 82.08738130093394,
      "avg_similarity": 0.5193785008576619,
      "avg_top1_similarity": 0.5581660055095653,
      "min_similarity": 0.4993554378505681,
      "recall_at_10": 0.0,
      "precision_at_10": 0.0,
      "mrr": 0.0,
      "resource_metrics": {
        "duration": 0.0,
        "cpu": {
          "avg": 15.0,
          "max": 15.0,
          "min": 15.0
        },
        "memory": {
          "avg_mb": 10129.71875,
          "max_mb": 10129.71875,
          "min_mb": 10129.71875
        },
        "disk": {
          "read_total_mb": 0.0,
          "write_total_mb": 0.0
        },
        "network": {
          "sent_total_mb": 0.0,
          "recv_total_mb": 0.0
        }
      }
    },
    {
      "top_k": 20,
      "num_queries": 10,
      "avg_latency_ms": 13.048672676086426,
      "p50_latency_ms": 13.899087905883789,
      "p95_latency_ms": 16.41702651977539,
      "p99_latency_ms": 16.41702651977539,
      "min_latency_ms": 9.613037109375,
      "max_latency_ms": 16.41702651977539,
      "queries_per_second": 76.63614720236214,
      "avg_similarity": 0.5042849702899981,
      "avg_top1_similarity": 0.5581660055095653,
      "min_similarity": 0.48320295502314875,
      "recall_at_20": 0.0,
      "precision_at_20": 0.0,
      "mrr": 0.0,
      "resource_metrics": {
        "duration": 0.0,
        "cpu": {
          "avg": 18.1,
          "max": 18.1,
          "min": 18.1
        },
        "memory": {
          "avg_mb": 10177.015625,
          "max_mb": 10177.015625,
          "min_mb": 10177.015625
        },
        "disk": {
          "read_total_mb": 0.0,
          "write_total_mb": 0.0
        },
        "network": {
          "sent_total_mb": 0.0,
          "recv_total_mb": 0.0
        }
      }
    }
  ]
}