{
  "database": "qdrant",
  "config": {
    "corpus_path": "Data/test_corpus/corpus_sizes/corpus_50k",
    "test_cases_path": "Data/test_corpus/test_cases.json",
    "output_dir": "results/qdrant_scaling_n10/corpus_50k/run_10",
    "qdrant_config": {
      "host": "localhost",
      "port": 6333,
      "collection_name": "benchmark_test"
    },
    "embedding_model": "sentence-transformers/all-MiniLM-L6-v2",
    "embedding_type": "sentence-transformers",
    "chunk_size": 512,
    "chunk_overlap": 50,
    "chunk_strategy": "fixed",
    "top_k_values": [
      1,
      3,
      5,
      10,
      20
    ],
    "batch_size": 100
  },
  "timestamp": "2026-01-10 03:02:32",
  "ingestion": {
    "total_time_sec": 910.3322279453278,
    "num_documents": 1,
    "num_chunks": 345046,
    "parsing_time_sec": 0.6316699981689453,
    "embedding_time_sec": 808.0711030960083,
    "insertion_time_sec": 98.21904683113098
  },
  "query_results": [
    {
      "top_k": 1,
      "num_queries": 10,
      "avg_latency_ms": 286.56065464019775,
      "p50_latency_ms": 36.032915115356445,
      "p95_latency_ms": 2596.217155456543,
      "p99_latency_ms": 2596.217155456543,
      "min_latency_ms": 11.683225631713867,
      "max_latency_ms": 2596.217155456543,
      "queries_per_second": 3.4896626030380493,
      "avg_similarity": 0.660913883,
      "avg_top1_similarity": 0.660913883,
      "min_similarity": 0.660913883,
      "recall_at_1": 0.0,
      "precision_at_1": 0.0,
      "mrr": 0.0,
      "resource_metrics": {
        "duration": 2.539299249649048,
        "cpu": {
          "avg": 21.55,
          "max": 24.8,
          "min": 18.8
        },
        "memory": {
          "avg_mb": 9494.4140625,
          "max_mb": 10158.375,
          "min_mb": 8808.0625
        },
        "disk": {
          "read_total_mb": 1217.578125,
          "write_total_mb": 329.1171875
        },
        "network": {
          "sent_total_mb": 0.0126953125,
          "recv_total_mb": 0.0224609375
        }
      }
    },
    {
      "top_k": 3,
      "num_queries": 10,
      "avg_latency_ms": 10.872936248779297,
      "p50_latency_ms": 10.83230972290039,
      "p95_latency_ms": 13.713836669921875,
      "p99_latency_ms": 13.713836669921875,
      "min_latency_ms": 9.170055389404297,
      "max_latency_ms": 13.713836669921875,
      "queries_per_second": 91.9714764364842,
      "avg_similarity": 0.6381453456666666,
      "avg_top1_similarity": 0.660913883,
      "min_similarity": 0.617429094,
      "recall_at_3": 0.0,
      "precision_at_3": 0.0,
      "mrr": 0.0,
      "resource_metrics": {
        "duration": 0.0,
        "cpu": {
          "avg": 26.7,
          "max": 26.7,
          "min": 26.7
        },
        "memory": {
          "avg_mb": 10274.609375,
          "max_mb": 10274.609375,
          "min_mb": 10274.609375
        },
        "disk": {
          "read_total_mb": 0.0,
          "write_total_mb": 0.0
        },
        "network": {
          "sent_total_mb": 0.0,
          "recv_total_mb": 0.0
        }
      }
    },
    {
      "top_k": 5,
      "num_queries": 10,
      "avg_latency_ms": 12.71200180053711,
      "p50_latency_ms": 12.484312057495117,
      "p95_latency_ms": 15.514135360717773,
      "p99_latency_ms": 15.514135360717773,
      "min_latency_ms": 11.160612106323242,
      "max_latency_ms": 15.514135360717773,
      "queries_per_second": 78.66581642222138,
      "avg_similarity": 0.6227200552000001,
      "avg_top1_similarity": 0.660913883,
      "min_similarity": 0.595962745,
      "recall_at_5": 0.0,
      "precision_at_5": 0.0,
      "mrr": 0.0,
      "resource_metrics": {
        "duration": 0.0,
        "cpu": {
          "avg": 19.3,
          "max": 19.3,
          "min": 19.3
        },
        "memory": {
          "avg_mb": 10292.78125,
          "max_mb": 10292.78125,
          "min_mb": 10292.78125
        },
        "disk": {
          "read_total_mb": 0.0,
          "write_total_mb": 0.0
        },
        "network": {
          "sent_total_mb": 0.0,
          "recv_total_mb": 0.0
        }
      }
    },
    {
      "top_k": 10,
      "num_queries": 10,
      "avg_latency_ms": 15.266752243041992,
      "p50_latency_ms": 15.534162521362305,
      "p95_latency_ms": 19.60587501525879,
      "p99_latency_ms": 19.60587501525879,
      "min_latency_ms": 12.376785278320312,
      "max_latency_ms": 19.60587501525879,
      "queries_per_second": 65.50181623964993,
      "avg_similarity": 0.5995994688,
      "avg_top1_similarity": 0.660913883,
      "min_similarity": 0.5663065460000001,
      "recall_at_10": 0.0,
      "precision_at_10": 0.0,
      "mrr": 0.0,
      "resource_metrics": {
        "duration": 0.0,
        "cpu": {
          "avg": 23.4,
          "max": 23.4,
          "min": 23.4
        },
        "memory": {
          "avg_mb": 10303.28125,
          "max_mb": 10303.28125,
          "min_mb": 10303.28125
        },
        "disk": {
          "read_total_mb": 0.0,
          "write_total_mb": 0.0
        },
        "network": {
          "sent_total_mb": 0.0,
          "recv_total_mb": 0.0
        }
      }
    },
    {
      "top_k": 20,
      "num_queries": 10,
      "avg_latency_ms": 12.547755241394043,
      "p50_latency_ms": 12.479066848754883,
      "p95_latency_ms": 15.048980712890625,
      "p99_latency_ms": 15.048980712890625,
      "min_latency_ms": 10.189056396484375,
      "max_latency_ms": 15.048980712890625,
      "queries_per_second": 79.69552965944696,
      "avg_similarity": 0.5704182843,
      "avg_top1_similarity": 0.660913883,
      "min_similarity": 0.527518775,
      "recall_at_20": 0.0,
      "precision_at_20": 0.0,
      "mrr": 0.0,
      "resource_metrics": {
        "duration": 0.0,
        "cpu": {
          "avg": 19.7,
          "max": 19.7,
          "min": 19.7
        },
        "memory": {
          "avg_mb": 10311.9375,
          "max_mb": 10311.9375,
          "min_mb": 10311.9375
        },
        "disk": {
          "read_total_mb": 0.0,
          "write_total_mb": 0.0
        },
        "network": {
          "sent_total_mb": 0.0,
          "recv_total_mb": 0.0
        }
      }
    }
  ]
}