{
  "database": "faiss",
  "config": {
    "corpus_path": "Data/test_corpus/corpus_sizes/corpus_1m",
    "test_cases_path": "Data/test_corpus/test_cases.json",
    "output_dir": "results/faiss_scaling_n10/corpus_1m/run_5",
    "faiss_config": {
      "index_path": "./vector_stores/faiss_index.index",
      "index_type": "Flat"
    },
    "embedding_model": "sentence-transformers/all-MiniLM-L6-v2",
    "embedding_type": "sentence-transformers",
    "chunk_size": 512,
    "chunk_overlap": 50,
    "chunk_strategy": "fixed",
    "top_k_values": [
      1,
      3,
      5,
      10,
      20
    ],
    "batch_size": 100
  },
  "timestamp": "2026-01-08 00:20:26",
  "ingestion": {
    "total_time_sec": 5199.645310878754,
    "num_documents": 1,
    "num_chunks": 2249072,
    "parsing_time_sec": 3.165372133255005,
    "embedding_time_sec": 5182.385560035706,
    "insertion_time_sec": 4.809789180755615
  },
  "query_results": [
    {
      "top_k": 1,
      "num_queries": 10,
      "avg_latency_ms": 602.9522895812988,
      "p50_latency_ms": 77.56280899047852,
      "p95_latency_ms": 5384.685039520264,
      "p99_latency_ms": 5384.685039520264,
      "min_latency_ms": 55.73701858520508,
      "max_latency_ms": 5384.685039520264,
      "queries_per_second": 1.658506016611063,
      "avg_similarity": 0.6081104759530154,
      "avg_top1_similarity": 0.6081104759530154,
      "min_similarity": 0.6081104759530154,
      "recall_at_1": 0.0,
      "precision_at_1": 0.0,
      "mrr": 0.0,
      "resource_metrics": {
        "duration": 5.599405765533447,
        "cpu": {
          "avg": 12.133333333333333,
          "max": 24.5,
          "min": 0.0
        },
        "memory": {
          "avg_mb": 9038.358072916666,
          "max_mb": 10528.6875,
          "min_mb": 8385.78125
        },
        "disk": {
          "read_total_mb": 1226.109375,
          "write_total_mb": 122.3515625
        },
        "network": {
          "sent_total_mb": 0.0107421875,
          "recv_total_mb": 0.01953125
        }
      }
    },
    {
      "top_k": 3,
      "num_queries": 10,
      "avg_latency_ms": 57.58044719696045,
      "p50_latency_ms": 56.38933181762695,
      "p95_latency_ms": 64.19610977172852,
      "p99_latency_ms": 64.19610977172852,
      "min_latency_ms": 55.44090270996094,
      "max_latency_ms": 64.19610977172852,
      "queries_per_second": 17.367006487104668,
      "avg_similarity": 0.5970919434566881,
      "avg_top1_similarity": 0.6081104759530154,
      "min_similarity": 0.5869038129129002,
      "recall_at_3": 0.0,
      "precision_at_3": 0.0,
      "mrr": 0.0,
      "resource_metrics": {
        "duration": 0.5021708011627197,
        "cpu": {
          "avg": 12.0,
          "max": 13.9,
          "min": 10.1
        },
        "memory": {
          "avg_mb": 10586.4453125,
          "max_mb": 10620.90625,
          "min_mb": 10551.984375
        },
        "disk": {
          "read_total_mb": 4.3125,
          "write_total_mb": 0.21875
        },
        "network": {
          "sent_total_mb": 0.0087890625,
          "recv_total_mb": 0.0087890625
        }
      }
    },
    {
      "top_k": 5,
      "num_queries": 10,
      "avg_latency_ms": 59.838032722473145,
      "p50_latency_ms": 58.52222442626953,
      "p95_latency_ms": 76.90691947937012,
      "p99_latency_ms": 76.90691947937012,
      "min_latency_ms": 55.335044860839844,
      "max_latency_ms": 76.90691947937012,
      "queries_per_second": 16.711779356750707,
      "avg_similarity": 0.589569724902797,
      "avg_top1_similarity": 0.6081104759530154,
      "min_similarity": 0.5767552424979981,
      "recall_at_5": 0.0,
      "precision_at_5": 0.0,
      "mrr": 0.0,
      "resource_metrics": {
        "duration": 0.5107500553131104,
        "cpu": {
          "avg": 11.8,
          "max": 13.8,
          "min": 9.8
        },
        "memory": {
          "avg_mb": 10516.1640625,
          "max_mb": 10583.296875,
          "min_mb": 10449.03125
        },
        "disk": {
          "read_total_mb": 34.765625,
          "write_total_mb": 0.0
        },
        "network": {
          "sent_total_mb": 0.0068359375,
          "recv_total_mb": 0.0107421875
        }
      }
    },
    {
      "top_k": 10,
      "num_queries": 10,
      "avg_latency_ms": 58.46061706542969,
      "p50_latency_ms": 56.806087493896484,
      "p95_latency_ms": 75.3788948059082,
      "p99_latency_ms": 75.3788948059082,
      "min_latency_ms": 55.60803413391113,
      "max_latency_ms": 75.3788948059082,
      "queries_per_second": 17.105532753456746,
      "avg_similarity": 0.5771787789131821,
      "avg_top1_similarity": 0.6081104759530154,
      "min_similarity": 0.5588513399533241,
      "recall_at_10": 0.0,
      "precision_at_10": 0.0,
      "mrr": 0.0,
      "resource_metrics": {
        "duration": 0.507498025894165,
        "cpu": {
          "avg": 9.5,
          "max": 13.4,
          "min": 5.6
        },
        "memory": {
          "avg_mb": 10449.9140625,
          "max_mb": 10483.4375,
          "min_mb": 10416.390625
        },
        "disk": {
          "read_total_mb": 10.2421875,
          "write_total_mb": 0.0625
        },
        "network": {
          "sent_total_mb": 0.0009765625,
          "recv_total_mb": 0.0068359375
        }
      }
    },
    {
      "top_k": 20,
      "num_queries": 10,
      "avg_latency_ms": 59.03217792510986,
      "p50_latency_ms": 56.507110595703125,
      "p95_latency_ms": 84.49578285217285,
      "p99_latency_ms": 84.49578285217285,
      "min_latency_ms": 55.52792549133301,
      "max_latency_ms": 84.49578285217285,
      "queries_per_second": 16.939913707209524,
      "avg_similarity": 0.5616581162708834,
      "avg_top1_similarity": 0.6081104759530154,
      "min_similarity": 0.5375578751597476,
      "recall_at_20": 0.0,
      "precision_at_20": 0.0,
      "mrr": 0.0,
      "resource_metrics": {
        "duration": 0.5107710361480713,
        "cpu": {
          "avg": 12.350000000000001,
          "max": 12.8,
          "min": 11.9
        },
        "memory": {
          "avg_mb": 10379.3203125,
          "max_mb": 10440.84375,
          "min_mb": 10317.796875
        },
        "disk": {
          "read_total_mb": 16.23046875,
          "write_total_mb": 1.390625
        },
        "network": {
          "sent_total_mb": 0.0,
          "recv_total_mb": 0.0009765625
        }
      }
    }
  ]
}