{
  "database": "faiss",
  "config": {
    "corpus_path": "Data/test_corpus/documents",
    "test_cases_path": "Data/test_corpus/test_cases.json",
    "output_dir": "results/faiss_scaling_n10/corpus_baseline/run_6",
    "faiss_config": {
      "index_path": "./vector_stores/faiss_index.index",
      "index_type": "Flat"
    },
    "embedding_model": "sentence-transformers/all-MiniLM-L6-v2",
    "embedding_type": "sentence-transformers",
    "chunk_size": 512,
    "chunk_overlap": 50,
    "chunk_strategy": "fixed",
    "top_k_values": [
      1,
      3,
      5,
      10,
      20
    ],
    "batch_size": 100
  },
  "timestamp": "2026-01-09 04:16:57",
  "ingestion": {
    "total_time_sec": 0.5029041767120361,
    "num_documents": 20,
    "num_chunks": 175,
    "parsing_time_sec": 0.00015306472778320312,
    "embedding_time_sec": 0.2965052127838135,
    "insertion_time_sec": 0.00012183189392089844
  },
  "query_results": [
    {
      "top_k": 1,
      "num_queries": 10,
      "avg_latency_ms": 19.918155670166016,
      "p50_latency_ms": 20.228862762451172,
      "p95_latency_ms": 55.771827697753906,
      "p99_latency_ms": 55.771827697753906,
      "min_latency_ms": 5.048990249633789,
      "max_latency_ms": 55.771827697753906,
      "queries_per_second": 50.20545157691626,
      "avg_similarity": 0.6558685830481964,
      "avg_top1_similarity": 0.6558685830481964,
      "min_similarity": 0.6558685830481964,
      "recall_at_1": 0.0,
      "precision_at_1": 0.0,
      "mrr": 0.0,
      "resource_metrics": {
        "duration": 0.0,
        "cpu": {
          "avg": 0.0,
          "max": 0.0,
          "min": 0.0
        },
        "memory": {
          "avg_mb": 8470.21875,
          "max_mb": 8470.21875,
          "min_mb": 8470.21875
        },
        "disk": {
          "read_total_mb": 0.0,
          "write_total_mb": 0.0
        },
        "network": {
          "sent_total_mb": 0.0,
          "recv_total_mb": 0.0
        }
      }
    },
    {
      "top_k": 3,
      "num_queries": 10,
      "avg_latency_ms": 8.409476280212402,
      "p50_latency_ms": 8.38923454284668,
      "p95_latency_ms": 12.68911361694336,
      "p99_latency_ms": 12.68911361694336,
      "min_latency_ms": 6.499052047729492,
      "max_latency_ms": 12.68911361694336,
      "queries_per_second": 118.9134693622969,
      "avg_similarity": 0.6207565974181617,
      "avg_top1_similarity": 0.6558685830481964,
      "min_similarity": 0.5930177544379064,
      "recall_at_3": 0.0,
      "precision_at_3": 0.0,
      "mrr": 0.0,
      "resource_metrics": {
        "duration": 0.0,
        "cpu": {
          "avg": 8.2,
          "max": 8.2,
          "min": 8.2
        },
        "memory": {
          "avg_mb": 8515.71875,
          "max_mb": 8515.71875,
          "min_mb": 8515.71875
        },
        "disk": {
          "read_total_mb": 0.1484375,
          "write_total_mb": 0.125
        },
        "network": {
          "sent_total_mb": 0.0,
          "recv_total_mb": 0.0
        }
      }
    },
    {
      "top_k": 5,
      "num_queries": 10,
      "avg_latency_ms": 9.652066230773926,
      "p50_latency_ms": 9.147882461547852,
      "p95_latency_ms": 13.437747955322266,
      "p99_latency_ms": 13.437747955322266,
      "min_latency_ms": 8.153915405273438,
      "max_latency_ms": 13.437747955322266,
      "queries_per_second": 103.60475944639448,
      "avg_similarity": 0.6046052149619034,
      "avg_top1_similarity": 0.6558685830481964,
      "min_similarity": 0.574238389256997,
      "recall_at_5": 0.0,
      "precision_at_5": 0.0,
      "mrr": 0.0,
      "resource_metrics": {
        "duration": 0.0,
        "cpu": {
          "avg": 6.1,
          "max": 6.1,
          "min": 6.1
        },
        "memory": {
          "avg_mb": 8484.234375,
          "max_mb": 8484.234375,
          "min_mb": 8484.234375
        },
        "disk": {
          "read_total_mb": 0.0,
          "write_total_mb": 0.0
        },
        "network": {
          "sent_total_mb": 0.0,
          "recv_total_mb": 0.0
        }
      }
    },
    {
      "top_k": 10,
      "num_queries": 10,
      "avg_latency_ms": 8.60898494720459,
      "p50_latency_ms": 8.323907852172852,
      "p95_latency_ms": 10.601997375488281,
      "p99_latency_ms": 10.601997375488281,
      "min_latency_ms": 7.3261260986328125,
      "max_latency_ms": 10.601997375488281,
      "queries_per_second": 116.15771268420076,
      "avg_similarity": 0.5790956195186044,
      "avg_top1_similarity": 0.6558685830481964,
      "min_similarity": 0.5425923134499462,
      "recall_at_10": 0.0,
      "precision_at_10": 0.0,
      "mrr": 0.0,
      "resource_metrics": {
        "duration": 0.0,
        "cpu": {
          "avg": 5.9,
          "max": 5.9,
          "min": 5.9
        },
        "memory": {
          "avg_mb": 8388.625,
          "max_mb": 8388.625,
          "min_mb": 8388.625
        },
        "disk": {
          "read_total_mb": 0.0,
          "write_total_mb": 0.0
        },
        "network": {
          "sent_total_mb": 0.0,
          "recv_total_mb": 0.0
        }
      }
    },
    {
      "top_k": 20,
      "num_queries": 10,
      "avg_latency_ms": 9.175682067871094,
      "p50_latency_ms": 9.458780288696289,
      "p95_latency_ms": 13.158082962036133,
      "p99_latency_ms": 13.158082962036133,
      "min_latency_ms": 7.293939590454102,
      "max_latency_ms": 13.158082962036133,
      "queries_per_second": 108.98372378240173,
      "avg_similarity": 0.5453628752030946,
      "avg_top1_similarity": 0.6558685830481964,
      "min_similarity": 0.4985174671610725,
      "recall_at_20": 0.0,
      "precision_at_20": 0.0,
      "mrr": 0.0,
      "resource_metrics": {
        "duration": 0.0,
        "cpu": {
          "avg": 5.9,
          "max": 5.9,
          "min": 5.9
        },
        "memory": {
          "avg_mb": 8414.9375,
          "max_mb": 8414.9375,
          "min_mb": 8414.9375
        },
        "disk": {
          "read_total_mb": 0.0,
          "write_total_mb": 0.0
        },
        "network": {
          "sent_total_mb": 0.0,
          "recv_total_mb": 0.0
        }
      }
    }
  ]
}