{
  "database": "weaviate",
  "config": {
    "corpus_path": "Data/test_corpus/documents",
    "test_cases_path": "Data/test_corpus/test_cases.json",
    "output_dir": "results/weaviate_scaling_n3/corpus_baseline/run_2",
    "weaviate_config": {
      "host": "localhost",
      "port": 8082,
      "class_name": "BenchmarkTest"
    },
    "embedding_model": "sentence-transformers/all-MiniLM-L6-v2",
    "embedding_type": "sentence-transformers",
    "chunk_size": 512,
    "chunk_overlap": 50,
    "chunk_strategy": "fixed",
    "top_k_values": [
      1,
      3,
      5,
      10,
      20
    ],
    "batch_size": 100
  },
  "timestamp": "2025-12-22 17:53:26",
  "ingestion": {
    "total_time_sec": 2.0276639461517334,
    "num_documents": 20,
    "num_chunks": 175,
    "parsing_time_sec": 0.0006091594696044922,
    "embedding_time_sec": 0.7489666938781738,
    "insertion_time_sec": 1.2385621070861816
  },
  "query_results": [
    {
      "top_k": 1,
      "num_queries": 10,
      "avg_latency_ms": 49.234676361083984,
      "p50_latency_ms": 51.537275314331055,
      "p95_latency_ms": 145.68710327148438,
      "p99_latency_ms": 145.68710327148438,
      "min_latency_ms": 6.001949310302734,
      "max_latency_ms": 145.68710327148438,
      "queries_per_second": 20.310888055119193,
      "avg_similarity": 0.7316955387592315,
      "avg_top1_similarity": 0.7316955387592315,
      "min_similarity": 0.7316955387592315,
      "recall_at_1": 0.0,
      "precision_at_1": 0.0,
      "mrr": 0.0,
      "resource_metrics": {
        "duration": 0.0,
        "cpu": {
          "avg": 37.3,
          "max": 37.3,
          "min": 37.3
        },
        "memory": {
          "avg_mb": 11761.828125,
          "max_mb": 11761.828125,
          "min_mb": 11761.828125
        },
        "disk": {
          "read_total_mb": 0.0,
          "write_total_mb": 0.0
        },
        "network": {
          "sent_total_mb": 0.0,
          "recv_total_mb": 0.0
        }
      }
    },
    {
      "top_k": 3,
      "num_queries": 10,
      "avg_latency_ms": 19.84124183654785,
      "p50_latency_ms": 19.77705955505371,
      "p95_latency_ms": 38.16699981689453,
      "p99_latency_ms": 38.16699981689453,
      "min_latency_ms": 7.232904434204102,
      "max_latency_ms": 38.16699981689453,
      "queries_per_second": 50.400071136575015,
      "avg_similarity": 0.6881673514842988,
      "avg_top1_similarity": 0.7316955387592315,
      "min_similarity": 0.6527655124664307,
      "recall_at_3": 0.0,
      "precision_at_3": 0.0,
      "mrr": 0.0,
      "resource_metrics": {
        "duration": 0.0,
        "cpu": {
          "avg": 29.2,
          "max": 29.2,
          "min": 29.2
        },
        "memory": {
          "avg_mb": 11799.390625,
          "max_mb": 11799.390625,
          "min_mb": 11799.390625
        },
        "disk": {
          "read_total_mb": 0.0625,
          "write_total_mb": 0.0625
        },
        "network": {
          "sent_total_mb": 0.0,
          "recv_total_mb": 0.0
        }
      }
    },
    {
      "top_k": 5,
      "num_queries": 10,
      "avg_latency_ms": 18.970251083374023,
      "p50_latency_ms": 18.402814865112305,
      "p95_latency_ms": 44.502973556518555,
      "p99_latency_ms": 44.502973556518555,
      "min_latency_ms": 6.435871124267578,
      "max_latency_ms": 44.502973556518555,
      "queries_per_second": 52.71411514823985,
      "avg_similarity": 0.6663784754276275,
      "avg_top1_similarity": 0.7316955387592315,
      "min_similarity": 0.6243872761726379,
      "recall_at_5": 0.0,
      "precision_at_5": 0.0,
      "mrr": 0.0,
      "resource_metrics": {
        "duration": 0.0,
        "cpu": {
          "avg": 31.6,
          "max": 31.6,
          "min": 31.6
        },
        "memory": {
          "avg_mb": 12023.109375,
          "max_mb": 12023.109375,
          "min_mb": 12023.109375
        },
        "disk": {
          "read_total_mb": 0.125,
          "write_total_mb": 0.0625
        },
        "network": {
          "sent_total_mb": 0.0,
          "recv_total_mb": 0.0
        }
      }
    },
    {
      "top_k": 10,
      "num_queries": 10,
      "avg_latency_ms": 20.539093017578125,
      "p50_latency_ms": 22.39203453063965,
      "p95_latency_ms": 39.68095779418945,
      "p99_latency_ms": 39.68095779418945,
      "min_latency_ms": 7.039070129394531,
      "max_latency_ms": 39.68095779418945,
      "queries_per_second": 48.68764161806768,
      "avg_similarity": 0.6292959743738173,
      "avg_top1_similarity": 0.7316955387592315,
      "min_similarity": 0.573929762840271,
      "recall_at_10": 0.0,
      "precision_at_10": 0.0,
      "mrr": 0.0,
      "resource_metrics": {
        "duration": 0.0,
        "cpu": {
          "avg": 34.1,
          "max": 34.1,
          "min": 34.1
        },
        "memory": {
          "avg_mb": 11674.75,
          "max_mb": 11674.75,
          "min_mb": 11674.75
        },
        "disk": {
          "read_total_mb": 0.25,
          "write_total_mb": 0.12890625
        },
        "network": {
          "sent_total_mb": 0.0,
          "recv_total_mb": 0.0
        }
      }
    },
    {
      "top_k": 20,
      "num_queries": 10,
      "avg_latency_ms": 31.257963180541992,
      "p50_latency_ms": 25.689125061035156,
      "p95_latency_ms": 59.25607681274414,
      "p99_latency_ms": 59.25607681274414,
      "min_latency_ms": 11.333942413330078,
      "max_latency_ms": 59.25607681274414,
      "queries_per_second": 31.991847780488065,
      "avg_similarity": 0.5740239518880844,
      "avg_top1_similarity": 0.7316955387592315,
      "min_similarity": 0.49384820461273193,
      "recall_at_20": 0.0,
      "precision_at_20": 0.0,
      "mrr": 0.0,
      "resource_metrics": {
        "duration": 0.0,
        "cpu": {
          "avg": 28.6,
          "max": 28.6,
          "min": 28.6
        },
        "memory": {
          "avg_mb": 11698.375,
          "max_mb": 11698.375,
          "min_mb": 11698.375
        },
        "disk": {
          "read_total_mb": 0.1875,
          "write_total_mb": 0.0625
        },
        "network": {
          "sent_total_mb": 0.0,
          "recv_total_mb": 0.0
        }
      }
    }
  ]
}