{
  "database": "qdrant",
  "config": {
    "corpus_path": "Data/test_corpus/corpus_sizes/corpus_1k",
    "test_cases_path": "Data/test_corpus/test_cases.json",
    "output_dir": "results/qdrant_scaling_n3/corpus_1k/run_2",
    "qdrant_config": {
      "host": "localhost",
      "port": 6333,
      "collection_name": "benchmark_test"
    },
    "embedding_model": "sentence-transformers/all-MiniLM-L6-v2",
    "embedding_type": "sentence-transformers",
    "chunk_size": 512,
    "chunk_overlap": 50,
    "chunk_strategy": "fixed",
    "top_k_values": [
      1,
      3,
      5,
      10,
      20
    ],
    "batch_size": 100
  },
  "timestamp": "2025-12-22 16:25:58",
  "ingestion": {
    "total_time_sec": 21.32900595664978,
    "num_documents": 1,
    "num_chunks": 5562,
    "parsing_time_sec": 0.007268190383911133,
    "embedding_time_sec": 17.96384286880493,
    "insertion_time_sec": 2.9679958820343018
  },
  "query_results": [
    {
      "top_k": 1,
      "num_queries": 10,
      "avg_latency_ms": 57.19478130340576,
      "p50_latency_ms": 52.38914489746094,
      "p95_latency_ms": 173.79999160766602,
      "p99_latency_ms": 173.79999160766602,
      "min_latency_ms": 17.017841339111328,
      "max_latency_ms": 173.79999160766602,
      "queries_per_second": 17.48411266222384,
      "avg_similarity": 0.5281620020000001,
      "avg_top1_similarity": 0.5281620020000001,
      "min_similarity": 0.5281620020000001,
      "recall_at_1": 0.0,
      "precision_at_1": 0.0,
      "mrr": 0.0,
      "resource_metrics": {
        "duration": 0.5047879219055176,
        "cpu": {
          "avg": 0.0,
          "max": 0.0,
          "min": 0.0
        },
        "memory": {
          "avg_mb": 7800.9609375,
          "max_mb": 7968.046875,
          "min_mb": 7633.875
        },
        "disk": {
          "read_total_mb": 306.77734375,
          "write_total_mb": 207.75
        },
        "network": {
          "sent_total_mb": 3.6650390625,
          "recv_total_mb": 3.6650390625
        }
      }
    },
    {
      "top_k": 3,
      "num_queries": 10,
      "avg_latency_ms": 13.61236572265625,
      "p50_latency_ms": 11.120080947875977,
      "p95_latency_ms": 33.25390815734863,
      "p99_latency_ms": 33.25390815734863,
      "min_latency_ms": 9.844779968261719,
      "max_latency_ms": 33.25390815734863,
      "queries_per_second": 73.46261629862123,
      "avg_similarity": 0.5003335266666666,
      "avg_top1_similarity": 0.5281620020000001,
      "min_similarity": 0.476975543,
      "recall_at_3": 0.0,
      "precision_at_3": 0.0,
      "mrr": 0.0,
      "resource_metrics": {
        "duration": 0.0,
        "cpu": {
          "avg": 55.2,
          "max": 55.2,
          "min": 55.2
        },
        "memory": {
          "avg_mb": 7950.265625,
          "max_mb": 7950.265625,
          "min_mb": 7950.265625
        },
        "disk": {
          "read_total_mb": 0.33984375,
          "write_total_mb": 2.375
        },
        "network": {
          "sent_total_mb": 0.0,
          "recv_total_mb": 0.0
        }
      }
    },
    {
      "top_k": 5,
      "num_queries": 10,
      "avg_latency_ms": 12.491059303283691,
      "p50_latency_ms": 11.619091033935547,
      "p95_latency_ms": 19.422054290771484,
      "p99_latency_ms": 19.422054290771484,
      "min_latency_ms": 9.501934051513672,
      "max_latency_ms": 19.422054290771484,
      "queries_per_second": 80.05726141554037,
      "avg_similarity": 0.4829400239999999,
      "avg_top1_similarity": 0.5281620020000001,
      "min_similarity": 0.45247994700000005,
      "recall_at_5": 0.0,
      "precision_at_5": 0.0,
      "mrr": 0.0,
      "resource_metrics": {
        "duration": 0.0,
        "cpu": {
          "avg": 58.2,
          "max": 58.2,
          "min": 58.2
        },
        "memory": {
          "avg_mb": 7949.5,
          "max_mb": 7949.5,
          "min_mb": 7949.5
        },
        "disk": {
          "read_total_mb": 0.015625,
          "write_total_mb": 2.0625
        },
        "network": {
          "sent_total_mb": 0.0,
          "recv_total_mb": 0.0
        }
      }
    },
    {
      "top_k": 10,
      "num_queries": 10,
      "avg_latency_ms": 15.499520301818848,
      "p50_latency_ms": 15.240907669067383,
      "p95_latency_ms": 22.246837615966797,
      "p99_latency_ms": 22.246837615966797,
      "min_latency_ms": 10.986804962158203,
      "max_latency_ms": 22.246837615966797,
      "queries_per_second": 64.51812575661786,
      "avg_similarity": 0.45815165759999993,
      "avg_top1_similarity": 0.5281620020000001,
      "min_similarity": 0.421965243,
      "recall_at_10": 0.0,
      "precision_at_10": 0.0,
      "mrr": 0.0,
      "resource_metrics": {
        "duration": 0.0,
        "cpu": {
          "avg": 39.2,
          "max": 39.2,
          "min": 39.2
        },
        "memory": {
          "avg_mb": 7963.671875,
          "max_mb": 7963.671875,
          "min_mb": 7963.671875
        },
        "disk": {
          "read_total_mb": 0.8515625,
          "write_total_mb": 3.06640625
        },
        "network": {
          "sent_total_mb": 0.0,
          "recv_total_mb": 0.0
        }
      }
    },
    {
      "top_k": 20,
      "num_queries": 10,
      "avg_latency_ms": 60.72487831115723,
      "p50_latency_ms": 56.4122200012207,
      "p95_latency_ms": 86.39097213745117,
      "p99_latency_ms": 86.39097213745117,
      "min_latency_ms": 39.978981018066406,
      "max_latency_ms": 86.39097213745117,
      "queries_per_second": 16.467715173934995,
      "avg_similarity": 0.4276215199499999,
      "avg_top1_similarity": 0.5281620020000001,
      "min_similarity": 0.382506981,
      "recall_at_20": 0.0,
      "precision_at_20": 0.0,
      "mrr": 0.0,
      "resource_metrics": {
        "duration": 0.5055959224700928,
        "cpu": {
          "avg": 61.0,
          "max": 64.0,
          "min": 58.0
        },
        "memory": {
          "avg_mb": 8185.7421875,
          "max_mb": 8323.546875,
          "min_mb": 8047.9375
        },
        "disk": {
          "read_total_mb": 125.83984375,
          "write_total_mb": 580.4140625
        },
        "network": {
          "sent_total_mb": 8.58984375,
          "recv_total_mb": 8.58984375
        }
      }
    }
  ]
}