{
  "database": "faiss",
  "config": {
    "corpus_path": "Data/test_corpus/corpus_sizes/corpus_50k",
    "test_cases_path": "Data/test_corpus/test_cases.json",
    "output_dir": "results/faiss_scaling_n10/corpus_50k/run_10",
    "faiss_config": {
      "index_path": "./vector_stores/faiss_index.index",
      "index_type": "Flat"
    },
    "embedding_model": "sentence-transformers/all-MiniLM-L6-v2",
    "embedding_type": "sentence-transformers",
    "chunk_size": 512,
    "chunk_overlap": 50,
    "chunk_strategy": "fixed",
    "top_k_values": [
      1,
      3,
      5,
      10,
      20
    ],
    "batch_size": 100
  },
  "timestamp": "2026-01-09 04:16:34",
  "ingestion": {
    "total_time_sec": 792.1390540599823,
    "num_documents": 1,
    "num_chunks": 345046,
    "parsing_time_sec": 0.5741250514984131,
    "embedding_time_sec": 790.9726409912109,
    "insertion_time_sec": 0.25909876823425293
  },
  "query_results": [
    {
      "top_k": 1,
      "num_queries": 10,
      "avg_latency_ms": 32.82883167266846,
      "p50_latency_ms": 34.03019905090332,
      "p95_latency_ms": 78.81689071655273,
      "p99_latency_ms": 78.81689071655273,
      "min_latency_ms": 15.233993530273438,
      "max_latency_ms": 78.81689071655273,
      "queries_per_second": 30.46102919442445,
      "avg_similarity": 0.5984924522751894,
      "avg_top1_similarity": 0.5984924522751894,
      "min_similarity": 0.5984924522751894,
      "recall_at_1": 0.0,
      "precision_at_1": 0.0,
      "mrr": 0.0,
      "resource_metrics": {
        "duration": 0.0,
        "cpu": {
          "avg": 0.0,
          "max": 0.0,
          "min": 0.0
        },
        "memory": {
          "avg_mb": 9735.8125,
          "max_mb": 9735.8125,
          "min_mb": 9735.8125
        },
        "disk": {
          "read_total_mb": 0.0,
          "write_total_mb": 0.0
        },
        "network": {
          "sent_total_mb": 0.0,
          "recv_total_mb": 0.0
        }
      }
    },
    {
      "top_k": 3,
      "num_queries": 10,
      "avg_latency_ms": 16.45939350128174,
      "p50_latency_ms": 16.030073165893555,
      "p95_latency_ms": 21.111726760864258,
      "p99_latency_ms": 21.111726760864258,
      "min_latency_ms": 14.396905899047852,
      "max_latency_ms": 21.111726760864258,
      "queries_per_second": 60.75558008392759,
      "avg_similarity": 0.5826153732997978,
      "avg_top1_similarity": 0.5984924522751894,
      "min_similarity": 0.5683679396628638,
      "recall_at_3": 0.0,
      "precision_at_3": 0.0,
      "mrr": 0.0,
      "resource_metrics": {
        "duration": 0.0,
        "cpu": {
          "avg": 11.1,
          "max": 11.1,
          "min": 11.1
        },
        "memory": {
          "avg_mb": 10319.046875,
          "max_mb": 10319.046875,
          "min_mb": 10319.046875
        },
        "disk": {
          "read_total_mb": 0.0,
          "write_total_mb": 0.0
        },
        "network": {
          "sent_total_mb": 0.0,
          "recv_total_mb": 0.0
        }
      }
    },
    {
      "top_k": 5,
      "num_queries": 10,
      "avg_latency_ms": 17.853689193725586,
      "p50_latency_ms": 15.610218048095703,
      "p95_latency_ms": 28.616905212402344,
      "p99_latency_ms": 28.616905212402344,
      "min_latency_ms": 14.681816101074219,
      "max_latency_ms": 28.616905212402344,
      "queries_per_second": 56.01083278359271,
      "avg_similarity": 0.5723111263747227,
      "avg_top1_similarity": 0.5984924522751894,
      "min_similarity": 0.5546112070249468,
      "recall_at_5": 0.0,
      "precision_at_5": 0.0,
      "mrr": 0.0,
      "resource_metrics": {
        "duration": 0.0,
        "cpu": {
          "avg": 10.4,
          "max": 10.4,
          "min": 10.4
        },
        "memory": {
          "avg_mb": 10558.140625,
          "max_mb": 10558.140625,
          "min_mb": 10558.140625
        },
        "disk": {
          "read_total_mb": 0.0,
          "write_total_mb": 0.0
        },
        "network": {
          "sent_total_mb": 0.0,
          "recv_total_mb": 0.0
        }
      }
    },
    {
      "top_k": 10,
      "num_queries": 10,
      "avg_latency_ms": 17.72630214691162,
      "p50_latency_ms": 15.841960906982422,
      "p95_latency_ms": 29.163837432861328,
      "p99_latency_ms": 29.163837432861328,
      "min_latency_ms": 14.503955841064453,
      "max_latency_ms": 29.163837432861328,
      "queries_per_second": 56.41334507965756,
      "avg_similarity": 0.5574337662703974,
      "avg_top1_similarity": 0.5984924522751894,
      "min_similarity": 0.5363287070380626,
      "recall_at_10": 0.0,
      "precision_at_10": 0.0,
      "mrr": 0.0,
      "resource_metrics": {
        "duration": 0.0,
        "cpu": {
          "avg": 9.4,
          "max": 9.4,
          "min": 9.4
        },
        "memory": {
          "avg_mb": 10477.984375,
          "max_mb": 10477.984375,
          "min_mb": 10477.984375
        },
        "disk": {
          "read_total_mb": 0.0,
          "write_total_mb": 0.0
        },
        "network": {
          "sent_total_mb": 0.0,
          "recv_total_mb": 0.0
        }
      }
    },
    {
      "top_k": 20,
      "num_queries": 10,
      "avg_latency_ms": 17.812299728393555,
      "p50_latency_ms": 17.599105834960938,
      "p95_latency_ms": 28.332948684692383,
      "p99_latency_ms": 28.332948684692383,
      "min_latency_ms": 14.213800430297852,
      "max_latency_ms": 28.332948684692383,
      "queries_per_second": 56.14098208812184,
      "avg_similarity": 0.5397185943310087,
      "avg_top1_similarity": 0.5984924522751894,
      "min_similarity": 0.5143914249250633,
      "recall_at_20": 0.0,
      "precision_at_20": 0.0,
      "mrr": 0.0,
      "resource_metrics": {
        "duration": 0.0,
        "cpu": {
          "avg": 8.1,
          "max": 8.1,
          "min": 8.1
        },
        "memory": {
          "avg_mb": 10482.765625,
          "max_mb": 10482.765625,
          "min_mb": 10482.765625
        },
        "disk": {
          "read_total_mb": 0.0,
          "write_total_mb": 0.0
        },
        "network": {
          "sent_total_mb": 0.0,
          "recv_total_mb": 0.0
        }
      }
    }
  ]
}