{
  "database": "faiss",
  "config": {
    "corpus_path": "Data/test_corpus/corpus_sizes/corpus_250k",
    "test_cases_path": "Data/test_corpus/test_cases.json",
    "output_dir": "results/faiss_scaling_n10/corpus_250k/run_5",
    "faiss_config": {
      "index_path": "./vector_stores/faiss_index.index",
      "index_type": "Flat"
    },
    "embedding_model": "sentence-transformers/all-MiniLM-L6-v2",
    "embedding_type": "sentence-transformers",
    "chunk_size": 512,
    "chunk_overlap": 50,
    "chunk_strategy": "fixed",
    "top_k_values": [
      1,
      3,
      5,
      10,
      20
    ],
    "batch_size": 100
  },
  "timestamp": "2026-01-08 09:52:12",
  "ingestion": {
    "total_time_sec": 4133.351581335068,
    "num_documents": 1,
    "num_chunks": 1775361,
    "parsing_time_sec": 2.406520128250122,
    "embedding_time_sec": 4118.539029121399,
    "insertion_time_sec": 4.267889022827148
  },
  "query_results": [
    {
      "top_k": 1,
      "num_queries": 10,
      "avg_latency_ms": 267.90521144866943,
      "p50_latency_ms": 71.78902626037598,
      "p95_latency_ms": 2064.612865447998,
      "p99_latency_ms": 2064.612865447998,
      "min_latency_ms": 45.21512985229492,
      "max_latency_ms": 2064.612865447998,
      "queries_per_second": 3.7326634841950423,
      "avg_similarity": 0.6081104737846019,
      "avg_top1_similarity": 0.6081104737846019,
      "min_similarity": 0.6081104737846019,
      "recall_at_1": 0.0,
      "precision_at_1": 0.0,
      "mrr": 0.0,
      "resource_metrics": {
        "duration": 2.5204219818115234,
        "cpu": {
          "avg": 18.7,
          "max": 28.8,
          "min": 0.0
        },
        "memory": {
          "avg_mb": 9778.981770833334,
          "max_mb": 10705.359375,
          "min_mb": 8987.578125
        },
        "disk": {
          "read_total_mb": 772.51953125,
          "write_total_mb": 3.71484375
        },
        "network": {
          "sent_total_mb": 0.0068359375,
          "recv_total_mb": 0.0068359375
        }
      }
    },
    {
      "top_k": 3,
      "num_queries": 10,
      "avg_latency_ms": 49.55887794494629,
      "p50_latency_ms": 49.67474937438965,
      "p95_latency_ms": 56.70499801635742,
      "p99_latency_ms": 56.70499801635742,
      "min_latency_ms": 45.68600654602051,
      "max_latency_ms": 56.70499801635742,
      "queries_per_second": 20.178019387583287,
      "avg_similarity": 0.5952397436535154,
      "avg_top1_similarity": 0.6081104737846019,
      "min_similarity": 0.5847209357153125,
      "recall_at_3": 0.0,
      "precision_at_3": 0.0,
      "mrr": 0.0,
      "resource_metrics": {
        "duration": 0.0,
        "cpu": {
          "avg": 13.5,
          "max": 13.5,
          "min": 13.5
        },
        "memory": {
          "avg_mb": 10608.859375,
          "max_mb": 10608.859375,
          "min_mb": 10608.859375
        },
        "disk": {
          "read_total_mb": 0.25,
          "write_total_mb": 0.0
        },
        "network": {
          "sent_total_mb": 0.0,
          "recv_total_mb": 0.0
        }
      }
    },
    {
      "top_k": 5,
      "num_queries": 10,
      "avg_latency_ms": 50.481200218200684,
      "p50_latency_ms": 47.06597328186035,
      "p95_latency_ms": 73.4262466430664,
      "p99_latency_ms": 73.4262466430664,
      "min_latency_ms": 45.68290710449219,
      "max_latency_ms": 73.4262466430664,
      "queries_per_second": 19.809354684072193,
      "avg_similarity": 0.5875998204291968,
      "avg_top1_similarity": 0.6081104737846019,
      "min_similarity": 0.5742864525719634,
      "recall_at_5": 0.0,
      "precision_at_5": 0.0,
      "mrr": 0.0,
      "resource_metrics": {
        "duration": 0.504122257232666,
        "cpu": {
          "avg": 27.15,
          "max": 27.5,
          "min": 26.8
        },
        "memory": {
          "avg_mb": 10597.296875,
          "max_mb": 10602.078125,
          "min_mb": 10592.515625
        },
        "disk": {
          "read_total_mb": 6.01953125,
          "write_total_mb": 1.578125
        },
        "network": {
          "sent_total_mb": 0.0029296875,
          "recv_total_mb": 0.00390625
        }
      }
    },
    {
      "top_k": 10,
      "num_queries": 10,
      "avg_latency_ms": 48.661065101623535,
      "p50_latency_ms": 47.2257137298584,
      "p95_latency_ms": 59.43799018859863,
      "p99_latency_ms": 59.43799018859863,
      "min_latency_ms": 46.03695869445801,
      "max_latency_ms": 59.43799018859863,
      "queries_per_second": 20.550310559614854,
      "avg_similarity": 0.574710645832064,
      "avg_top1_similarity": 0.6081104737846019,
      "min_similarity": 0.5554166887164811,
      "recall_at_10": 0.0,
      "precision_at_10": 0.0,
      "mrr": 0.0,
      "resource_metrics": {
        "duration": 0.0,
        "cpu": {
          "avg": 12.1,
          "max": 12.1,
          "min": 12.1
        },
        "memory": {
          "avg_mb": 10583.625,
          "max_mb": 10583.625,
          "min_mb": 10583.625
        },
        "disk": {
          "read_total_mb": 0.0,
          "write_total_mb": 0.0
        },
        "network": {
          "sent_total_mb": 0.0,
          "recv_total_mb": 0.0
        }
      }
    },
    {
      "top_k": 20,
      "num_queries": 10,
      "avg_latency_ms": 47.60429859161377,
      "p50_latency_ms": 47.451019287109375,
      "p95_latency_ms": 51.4218807220459,
      "p99_latency_ms": 51.4218807220459,
      "min_latency_ms": 46.018123626708984,
      "max_latency_ms": 51.4218807220459,
      "queries_per_second": 21.00650633630311,
      "avg_similarity": 0.5591137853012855,
      "avg_top1_similarity": 0.6081104737846019,
      "min_similarity": 0.5355763691815586,
      "recall_at_20": 0.0,
      "precision_at_20": 0.0,
      "mrr": 0.0,
      "resource_metrics": {
        "duration": 0.0,
        "cpu": {
          "avg": 21.5,
          "max": 21.5,
          "min": 21.5
        },
        "memory": {
          "avg_mb": 10499.21875,
          "max_mb": 10499.21875,
          "min_mb": 10499.21875
        },
        "disk": {
          "read_total_mb": 0.0,
          "write_total_mb": 0.0
        },
        "network": {
          "sent_total_mb": 0.0,
          "recv_total_mb": 0.0
        }
      }
    }
  ]
}