{
  "database": "weaviate",
  "config": {
    "corpus_path": "Data/test_corpus/corpus_sizes/corpus_50k",
    "test_cases_path": "Data/test_corpus/test_cases.json",
    "output_dir": "results/weaviate_scaling_n10/corpus_50k/run_8",
    "weaviate_config": {
      "host": "localhost",
      "port": 8082,
      "class_name": "BenchmarkTest"
    },
    "embedding_model": "sentence-transformers/all-MiniLM-L6-v2",
    "embedding_type": "sentence-transformers",
    "chunk_size": 512,
    "chunk_overlap": 50,
    "chunk_strategy": "fixed",
    "top_k_values": [
      1,
      3,
      5,
      10,
      20
    ],
    "batch_size": 100
  },
  "timestamp": "2026-01-10 04:48:41",
  "ingestion": {
    "total_time_sec": 940.6772360801697,
    "num_documents": 1,
    "num_chunks": 345046,
    "parsing_time_sec": 0.7524018287658691,
    "embedding_time_sec": 807.0597290992737,
    "insertion_time_sec": 130.7679262161255
  },
  "query_results": [
    {
      "top_k": 1,
      "num_queries": 10,
      "avg_latency_ms": 120.06185054779053,
      "p50_latency_ms": 53.89881134033203,
      "p95_latency_ms": 833.8937759399414,
      "p99_latency_ms": 833.8937759399414,
      "min_latency_ms": 12.536048889160156,
      "max_latency_ms": 833.8937759399414,
      "queries_per_second": 8.329040369088354,
      "avg_similarity": 0.6609139680862427,
      "avg_top1_similarity": 0.6609139680862427,
      "min_similarity": 0.6609139680862427,
      "recall_at_1": 0.0,
      "precision_at_1": 0.0,
      "mrr": 0.0,
      "resource_metrics": {
        "duration": 1.0059068202972412,
        "cpu": {
          "avg": 59.666666666666664,
          "max": 66.2,
          "min": 55.6
        },
        "memory": {
          "avg_mb": 8666.489583333334,
          "max_mb": 9064.421875,
          "min_mb": 8198.296875
        },
        "disk": {
          "read_total_mb": 169.79296875,
          "write_total_mb": 36.1875
        },
        "network": {
          "sent_total_mb": 0.015625,
          "recv_total_mb": 0.017578125
        }
      }
    },
    {
      "top_k": 3,
      "num_queries": 10,
      "avg_latency_ms": 16.118741035461426,
      "p50_latency_ms": 16.487836837768555,
      "p95_latency_ms": 23.372888565063477,
      "p99_latency_ms": 23.372888565063477,
      "min_latency_ms": 12.157917022705078,
      "max_latency_ms": 23.372888565063477,
      "queries_per_second": 62.039584716944574,
      "avg_similarity": 0.6381454348564147,
      "avg_top1_similarity": 0.6609139680862427,
      "min_similarity": 0.6174291849136353,
      "recall_at_3": 0.0,
      "precision_at_3": 0.0,
      "mrr": 0.0,
      "resource_metrics": {
        "duration": 0.0,
        "cpu": {
          "avg": 56.7,
          "max": 56.7,
          "min": 56.7
        },
        "memory": {
          "avg_mb": 9045.078125,
          "max_mb": 9045.078125,
          "min_mb": 9045.078125
        },
        "disk": {
          "read_total_mb": 0.0625,
          "write_total_mb": 0.0
        },
        "network": {
          "sent_total_mb": 0.0,
          "recv_total_mb": 0.0
        }
      }
    },
    {
      "top_k": 5,
      "num_queries": 10,
      "avg_latency_ms": 20.899462699890137,
      "p50_latency_ms": 20.54619789123535,
      "p95_latency_ms": 49.945831298828125,
      "p99_latency_ms": 49.945831298828125,
      "min_latency_ms": 11.039018630981445,
      "max_latency_ms": 49.945831298828125,
      "queries_per_second": 47.84812003828485,
      "avg_similarity": 0.6227201437950134,
      "avg_top1_similarity": 0.6609139680862427,
      "min_similarity": 0.5959628105163575,
      "recall_at_5": 0.0,
      "precision_at_5": 0.0,
      "mrr": 0.0,
      "resource_metrics": {
        "duration": 0.0,
        "cpu": {
          "avg": 68.6,
          "max": 68.6,
          "min": 68.6
        },
        "memory": {
          "avg_mb": 8988.859375,
          "max_mb": 8988.859375,
          "min_mb": 8988.859375
        },
        "disk": {
          "read_total_mb": 0.0,
          "write_total_mb": 0.0
        },
        "network": {
          "sent_total_mb": 0.0,
          "recv_total_mb": 0.0
        }
      }
    },
    {
      "top_k": 10,
      "num_queries": 10,
      "avg_latency_ms": 22.78308868408203,
      "p50_latency_ms": 22.745132446289062,
      "p95_latency_ms": 41.32795333862305,
      "p99_latency_ms": 41.32795333862305,
      "min_latency_ms": 16.59226417541504,
      "max_latency_ms": 41.32795333862305,
      "queries_per_second": 43.892205041482136,
      "avg_similarity": 0.5995995450019835,
      "avg_top1_similarity": 0.6609139680862427,
      "min_similarity": 0.5663065969944,
      "recall_at_10": 0.0,
      "precision_at_10": 0.0,
      "mrr": 0.0,
      "resource_metrics": {
        "duration": 0.0,
        "cpu": {
          "avg": 72.0,
          "max": 72.0,
          "min": 72.0
        },
        "memory": {
          "avg_mb": 8973.78125,
          "max_mb": 8973.78125,
          "min_mb": 8973.78125
        },
        "disk": {
          "read_total_mb": 0.0,
          "write_total_mb": 0.0
        },
        "network": {
          "sent_total_mb": 0.0,
          "recv_total_mb": 0.0
        }
      }
    },
    {
      "top_k": 20,
      "num_queries": 10,
      "avg_latency_ms": 17.930126190185547,
      "p50_latency_ms": 17.436742782592773,
      "p95_latency_ms": 25.5129337310791,
      "p99_latency_ms": 25.5129337310791,
      "min_latency_ms": 14.989852905273438,
      "max_latency_ms": 25.5129337310791,
      "queries_per_second": 55.77205589034684,
      "avg_similarity": 0.5704183614253999,
      "avg_top1_similarity": 0.6609139680862427,
      "min_similarity": 0.5275188863277436,
      "recall_at_20": 0.0,
      "precision_at_20": 0.0,
      "mrr": 0.0,
      "resource_metrics": {
        "duration": 0.0,
        "cpu": {
          "avg": 61.5,
          "max": 61.5,
          "min": 61.5
        },
        "memory": {
          "avg_mb": 8915.375,
          "max_mb": 8915.375,
          "min_mb": 8915.375
        },
        "disk": {
          "read_total_mb": 0.0,
          "write_total_mb": 0.0
        },
        "network": {
          "sent_total_mb": 0.0,
          "recv_total_mb": 0.0
        }
      }
    }
  ]
}