{
  "database": "faiss",
  "config": {
    "corpus_path": "Data/test_corpus/corpus_sizes/corpus_10k",
    "test_cases_path": "Data/test_corpus/test_cases.json",
    "output_dir": "results/faiss_scaling_n3/corpus_10k/run_3",
    "faiss_config": {
      "index_path": "./vector_stores/faiss_index.index",
      "index_type": "Flat"
    },
    "embedding_model": "sentence-transformers/all-MiniLM-L6-v2",
    "embedding_type": "sentence-transformers",
    "chunk_size": 512,
    "chunk_overlap": 50,
    "chunk_strategy": "fixed",
    "top_k_values": [
      1,
      3,
      5,
      10,
      20
    ],
    "batch_size": 100
  },
  "timestamp": "2025-12-22 21:58:38",
  "ingestion": {
    "total_time_sec": 164.7990882396698,
    "num_documents": 1,
    "num_chunks": 69903,
    "parsing_time_sec": 0.1308729648590088,
    "embedding_time_sec": 164.09575700759888,
    "insertion_time_sec": 0.17029309272766113
  },
  "query_results": [
    {
      "top_k": 1,
      "num_queries": 10,
      "avg_latency_ms": 21.943116188049316,
      "p50_latency_ms": 23.316144943237305,
      "p95_latency_ms": 49.7889518737793,
      "p99_latency_ms": 49.7889518737793,
      "min_latency_ms": 7.740974426269531,
      "max_latency_ms": 49.7889518737793,
      "queries_per_second": 45.57237866445884,
      "avg_similarity": 0.5581660055095653,
      "avg_top1_similarity": 0.5581660055095653,
      "min_similarity": 0.5581660055095653,
      "recall_at_1": 0.0,
      "precision_at_1": 0.0,
      "mrr": 0.0,
      "resource_metrics": {
        "duration": 0.0,
        "cpu": {
          "avg": 0.0,
          "max": 0.0,
          "min": 0.0
        },
        "memory": {
          "avg_mb": 11956.484375,
          "max_mb": 11956.484375,
          "min_mb": 11956.484375
        },
        "disk": {
          "read_total_mb": 0.0,
          "write_total_mb": 0.0
        },
        "network": {
          "sent_total_mb": 0.0,
          "recv_total_mb": 0.0
        }
      }
    },
    {
      "top_k": 3,
      "num_queries": 10,
      "avg_latency_ms": 11.308002471923828,
      "p50_latency_ms": 10.589122772216797,
      "p95_latency_ms": 17.192840576171875,
      "p99_latency_ms": 17.192840576171875,
      "min_latency_ms": 9.354114532470703,
      "max_latency_ms": 17.192840576171875,
      "queries_per_second": 88.43294847899607,
      "avg_similarity": 0.541706624168814,
      "avg_top1_similarity": 0.5581660055095653,
      "min_similarity": 0.5291392686176649,
      "recall_at_3": 0.0,
      "precision_at_3": 0.0,
      "mrr": 0.0,
      "resource_metrics": {
        "duration": 0.0,
        "cpu": {
          "avg": 10.0,
          "max": 10.0,
          "min": 10.0
        },
        "memory": {
          "avg_mb": 11243.21875,
          "max_mb": 11243.21875,
          "min_mb": 11243.21875
        },
        "disk": {
          "read_total_mb": 0.0,
          "write_total_mb": 0.0
        },
        "network": {
          "sent_total_mb": 0.0,
          "recv_total_mb": 0.0
        }
      }
    },
    {
      "top_k": 5,
      "num_queries": 10,
      "avg_latency_ms": 11.243534088134766,
      "p50_latency_ms": 10.651826858520508,
      "p95_latency_ms": 16.821861267089844,
      "p99_latency_ms": 16.821861267089844,
      "min_latency_ms": 9.449005126953125,
      "max_latency_ms": 16.821861267089844,
      "queries_per_second": 88.94000695522362,
      "avg_similarity": 0.5330032980995693,
      "avg_top1_similarity": 0.5581660055095653,
      "min_similarity": 0.5176948310628566,
      "recall_at_5": 0.0,
      "precision_at_5": 0.0,
      "mrr": 0.0,
      "resource_metrics": {
        "duration": 0.0,
        "cpu": {
          "avg": 8.1,
          "max": 8.1,
          "min": 8.1
        },
        "memory": {
          "avg_mb": 11189.046875,
          "max_mb": 11189.046875,
          "min_mb": 11189.046875
        },
        "disk": {
          "read_total_mb": 0.0,
          "write_total_mb": 0.0
        },
        "network": {
          "sent_total_mb": 0.0,
          "recv_total_mb": 0.0
        }
      }
    },
    {
      "top_k": 10,
      "num_queries": 10,
      "avg_latency_ms": 10.844993591308594,
      "p50_latency_ms": 11.029958724975586,
      "p95_latency_ms": 13.289928436279297,
      "p99_latency_ms": 13.289928436279297,
      "min_latency_ms": 9.256839752197266,
      "max_latency_ms": 13.289928436279297,
      "queries_per_second": 92.20844545278672,
      "avg_similarity": 0.5193785008576619,
      "avg_top1_similarity": 0.5581660055095653,
      "min_similarity": 0.4993554378505681,
      "recall_at_10": 0.0,
      "precision_at_10": 0.0,
      "mrr": 0.0,
      "resource_metrics": {
        "duration": 0.0,
        "cpu": {
          "avg": 7.2,
          "max": 7.2,
          "min": 7.2
        },
        "memory": {
          "avg_mb": 11180.140625,
          "max_mb": 11180.140625,
          "min_mb": 11180.140625
        },
        "disk": {
          "read_total_mb": 0.0,
          "write_total_mb": 0.0
        },
        "network": {
          "sent_total_mb": 0.0,
          "recv_total_mb": 0.0
        }
      }
    },
    {
      "top_k": 20,
      "num_queries": 10,
      "avg_latency_ms": 11.500906944274902,
      "p50_latency_ms": 10.871648788452148,
      "p95_latency_ms": 17.936229705810547,
      "p99_latency_ms": 17.936229705810547,
      "min_latency_ms": 9.301900863647461,
      "max_latency_ms": 17.936229705810547,
      "queries_per_second": 86.94966447822581,
      "avg_similarity": 0.5042849702899981,
      "avg_top1_similarity": 0.5581660055095653,
      "min_similarity": 0.48320295502314875,
      "recall_at_20": 0.0,
      "precision_at_20": 0.0,
      "mrr": 0.0,
      "resource_metrics": {
        "duration": 0.0,
        "cpu": {
          "avg": 7.7,
          "max": 7.7,
          "min": 7.7
        },
        "memory": {
          "avg_mb": 11038.421875,
          "max_mb": 11038.421875,
          "min_mb": 11038.421875
        },
        "disk": {
          "read_total_mb": 0.0,
          "write_total_mb": 0.0
        },
        "network": {
          "sent_total_mb": 0.0,
          "recv_total_mb": 0.0
        }
      }
    }
  ]
}