{
  "database": "weaviate",
  "config": {
    "corpus_path": "Data/test_corpus/corpus_sizes/corpus_1k",
    "test_cases_path": "Data/test_corpus/test_cases.json",
    "output_dir": "results/weaviate_scaling_n10/corpus_1k/run_10",
    "weaviate_config": {
      "host": "localhost",
      "port": 8082,
      "class_name": "BenchmarkTest"
    },
    "embedding_model": "sentence-transformers/all-MiniLM-L6-v2",
    "embedding_type": "sentence-transformers",
    "chunk_size": 512,
    "chunk_overlap": 50,
    "chunk_strategy": "fixed",
    "top_k_values": [
      1,
      3,
      5,
      10,
      20
    ],
    "batch_size": 100
  },
  "timestamp": "2026-01-10 03:29:04",
  "ingestion": {
    "total_time_sec": 16.276826858520508,
    "num_documents": 1,
    "num_chunks": 5562,
    "parsing_time_sec": 0.0955040454864502,
    "embedding_time_sec": 13.458055019378662,
    "insertion_time_sec": 2.4920661449432373
  },
  "query_results": [
    {
      "top_k": 1,
      "num_queries": 10,
      "avg_latency_ms": 26.14271640777588,
      "p50_latency_ms": 27.936697006225586,
      "p95_latency_ms": 62.36076354980469,
      "p99_latency_ms": 62.36076354980469,
      "min_latency_ms": 8.59212875366211,
      "max_latency_ms": 62.36076354980469,
      "queries_per_second": 38.251572040255176,
      "avg_similarity": 0.5281620919704437,
      "avg_top1_similarity": 0.5281620919704437,
      "min_similarity": 0.5281620919704437,
      "recall_at_1": 0.0,
      "precision_at_1": 0.0,
      "mrr": 0.0,
      "resource_metrics": {
        "duration": 0.0,
        "cpu": {
          "avg": 0.0,
          "max": 0.0,
          "min": 0.0
        },
        "memory": {
          "avg_mb": 10793.46875,
          "max_mb": 10793.46875,
          "min_mb": 10793.46875
        },
        "disk": {
          "read_total_mb": 0.0,
          "write_total_mb": 0.0
        },
        "network": {
          "sent_total_mb": 0.0,
          "recv_total_mb": 0.0
        }
      }
    },
    {
      "top_k": 3,
      "num_queries": 10,
      "avg_latency_ms": 10.983467102050781,
      "p50_latency_ms": 10.689020156860352,
      "p95_latency_ms": 14.584064483642578,
      "p99_latency_ms": 14.584064483642578,
      "min_latency_ms": 8.61215591430664,
      "max_latency_ms": 14.584064483642578,
      "queries_per_second": 91.04593210037336,
      "avg_similarity": 0.500333595275879,
      "avg_top1_similarity": 0.5281620919704437,
      "min_similarity": 0.4769755721092224,
      "recall_at_3": 0.0,
      "precision_at_3": 0.0,
      "mrr": 0.0,
      "resource_metrics": {
        "duration": 0.0,
        "cpu": {
          "avg": 0.0,
          "max": 0.0,
          "min": 0.0
        },
        "memory": {
          "avg_mb": 11198.375,
          "max_mb": 11198.375,
          "min_mb": 11198.375
        },
        "disk": {
          "read_total_mb": 0.0,
          "write_total_mb": 0.0
        },
        "network": {
          "sent_total_mb": 0.0,
          "recv_total_mb": 0.0
        }
      }
    },
    {
      "top_k": 5,
      "num_queries": 10,
      "avg_latency_ms": 11.48531436920166,
      "p50_latency_ms": 12.11094856262207,
      "p95_latency_ms": 13.236045837402344,
      "p99_latency_ms": 13.236045837402344,
      "min_latency_ms": 8.140087127685547,
      "max_latency_ms": 13.236045837402344,
      "queries_per_second": 87.06770819278059,
      "avg_similarity": 0.48294008612632755,
      "avg_top1_similarity": 0.5281620919704437,
      "min_similarity": 0.45248001217842104,
      "recall_at_5": 0.0,
      "precision_at_5": 0.0,
      "mrr": 0.0,
      "resource_metrics": {
        "duration": 0.0,
        "cpu": {
          "avg": 11.8,
          "max": 11.8,
          "min": 11.8
        },
        "memory": {
          "avg_mb": 11234.21875,
          "max_mb": 11234.21875,
          "min_mb": 11234.21875
        },
        "disk": {
          "read_total_mb": 0.0,
          "write_total_mb": 0.0
        },
        "network": {
          "sent_total_mb": 0.0,
          "recv_total_mb": 0.0
        }
      }
    },
    {
      "top_k": 10,
      "num_queries": 10,
      "avg_latency_ms": 12.15658187866211,
      "p50_latency_ms": 11.873960494995117,
      "p95_latency_ms": 19.58489418029785,
      "p99_latency_ms": 19.58489418029785,
      "min_latency_ms": 9.300947189331055,
      "max_latency_ms": 19.58489418029785,
      "queries_per_second": 82.25996501164971,
      "avg_similarity": 0.45815171718597414,
      "avg_top1_similarity": 0.5281620919704437,
      "min_similarity": 0.42196529507637026,
      "recall_at_10": 0.0,
      "precision_at_10": 0.0,
      "mrr": 0.0,
      "resource_metrics": {
        "duration": 0.0,
        "cpu": {
          "avg": 24.4,
          "max": 24.4,
          "min": 24.4
        },
        "memory": {
          "avg_mb": 11337.453125,
          "max_mb": 11337.453125,
          "min_mb": 11337.453125
        },
        "disk": {
          "read_total_mb": 0.0,
          "write_total_mb": 0.0
        },
        "network": {
          "sent_total_mb": 0.0,
          "recv_total_mb": 0.0
        }
      }
    },
    {
      "top_k": 20,
      "num_queries": 10,
      "avg_latency_ms": 12.588167190551758,
      "p50_latency_ms": 12.321710586547852,
      "p95_latency_ms": 17.117977142333984,
      "p99_latency_ms": 17.117977142333984,
      "min_latency_ms": 10.086774826049805,
      "max_latency_ms": 17.117977142333984,
      "queries_per_second": 79.43968211278329,
      "avg_similarity": 0.42762157768011094,
      "avg_top1_similarity": 0.5281620919704437,
      "min_similarity": 0.3825070321559906,
      "recall_at_20": 0.0,
      "precision_at_20": 0.0,
      "mrr": 0.0,
      "resource_metrics": {
        "duration": 0.0,
        "cpu": {
          "avg": 13.7,
          "max": 13.7,
          "min": 13.7
        },
        "memory": {
          "avg_mb": 11333.453125,
          "max_mb": 11333.453125,
          "min_mb": 11333.453125
        },
        "disk": {
          "read_total_mb": 0.0,
          "write_total_mb": 0.0
        },
        "network": {
          "sent_total_mb": 0.0,
          "recv_total_mb": 0.0
        }
      }
    }
  ]
}