{
  "database": "faiss",
  "config": {
    "corpus_path": "Data/test_corpus/documents",
    "test_cases_path": "Data/test_corpus/test_cases.json",
    "output_dir": "results/faiss_scaling_n10/corpus_baseline/run_4",
    "faiss_config": {
      "index_path": "./vector_stores/faiss_index.index",
      "index_type": "Flat"
    },
    "embedding_model": "sentence-transformers/all-MiniLM-L6-v2",
    "embedding_type": "sentence-transformers",
    "chunk_size": 512,
    "chunk_overlap": 50,
    "chunk_strategy": "fixed",
    "top_k_values": [
      1,
      3,
      5,
      10,
      20
    ],
    "batch_size": 100
  },
  "timestamp": "2026-01-09 04:16:42",
  "ingestion": {
    "total_time_sec": 0.5120761394500732,
    "num_documents": 20,
    "num_chunks": 175,
    "parsing_time_sec": 0.00016379356384277344,
    "embedding_time_sec": 0.29681992530822754,
    "insertion_time_sec": 0.00016498565673828125
  },
  "query_results": [
    {
      "top_k": 1,
      "num_queries": 10,
      "avg_latency_ms": 20.301151275634766,
      "p50_latency_ms": 21.331787109375,
      "p95_latency_ms": 56.91385269165039,
      "p99_latency_ms": 56.91385269165039,
      "min_latency_ms": 5.509138107299805,
      "max_latency_ms": 56.91385269165039,
      "queries_per_second": 49.25829015422341,
      "avg_similarity": 0.6558685830481964,
      "avg_top1_similarity": 0.6558685830481964,
      "min_similarity": 0.6558685830481964,
      "recall_at_1": 0.0,
      "precision_at_1": 0.0,
      "mrr": 0.0,
      "resource_metrics": {
        "duration": 0.0,
        "cpu": {
          "avg": 13.3,
          "max": 13.3,
          "min": 13.3
        },
        "memory": {
          "avg_mb": 7962.015625,
          "max_mb": 7962.015625,
          "min_mb": 7962.015625
        },
        "disk": {
          "read_total_mb": 0.0,
          "write_total_mb": 0.0
        },
        "network": {
          "sent_total_mb": 0.0,
          "recv_total_mb": 0.0
        }
      }
    },
    {
      "top_k": 3,
      "num_queries": 10,
      "avg_latency_ms": 8.998298645019531,
      "p50_latency_ms": 9.045124053955078,
      "p95_latency_ms": 12.897968292236328,
      "p99_latency_ms": 12.897968292236328,
      "min_latency_ms": 5.998134613037109,
      "max_latency_ms": 12.897968292236328,
      "queries_per_second": 111.13211946499354,
      "avg_similarity": 0.6207565974181617,
      "avg_top1_similarity": 0.6558685830481964,
      "min_similarity": 0.5930177544379064,
      "recall_at_3": 0.0,
      "precision_at_3": 0.0,
      "mrr": 0.0,
      "resource_metrics": {
        "duration": 0.0,
        "cpu": {
          "avg": 7.1,
          "max": 7.1,
          "min": 7.1
        },
        "memory": {
          "avg_mb": 8043.484375,
          "max_mb": 8043.484375,
          "min_mb": 8043.484375
        },
        "disk": {
          "read_total_mb": 0.0,
          "write_total_mb": 0.0
        },
        "network": {
          "sent_total_mb": 0.0,
          "recv_total_mb": 0.0
        }
      }
    },
    {
      "top_k": 5,
      "num_queries": 10,
      "avg_latency_ms": 9.810256958007812,
      "p50_latency_ms": 9.414911270141602,
      "p95_latency_ms": 13.460159301757812,
      "p99_latency_ms": 13.460159301757812,
      "min_latency_ms": 7.354021072387695,
      "max_latency_ms": 13.460159301757812,
      "queries_per_second": 101.93412917525373,
      "avg_similarity": 0.6046052149619034,
      "avg_top1_similarity": 0.6558685830481964,
      "min_similarity": 0.574238389256997,
      "recall_at_5": 0.0,
      "precision_at_5": 0.0,
      "mrr": 0.0,
      "resource_metrics": {
        "duration": 0.0,
        "cpu": {
          "avg": 6.7,
          "max": 6.7,
          "min": 6.7
        },
        "memory": {
          "avg_mb": 7978.046875,
          "max_mb": 7978.046875,
          "min_mb": 7978.046875
        },
        "disk": {
          "read_total_mb": 0.0,
          "write_total_mb": 0.0
        },
        "network": {
          "sent_total_mb": 0.0,
          "recv_total_mb": 0.0
        }
      }
    },
    {
      "top_k": 10,
      "num_queries": 10,
      "avg_latency_ms": 9.711766242980957,
      "p50_latency_ms": 9.499073028564453,
      "p95_latency_ms": 14.351844787597656,
      "p99_latency_ms": 14.351844787597656,
      "min_latency_ms": 7.258892059326172,
      "max_latency_ms": 14.351844787597656,
      "queries_per_second": 102.96788194657547,
      "avg_similarity": 0.5790956195186044,
      "avg_top1_similarity": 0.6558685830481964,
      "min_similarity": 0.5425923134499462,
      "recall_at_10": 0.0,
      "precision_at_10": 0.0,
      "mrr": 0.0,
      "resource_metrics": {
        "duration": 0.0,
        "cpu": {
          "avg": 7.7,
          "max": 7.7,
          "min": 7.7
        },
        "memory": {
          "avg_mb": 7999.90625,
          "max_mb": 7999.90625,
          "min_mb": 7999.90625
        },
        "disk": {
          "read_total_mb": 0.0,
          "write_total_mb": 0.0
        },
        "network": {
          "sent_total_mb": 0.0,
          "recv_total_mb": 0.0
        }
      }
    },
    {
      "top_k": 20,
      "num_queries": 10,
      "avg_latency_ms": 8.902692794799805,
      "p50_latency_ms": 8.380889892578125,
      "p95_latency_ms": 12.318134307861328,
      "p99_latency_ms": 12.318134307861328,
      "min_latency_ms": 6.824970245361328,
      "max_latency_ms": 12.318134307861328,
      "queries_per_second": 112.32556520248737,
      "avg_similarity": 0.5453628752030946,
      "avg_top1_similarity": 0.6558685830481964,
      "min_similarity": 0.4985174671610725,
      "recall_at_20": 0.0,
      "precision_at_20": 0.0,
      "mrr": 0.0,
      "resource_metrics": {
        "duration": 0.0,
        "cpu": {
          "avg": 6.0,
          "max": 6.0,
          "min": 6.0
        },
        "memory": {
          "avg_mb": 8077.328125,
          "max_mb": 8077.328125,
          "min_mb": 8077.328125
        },
        "disk": {
          "read_total_mb": 0.0,
          "write_total_mb": 0.0
        },
        "network": {
          "sent_total_mb": 0.0,
          "recv_total_mb": 0.0
        }
      }
    }
  ]
}