{
  "database": "milvus",
  "config": {
    "corpus_path": "Data/test_corpus/documents",
    "test_cases_path": "Data/test_corpus/test_cases.json",
    "output_dir": "results/milvus_scaling_n10/corpus_baseline/run_4",
    "milvus_config": {
      "host": "localhost",
      "port": 19530,
      "collection_name": "benchmark_test"
    },
    "embedding_model": "sentence-transformers/all-MiniLM-L6-v2",
    "embedding_type": "sentence-transformers",
    "chunk_size": 512,
    "chunk_overlap": 50,
    "chunk_strategy": "fixed",
    "top_k_values": [
      1,
      3,
      5,
      10,
      20
    ],
    "batch_size": 100
  },
  "timestamp": "2026-01-10 07:26:50",
  "ingestion": {
    "total_time_sec": 7.1210222244262695,
    "num_documents": 20,
    "num_chunks": 175,
    "parsing_time_sec": 0.00043082237243652344,
    "embedding_time_sec": 0.3155050277709961,
    "insertion_time_sec": 6.581449031829834
  },
  "query_results": [
    {
      "top_k": 1,
      "num_queries": 10,
      "avg_latency_ms": 27.375030517578125,
      "p50_latency_ms": 28.73086929321289,
      "p95_latency_ms": 65.58799743652344,
      "p99_latency_ms": 65.58799743652344,
      "min_latency_ms": 10.010957717895508,
      "max_latency_ms": 65.58799743652344,
      "queries_per_second": 36.52963964215044,
      "avg_similarity": 0.7316954731941223,
      "avg_top1_similarity": 0.7316954731941223,
      "min_similarity": 0.7316954731941223,
      "recall_at_1": 0.0,
      "precision_at_1": 0.0,
      "mrr": 0.0,
      "resource_metrics": {
        "duration": 0.0,
        "cpu": {
          "avg": 11.0,
          "max": 11.0,
          "min": 11.0
        },
        "memory": {
          "avg_mb": 9264.46875,
          "max_mb": 9264.46875,
          "min_mb": 9264.46875
        },
        "disk": {
          "read_total_mb": 0.0,
          "write_total_mb": 0.0
        },
        "network": {
          "sent_total_mb": 0.0,
          "recv_total_mb": 0.0
        }
      }
    },
    {
      "top_k": 3,
      "num_queries": 10,
      "avg_latency_ms": 10.85963249206543,
      "p50_latency_ms": 10.921955108642578,
      "p95_latency_ms": 15.37179946899414,
      "p99_latency_ms": 15.37179946899414,
      "min_latency_ms": 8.854866027832031,
      "max_latency_ms": 15.37179946899414,
      "queries_per_second": 92.08414748203019,
      "avg_similarity": 0.6881673038005829,
      "avg_top1_similarity": 0.7316954731941223,
      "min_similarity": 0.6527654767036438,
      "recall_at_3": 0.0,
      "precision_at_3": 0.0,
      "mrr": 0.0,
      "resource_metrics": {
        "duration": 0.0,
        "cpu": {
          "avg": 13.9,
          "max": 13.9,
          "min": 13.9
        },
        "memory": {
          "avg_mb": 9908.84375,
          "max_mb": 9908.84375,
          "min_mb": 9908.84375
        },
        "disk": {
          "read_total_mb": 0.875,
          "write_total_mb": 0.0
        },
        "network": {
          "sent_total_mb": 0.0,
          "recv_total_mb": 0.0
        }
      }
    },
    {
      "top_k": 5,
      "num_queries": 10,
      "avg_latency_ms": 12.296605110168457,
      "p50_latency_ms": 11.337041854858398,
      "p95_latency_ms": 18.014907836914062,
      "p99_latency_ms": 18.014907836914062,
      "min_latency_ms": 9.995222091674805,
      "max_latency_ms": 18.014907836914062,
      "queries_per_second": 81.32325882149927,
      "avg_similarity": 0.6663784158229829,
      "avg_top1_similarity": 0.7316954731941223,
      "min_similarity": 0.6243872046470642,
      "recall_at_5": 0.0,
      "precision_at_5": 0.0,
      "mrr": 0.0,
      "resource_metrics": {
        "duration": 0.0,
        "cpu": {
          "avg": 12.7,
          "max": 12.7,
          "min": 12.7
        },
        "memory": {
          "avg_mb": 10085.546875,
          "max_mb": 10085.546875,
          "min_mb": 10085.546875
        },
        "disk": {
          "read_total_mb": 0.125,
          "write_total_mb": 0.0
        },
        "network": {
          "sent_total_mb": 0.0,
          "recv_total_mb": 0.0
        }
      }
    },
    {
      "top_k": 10,
      "num_queries": 10,
      "avg_latency_ms": 11.045265197753906,
      "p50_latency_ms": 10.284185409545898,
      "p95_latency_ms": 16.016006469726562,
      "p99_latency_ms": 16.016006469726562,
      "min_latency_ms": 9.426116943359375,
      "max_latency_ms": 16.016006469726562,
      "queries_per_second": 90.53653145452347,
      "avg_similarity": 0.6292959207296371,
      "avg_top1_similarity": 0.7316954731941223,
      "min_similarity": 0.573929738998413,
      "recall_at_10": 0.0,
      "precision_at_10": 0.0,
      "mrr": 0.0,
      "resource_metrics": {
        "duration": 0.0,
        "cpu": {
          "avg": 12.9,
          "max": 12.9,
          "min": 12.9
        },
        "memory": {
          "avg_mb": 9989.71875,
          "max_mb": 9989.71875,
          "min_mb": 9989.71875
        },
        "disk": {
          "read_total_mb": 0.0,
          "write_total_mb": 0.0
        },
        "network": {
          "sent_total_mb": 0.0,
          "recv_total_mb": 0.0
        }
      }
    },
    {
      "top_k": 20,
      "num_queries": 10,
      "avg_latency_ms": 12.826848030090332,
      "p50_latency_ms": 12.795209884643555,
      "p95_latency_ms": 16.48092269897461,
      "p99_latency_ms": 16.48092269897461,
      "min_latency_ms": 10.089874267578125,
      "max_latency_ms": 16.48092269897461,
      "queries_per_second": 77.96147562161127,
      "avg_similarity": 0.5740239070355893,
      "avg_top1_similarity": 0.7316954731941223,
      "min_similarity": 0.49384818971157074,
      "recall_at_20": 0.0,
      "precision_at_20": 0.0,
      "mrr": 0.0,
      "resource_metrics": {
        "duration": 0.0,
        "cpu": {
          "avg": 14.2,
          "max": 14.2,
          "min": 14.2
        },
        "memory": {
          "avg_mb": 10036.46875,
          "max_mb": 10036.46875,
          "min_mb": 10036.46875
        },
        "disk": {
          "read_total_mb": 0.0,
          "write_total_mb": 0.0
        },
        "network": {
          "sent_total_mb": 0.0,
          "recv_total_mb": 0.0
        }
      }
    }
  ]
}