{
  "database": "opensearch",
  "config": {
    "corpus_path": "Data/test_corpus/corpus_sizes/corpus_10k",
    "test_cases_path": "Data/test_corpus/test_cases.json",
    "output_dir": "results/opensearch_scaling_n10/corpus_10k/run_7",
    "opensearch_config": {
      "host": "localhost",
      "port": 9200,
      "index_name": "benchmark_test"
    },
    "embedding_model": "sentence-transformers/all-MiniLM-L6-v2",
    "embedding_type": "sentence-transformers",
    "chunk_size": 512,
    "chunk_overlap": 50,
    "chunk_strategy": "fixed",
    "top_k_values": [
      1,
      3,
      5,
      10,
      20
    ],
    "batch_size": 100
  },
  "timestamp": "2026-01-10 07:45:32",
  "ingestion": {
    "total_time_sec": 247.46802616119385,
    "num_documents": 1,
    "num_chunks": 69903,
    "parsing_time_sec": 0.14159798622131348,
    "embedding_time_sec": 169.08219504356384,
    "insertion_time_sec": 77.34411001205444
  },
  "query_results": [
    {
      "top_k": 1,
      "num_queries": 10,
      "avg_latency_ms": 53.724026679992676,
      "p50_latency_ms": 33.675193786621094,
      "p95_latency_ms": 292.47498512268066,
      "p99_latency_ms": 292.47498512268066,
      "min_latency_ms": 12.679338455200195,
      "max_latency_ms": 292.47498512268066,
      "queries_per_second": 18.613645733528184,
      "avg_similarity": 0.5972839416807366,
      "avg_top1_similarity": 0.5972839416807366,
      "min_similarity": 0.5972839416807366,
      "recall_at_1": 0.0,
      "precision_at_1": 0.0,
      "mrr": 0.0,
      "resource_metrics": {
        "duration": 0.5033438205718994,
        "cpu": {
          "avg": 20.25,
          "max": 26.8,
          "min": 13.7
        },
        "memory": {
          "avg_mb": 8840.75,
          "max_mb": 9493.765625,
          "min_mb": 8187.734375
        },
        "disk": {
          "read_total_mb": 14.1875,
          "write_total_mb": 9.3125
        },
        "network": {
          "sent_total_mb": 0.0830078125,
          "recv_total_mb": 0.083984375
        }
      }
    },
    {
      "top_k": 3,
      "num_queries": 10,
      "avg_latency_ms": 16.16530418395996,
      "p50_latency_ms": 14.95504379272461,
      "p95_latency_ms": 23.082256317138672,
      "p99_latency_ms": 23.082256317138672,
      "min_latency_ms": 12.276172637939453,
      "max_latency_ms": 23.082256317138672,
      "queries_per_second": 61.86088357014964,
      "avg_similarity": 0.5706728865666808,
      "avg_top1_similarity": 0.5972839416807366,
      "min_similarity": 0.5505419497576528,
      "recall_at_3": 0.0,
      "precision_at_3": 0.0,
      "mrr": 0.0,
      "resource_metrics": {
        "duration": 0.0,
        "cpu": {
          "avg": 15.1,
          "max": 15.1,
          "min": 15.1
        },
        "memory": {
          "avg_mb": 9592.28125,
          "max_mb": 9592.28125,
          "min_mb": 9592.28125
        },
        "disk": {
          "read_total_mb": 0.3515625,
          "write_total_mb": 0.0
        },
        "network": {
          "sent_total_mb": 0.0,
          "recv_total_mb": 0.0
        }
      }
    },
    {
      "top_k": 5,
      "num_queries": 10,
      "avg_latency_ms": 14.859580993652344,
      "p50_latency_ms": 14.308929443359375,
      "p95_latency_ms": 20.53093910217285,
      "p99_latency_ms": 20.53093910217285,
      "min_latency_ms": 12.562036514282227,
      "max_latency_ms": 20.53093910217285,
      "queries_per_second": 67.29664856816461,
      "avg_similarity": 0.5560519406742831,
      "avg_top1_similarity": 0.5972839416807366,
      "min_similarity": 0.5299822483351335,
      "recall_at_5": 0.0,
      "precision_at_5": 0.0,
      "mrr": 0.0,
      "resource_metrics": {
        "duration": 0.0,
        "cpu": {
          "avg": 16.1,
          "max": 16.1,
          "min": 16.1
        },
        "memory": {
          "avg_mb": 9624.21875,
          "max_mb": 9624.21875,
          "min_mb": 9624.21875
        },
        "disk": {
          "read_total_mb": 0.06640625,
          "write_total_mb": 0.0
        },
        "network": {
          "sent_total_mb": 0.0009765625,
          "recv_total_mb": 0.0
        }
      }
    },
    {
      "top_k": 10,
      "num_queries": 10,
      "avg_latency_ms": 16.823458671569824,
      "p50_latency_ms": 16.681194305419922,
      "p95_latency_ms": 24.970054626464844,
      "p99_latency_ms": 24.970054626464844,
      "min_latency_ms": 13.29183578491211,
      "max_latency_ms": 24.970054626464844,
      "queries_per_second": 59.44080937945969,
      "avg_similarity": 0.53193146756994,
      "avg_top1_similarity": 0.5972839416807366,
      "min_similarity": 0.495618100346762,
      "recall_at_10": 0.0,
      "precision_at_10": 0.0,
      "mrr": 0.0,
      "resource_metrics": {
        "duration": 0.0,
        "cpu": {
          "avg": 15.6,
          "max": 15.6,
          "min": 15.6
        },
        "memory": {
          "avg_mb": 9511.0625,
          "max_mb": 9511.0625,
          "min_mb": 9511.0625
        },
        "disk": {
          "read_total_mb": 0.05078125,
          "write_total_mb": 0.0
        },
        "network": {
          "sent_total_mb": 0.0,
          "recv_total_mb": 0.0
        }
      }
    },
    {
      "top_k": 20,
      "num_queries": 10,
      "avg_latency_ms": 20.43023109436035,
      "p50_latency_ms": 19.819021224975586,
      "p95_latency_ms": 28.318166732788086,
      "p99_latency_ms": 28.318166732788086,
      "min_latency_ms": 18.17917823791504,
      "max_latency_ms": 28.318166732788086,
      "queries_per_second": 48.94707237433278,
      "avg_similarity": 0.5037875649668875,
      "avg_top1_similarity": 0.5972839416807366,
      "min_similarity": 0.4634092017181498,
      "recall_at_20": 0.0,
      "precision_at_20": 0.0,
      "mrr": 0.0,
      "resource_metrics": {
        "duration": 0.0,
        "cpu": {
          "avg": 16.3,
          "max": 16.3,
          "min": 16.3
        },
        "memory": {
          "avg_mb": 9487.25,
          "max_mb": 9487.25,
          "min_mb": 9487.25
        },
        "disk": {
          "read_total_mb": 0.0703125,
          "write_total_mb": 0.0
        },
        "network": {
          "sent_total_mb": 0.0,
          "recv_total_mb": 0.0
        }
      }
    }
  ]
}