{
  "database": "faiss",
  "config": {
    "corpus_path": "Data/test_corpus/documents",
    "test_cases_path": "Data/test_corpus/test_cases.json",
    "output_dir": "results/faiss_scaling_n10/corpus_baseline/run_8",
    "faiss_config": {
      "index_path": "./vector_stores/faiss_index.index",
      "index_type": "Flat"
    },
    "embedding_model": "sentence-transformers/all-MiniLM-L6-v2",
    "embedding_type": "sentence-transformers",
    "chunk_size": 512,
    "chunk_overlap": 50,
    "chunk_strategy": "fixed",
    "top_k_values": [
      1,
      3,
      5,
      10,
      20
    ],
    "batch_size": 100
  },
  "timestamp": "2026-01-09 04:17:12",
  "ingestion": {
    "total_time_sec": 0.512291669845581,
    "num_documents": 20,
    "num_chunks": 175,
    "parsing_time_sec": 0.00019812583923339844,
    "embedding_time_sec": 0.28864192962646484,
    "insertion_time_sec": 0.00014019012451171875
  },
  "query_results": [
    {
      "top_k": 1,
      "num_queries": 10,
      "avg_latency_ms": 20.579171180725098,
      "p50_latency_ms": 20.260095596313477,
      "p95_latency_ms": 60.56809425354004,
      "p99_latency_ms": 60.56809425354004,
      "min_latency_ms": 4.535198211669922,
      "max_latency_ms": 60.56809425354004,
      "queries_per_second": 48.5928218983193,
      "avg_similarity": 0.6558685830481964,
      "avg_top1_similarity": 0.6558685830481964,
      "min_similarity": 0.6558685830481964,
      "recall_at_1": 0.0,
      "precision_at_1": 0.0,
      "mrr": 0.0,
      "resource_metrics": {
        "duration": 0.0,
        "cpu": {
          "avg": 10.2,
          "max": 10.2,
          "min": 10.2
        },
        "memory": {
          "avg_mb": 9648.59375,
          "max_mb": 9648.59375,
          "min_mb": 9648.59375
        },
        "disk": {
          "read_total_mb": 0.0,
          "write_total_mb": 0.0
        },
        "network": {
          "sent_total_mb": 0.0,
          "recv_total_mb": 0.0
        }
      }
    },
    {
      "top_k": 3,
      "num_queries": 10,
      "avg_latency_ms": 8.359551429748535,
      "p50_latency_ms": 7.955074310302734,
      "p95_latency_ms": 12.275218963623047,
      "p99_latency_ms": 12.275218963623047,
      "min_latency_ms": 5.795955657958984,
      "max_latency_ms": 12.275218963623047,
      "queries_per_second": 119.62364349376114,
      "avg_similarity": 0.6207565974181617,
      "avg_top1_similarity": 0.6558685830481964,
      "min_similarity": 0.5930177544379064,
      "recall_at_3": 0.0,
      "precision_at_3": 0.0,
      "mrr": 0.0,
      "resource_metrics": {
        "duration": 0.0,
        "cpu": {
          "avg": 7.7,
          "max": 7.7,
          "min": 7.7
        },
        "memory": {
          "avg_mb": 9592.578125,
          "max_mb": 9592.578125,
          "min_mb": 9592.578125
        },
        "disk": {
          "read_total_mb": 0.0,
          "write_total_mb": 0.0
        },
        "network": {
          "sent_total_mb": 0.0,
          "recv_total_mb": 0.0
        }
      }
    },
    {
      "top_k": 5,
      "num_queries": 10,
      "avg_latency_ms": 9.608078002929688,
      "p50_latency_ms": 9.016752243041992,
      "p95_latency_ms": 15.7470703125,
      "p99_latency_ms": 15.7470703125,
      "min_latency_ms": 7.297039031982422,
      "max_latency_ms": 15.7470703125,
      "queries_per_second": 104.07908841862866,
      "avg_similarity": 0.6046052149619034,
      "avg_top1_similarity": 0.6558685830481964,
      "min_similarity": 0.574238389256997,
      "recall_at_5": 0.0,
      "precision_at_5": 0.0,
      "mrr": 0.0,
      "resource_metrics": {
        "duration": 0.0,
        "cpu": {
          "avg": 7.3,
          "max": 7.3,
          "min": 7.3
        },
        "memory": {
          "avg_mb": 9524.234375,
          "max_mb": 9524.234375,
          "min_mb": 9524.234375
        },
        "disk": {
          "read_total_mb": 0.0,
          "write_total_mb": 0.0
        },
        "network": {
          "sent_total_mb": 0.0,
          "recv_total_mb": 0.0
        }
      }
    },
    {
      "top_k": 10,
      "num_queries": 10,
      "avg_latency_ms": 9.461450576782227,
      "p50_latency_ms": 9.547233581542969,
      "p95_latency_ms": 13.364076614379883,
      "p99_latency_ms": 13.364076614379883,
      "min_latency_ms": 7.678031921386719,
      "max_latency_ms": 13.364076614379883,
      "queries_per_second": 105.69203864510308,
      "avg_similarity": 0.5790956195186044,
      "avg_top1_similarity": 0.6558685830481964,
      "min_similarity": 0.5425923134499462,
      "recall_at_10": 0.0,
      "precision_at_10": 0.0,
      "mrr": 0.0,
      "resource_metrics": {
        "duration": 0.0,
        "cpu": {
          "avg": 6.8,
          "max": 6.8,
          "min": 6.8
        },
        "memory": {
          "avg_mb": 9491.3125,
          "max_mb": 9491.3125,
          "min_mb": 9491.3125
        },
        "disk": {
          "read_total_mb": 0.0,
          "write_total_mb": 0.0
        },
        "network": {
          "sent_total_mb": 0.0,
          "recv_total_mb": 0.0
        }
      }
    },
    {
      "top_k": 20,
      "num_queries": 10,
      "avg_latency_ms": 9.669065475463867,
      "p50_latency_ms": 9.356975555419922,
      "p95_latency_ms": 14.847993850708008,
      "p99_latency_ms": 14.847993850708008,
      "min_latency_ms": 7.318735122680664,
      "max_latency_ms": 14.847993850708008,
      "queries_per_second": 103.42261126864751,
      "avg_similarity": 0.5453628752030946,
      "avg_top1_similarity": 0.6558685830481964,
      "min_similarity": 0.4985174671610725,
      "recall_at_20": 0.0,
      "precision_at_20": 0.0,
      "mrr": 0.0,
      "resource_metrics": {
        "duration": 0.0,
        "cpu": {
          "avg": 7.8,
          "max": 7.8,
          "min": 7.8
        },
        "memory": {
          "avg_mb": 9513.921875,
          "max_mb": 9513.921875,
          "min_mb": 9513.921875
        },
        "disk": {
          "read_total_mb": 0.0,
          "write_total_mb": 0.0
        },
        "network": {
          "sent_total_mb": 0.0,
          "recv_total_mb": 0.0
        }
      }
    }
  ]
}