{
  "database": "qdrant",
  "config": {
    "corpus_path": "Data/test_corpus/corpus_sizes/corpus_1k",
    "test_cases_path": "Data/test_corpus/test_cases.json",
    "output_dir": "results/qdrant_scaling_n10/corpus_1k/run_10",
    "qdrant_config": {
      "host": "localhost",
      "port": 6333,
      "collection_name": "benchmark_test"
    },
    "embedding_model": "sentence-transformers/all-MiniLM-L6-v2",
    "embedding_type": "sentence-transformers",
    "chunk_size": 512,
    "chunk_overlap": 50,
    "chunk_strategy": "fixed",
    "top_k_values": [
      1,
      3,
      5,
      10,
      20
    ],
    "batch_size": 100
  },
  "timestamp": "2026-01-10 01:15:47",
  "ingestion": {
    "total_time_sec": 15.229384899139404,
    "num_documents": 1,
    "num_chunks": 5562,
    "parsing_time_sec": 0.09192705154418945,
    "embedding_time_sec": 13.340520858764648,
    "insertion_time_sec": 1.296694040298462
  },
  "query_results": [
    {
      "top_k": 1,
      "num_queries": 10,
      "avg_latency_ms": 27.432966232299805,
      "p50_latency_ms": 28.78284454345703,
      "p95_latency_ms": 63.317060470581055,
      "p99_latency_ms": 63.317060470581055,
      "min_latency_ms": 10.772943496704102,
      "max_latency_ms": 63.317060470581055,
      "queries_per_second": 36.452492651800505,
      "avg_similarity": 0.5281620020000001,
      "avg_top1_similarity": 0.5281620020000001,
      "min_similarity": 0.5281620020000001,
      "recall_at_1": 0.0,
      "precision_at_1": 0.0,
      "mrr": 0.0,
      "resource_metrics": {
        "duration": 0.0,
        "cpu": {
          "avg": 0.0,
          "max": 0.0,
          "min": 0.0
        },
        "memory": {
          "avg_mb": 11822.265625,
          "max_mb": 11822.265625,
          "min_mb": 11822.265625
        },
        "disk": {
          "read_total_mb": 0.0,
          "write_total_mb": 0.0
        },
        "network": {
          "sent_total_mb": 0.0,
          "recv_total_mb": 0.0
        }
      }
    },
    {
      "top_k": 3,
      "num_queries": 10,
      "avg_latency_ms": 12.17501163482666,
      "p50_latency_ms": 11.587858200073242,
      "p95_latency_ms": 16.52669906616211,
      "p99_latency_ms": 16.52669906616211,
      "min_latency_ms": 10.340690612792969,
      "max_latency_ms": 16.52669906616211,
      "queries_per_second": 82.13544512265571,
      "avg_similarity": 0.5003335266666666,
      "avg_top1_similarity": 0.5281620020000001,
      "min_similarity": 0.476975543,
      "recall_at_3": 0.0,
      "precision_at_3": 0.0,
      "mrr": 0.0,
      "resource_metrics": {
        "duration": 0.0,
        "cpu": {
          "avg": 15.0,
          "max": 15.0,
          "min": 15.0
        },
        "memory": {
          "avg_mb": 11787.40625,
          "max_mb": 11787.40625,
          "min_mb": 11787.40625
        },
        "disk": {
          "read_total_mb": 0.0,
          "write_total_mb": 0.0
        },
        "network": {
          "sent_total_mb": 0.0,
          "recv_total_mb": 0.0
        }
      }
    },
    {
      "top_k": 5,
      "num_queries": 10,
      "avg_latency_ms": 11.634564399719238,
      "p50_latency_ms": 11.234760284423828,
      "p95_latency_ms": 16.508102416992188,
      "p99_latency_ms": 16.508102416992188,
      "min_latency_ms": 9.037017822265625,
      "max_latency_ms": 16.508102416992188,
      "queries_per_second": 85.95078987436192,
      "avg_similarity": 0.4829400239999999,
      "avg_top1_similarity": 0.5281620020000001,
      "min_similarity": 0.45247994700000005,
      "recall_at_5": 0.0,
      "precision_at_5": 0.0,
      "mrr": 0.0,
      "resource_metrics": {
        "duration": 0.0,
        "cpu": {
          "avg": 12.3,
          "max": 12.3,
          "min": 12.3
        },
        "memory": {
          "avg_mb": 11849.53125,
          "max_mb": 11849.53125,
          "min_mb": 11849.53125
        },
        "disk": {
          "read_total_mb": 0.0,
          "write_total_mb": 0.0
        },
        "network": {
          "sent_total_mb": 0.0,
          "recv_total_mb": 0.0
        }
      }
    },
    {
      "top_k": 10,
      "num_queries": 10,
      "avg_latency_ms": 12.639045715332031,
      "p50_latency_ms": 12.069225311279297,
      "p95_latency_ms": 17.369985580444336,
      "p99_latency_ms": 17.369985580444336,
      "min_latency_ms": 9.802818298339844,
      "max_latency_ms": 17.369985580444336,
      "queries_per_second": 79.1198973817249,
      "avg_similarity": 0.45815165759999993,
      "avg_top1_similarity": 0.5281620020000001,
      "min_similarity": 0.421965243,
      "recall_at_10": 0.0,
      "precision_at_10": 0.0,
      "mrr": 0.0,
      "resource_metrics": {
        "duration": 0.0,
        "cpu": {
          "avg": 11.3,
          "max": 11.3,
          "min": 11.3
        },
        "memory": {
          "avg_mb": 11850.96875,
          "max_mb": 11850.96875,
          "min_mb": 11850.96875
        },
        "disk": {
          "read_total_mb": 0.0,
          "write_total_mb": 0.0
        },
        "network": {
          "sent_total_mb": 0.0,
          "recv_total_mb": 0.0
        }
      }
    },
    {
      "top_k": 20,
      "num_queries": 10,
      "avg_latency_ms": 12.302970886230469,
      "p50_latency_ms": 11.945962905883789,
      "p95_latency_ms": 16.417980194091797,
      "p99_latency_ms": 16.417980194091797,
      "min_latency_ms": 10.360956192016602,
      "max_latency_ms": 16.417980194091797,
      "queries_per_second": 81.28118072027658,
      "avg_similarity": 0.4276215199499999,
      "avg_top1_similarity": 0.5281620020000001,
      "min_similarity": 0.382506981,
      "recall_at_20": 0.0,
      "precision_at_20": 0.0,
      "mrr": 0.0,
      "resource_metrics": {
        "duration": 0.0,
        "cpu": {
          "avg": 15.5,
          "max": 15.5,
          "min": 15.5
        },
        "memory": {
          "avg_mb": 11748.375,
          "max_mb": 11748.375,
          "min_mb": 11748.375
        },
        "disk": {
          "read_total_mb": 0.0,
          "write_total_mb": 0.0
        },
        "network": {
          "sent_total_mb": 0.0,
          "recv_total_mb": 0.0
        }
      }
    }
  ]
}