{
  "database": "pgvector",
  "index_type": "ivfflat",
  "timestamp": "20260105_132301",
  "n_runs": 3,
  "results_by_corpus": {
    "baseline": {
      "n_runs": 3,
      "aggregated_metrics": {
        "embedding_time": {
          "mean": 0.3442811171213786,
          "std": 0.0186276959869019,
          "min": 0.3189423084259033,
          "max": 0.3631911277770996,
          "cv": 5.410606350604637
        },
        "p50_latency_ms": {
          "mean": 10.599295298258463,
          "std": 1.6199778092870882,
          "min": 8.746862411499023,
          "max": 12.692928314208984,
          "cv": 15.28382561011638
        },
        "queries_per_second": {
          "mean": 93.62576452238405,
          "std": 13.823388399238413,
          "min": 80.44141761489497,
          "max": 112.71829187998011,
          "cv": 14.764513240298847
        },
        "avg_similarity": {
          "mean": 0.6881673020859459,
          "std": 1.1102230246251565e-16,
          "min": 0.6881673020859458,
          "max": 0.6881673020859458,
          "cv": 1.6133039469615774e-14
        },
        "num_chunks": {
          "mean": 175.0,
          "std": 0.0,
          "min": 175.0,
          "max": 175.0,
          "cv": 0.0
        },
        "avg_latency_ms": {
          "mean": 10.901101430257162,
          "std": 1.4954966501834541,
          "min": 8.871674537658691,
          "max": 12.43140697479248,
          "cv": 13.71876649117808
        },
        "ingestion_time": {
          "mean": 0.5045105616251627,
          "std": 0.0017883417791995314,
          "min": 0.5027151107788086,
          "max": 0.506950855255127,
          "cv": 0.3544706325748279
        },
        "p95_latency_ms": {
          "mean": 14.991839726765951,
          "std": 1.6436212598225333,
          "min": 12.740135192871094,
          "max": 16.617298126220703,
          "cv": 10.963439376209875
        },
        "cpu_avg": {
          "mean": 19.6,
          "std": 5.3795910625251055,
          "min": 15.5,
          "max": 27.2,
          "cv": 27.446893176148496
        },
        "memory_avg_mb": {
          "mean": 8870.057291666666,
          "std": 113.23252855519686,
          "min": 8751.75,
          "max": 9022.671875,
          "cv": 1.2765704305154573
        },
        "insertion_time": {
          "mean": 0.11775755882263184,
          "std": 0.0032298599141632792,
          "min": 0.11363482475280762,
          "max": 0.1215219497680664,
          "cv": 2.742804747700436
        },
        "avg_top1_similarity": {
          "mean": 0.7316954973735107,
          "std": 0.0,
          "min": 0.7316954973735107,
          "max": 0.7316954973735107,
          "cv": 0.0
        }
      },
      "raw_runs": [
        {
          "ingestion_time": 0.5038657188415527,
          "num_chunks": 175,
          "embedding_time": 0.3631911277770996,
          "insertion_time": 0.11363482475280762,
          "avg_latency_ms": 11.400222778320312,
          "p50_latency_ms": 10.358095169067383,
          "p95_latency_ms": 16.617298126220703,
          "queries_per_second": 87.71758407227706,
          "avg_similarity": 0.6881673020859458,
          "avg_top1_similarity": 0.7316954973735107,
          "cpu_avg": 15.5,
          "memory_avg_mb": 9022.671875
        },
        {
          "ingestion_time": 0.5027151107788086,
          "num_chunks": 175,
          "embedding_time": 0.3507099151611328,
          "insertion_time": 0.1215219497680664,
          "avg_latency_ms": 12.43140697479248,
          "p50_latency_ms": 12.692928314208984,
          "p95_latency_ms": 15.618085861206055,
          "queries_per_second": 80.44141761489497,
          "avg_similarity": 0.6881673020859458,
          "avg_top1_similarity": 0.7316954973735107,
          "cpu_avg": 27.2,
          "memory_avg_mb": 8835.75
        },
        {
          "ingestion_time": 0.506950855255127,
          "num_chunks": 175,
          "embedding_time": 0.3189423084259033,
          "insertion_time": 0.11811590194702148,
          "avg_latency_ms": 8.871674537658691,
          "p50_latency_ms": 8.746862411499023,
          "p95_latency_ms": 12.740135192871094,
          "queries_per_second": 112.71829187998011,
          "avg_similarity": 0.6881673020859458,
          "avg_top1_similarity": 0.7316954973735107,
          "cpu_avg": 16.1,
          "memory_avg_mb": 8751.75
        }
      ]
    },
    "1k": {
      "n_runs": 3,
      "aggregated_metrics": {
        "embedding_time": {
          "mean": 14.055558681488037,
          "std": 0.21715540291673882,
          "min": 13.785052061080933,
          "max": 14.316725969314575,
          "cv": 1.5449788075855335
        },
        "p50_latency_ms": {
          "mean": 11.373281478881836,
          "std": 0.1590315666427226,
          "min": 11.157035827636719,
          "max": 11.534929275512695,
          "cv": 1.3982909588408234
        },
        "queries_per_second": {
          "mean": 87.8145874153676,
          "std": 2.5513912882313448,
          "min": 84.33185820245819,
          "max": 90.37286338828427,
          "cv": 2.9054299101391097
        },
        "avg_similarity": {
          "mean": 0.5003335539457303,
          "std": 0.0,
          "min": 0.5003335539457303,
          "max": 0.5003335539457303,
          "cv": 0.0
        },
        "num_chunks": {
          "mean": 5562.0,
          "std": 0.0,
          "min": 5562.0,
          "max": 5562.0,
          "cv": 0.0
        },
        "avg_latency_ms": {
          "mean": 11.397393544514975,
          "std": 0.33609155448239,
          "min": 11.065268516540527,
          "max": 11.857914924621582,
          "cv": 2.948845744158189
        },
        "ingestion_time": {
          "mean": 16.843732357025146,
          "std": 0.2438543457571533,
          "min": 16.670401096343994,
          "max": 17.1885929107666,
          "cv": 1.4477453131428266
        },
        "p95_latency_ms": {
          "mean": 14.304399490356445,
          "std": 1.6668598527784642,
          "min": 12.585878372192383,
          "max": 16.561031341552734,
          "cv": 11.652777552124478
        },
        "cpu_avg": {
          "mean": 9.233333333333334,
          "std": 6.650480350237033,
          "min": 0.0,
          "max": 15.4,
          "cv": 72.02686299895703
        },
        "memory_avg_mb": {
          "mean": 10085.338541666666,
          "std": 67.63566773786758,
          "min": 10005.984375,
          "max": 10171.265625,
          "cv": 0.6706335881382358
        },
        "insertion_time": {
          "mean": 2.5950823624928794,
          "std": 0.018721395298537443,
          "min": 2.576082944869995,
          "max": 2.6205508708953857,
          "cv": 0.7214181549349116
        },
        "avg_top1_similarity": {
          "mean": 0.528162035344304,
          "std": 0.0,
          "min": 0.528162035344304,
          "max": 0.528162035344304,
          "cv": 0.0
        }
      },
      "raw_runs": [
        {
          "ingestion_time": 16.672203063964844,
          "num_chunks": 5562,
          "embedding_time": 13.785052061080933,
          "insertion_time": 2.6205508708953857,
          "avg_latency_ms": 11.857914924621582,
          "p50_latency_ms": 11.534929275512695,
          "p95_latency_ms": 16.561031341552734,
          "queries_per_second": 84.33185820245819,
          "avg_similarity": 0.5003335539457303,
          "avg_top1_similarity": 0.528162035344304,
          "cpu_avg": 0.0,
          "memory_avg_mb": 10078.765625
        },
        {
          "ingestion_time": 16.670401096343994,
          "num_chunks": 5562,
          "embedding_time": 14.064898014068604,
          "insertion_time": 2.576082944869995,
          "avg_latency_ms": 11.065268516540527,
          "p50_latency_ms": 11.157035827636719,
          "p95_latency_ms": 12.585878372192383,
          "queries_per_second": 90.37286338828427,
          "avg_similarity": 0.5003335539457303,