{
  "database": "qdrant",
  "config": {
    "corpus_path": "Data/test_corpus/documents",
    "test_cases_path": "Data/test_corpus/test_cases.json",
    "output_dir": "results/qdrant_scaling_n10/corpus_baseline/run_8",
    "qdrant_config": {
      "host": "localhost",
      "port": 6333,
      "collection_name": "benchmark_test"
    },
    "embedding_model": "sentence-transformers/all-MiniLM-L6-v2",
    "embedding_type": "sentence-transformers",
    "chunk_size": 512,
    "chunk_overlap": 50,
    "chunk_strategy": "fixed",
    "top_k_values": [
      1,
      3,
      5,
      10,
      20
    ],
    "batch_size": 100
  },
  "timestamp": "2026-01-10 03:03:15",
  "ingestion": {
    "total_time_sec": 0.5116631984710693,
    "num_documents": 20,
    "num_chunks": 175,
    "parsing_time_sec": 0.00015401840209960938,
    "embedding_time_sec": 0.2934720516204834,
    "insertion_time_sec": 0.05228400230407715
  },
  "query_results": [
    {
      "top_k": 1,
      "num_queries": 10,
      "avg_latency_ms": 24.898719787597656,
      "p50_latency_ms": 27.926206588745117,
      "p95_latency_ms": 48.546791076660156,
      "p99_latency_ms": 48.546791076660156,
      "min_latency_ms": 8.410215377807617,
      "max_latency_ms": 48.546791076660156,
      "queries_per_second": 40.16270750185765,
      "avg_similarity": 0.7316954950000001,
      "avg_top1_similarity": 0.7316954950000001,
      "min_similarity": 0.7316954950000001,
      "recall_at_1": 0.0,
      "precision_at_1": 0.0,
      "mrr": 0.0,
      "resource_metrics": {
        "duration": 0.0,
        "cpu": {
          "avg": 14.6,
          "max": 14.6,
          "min": 14.6
        },
        "memory": {
          "avg_mb": 11928.453125,
          "max_mb": 11928.453125,
          "min_mb": 11928.453125
        },
        "disk": {
          "read_total_mb": 0.0,
          "write_total_mb": 0.0
        },
        "network": {
          "sent_total_mb": 0.0,
          "recv_total_mb": 0.0
        }
      }
    },
    {
      "top_k": 3,
      "num_queries": 10,
      "avg_latency_ms": 20.19217014312744,
      "p50_latency_ms": 10.908842086791992,
      "p95_latency_ms": 105.29327392578125,
      "p99_latency_ms": 105.29327392578125,
      "min_latency_ms": 8.405208587646484,
      "max_latency_ms": 105.29327392578125,
      "queries_per_second": 49.52414688028754,
      "avg_similarity": 0.6881672943333332,
      "avg_top1_similarity": 0.7316954950000001,
      "min_similarity": 0.6527654500000001,
      "recall_at_3": 0.0,
      "precision_at_3": 0.0,
      "mrr": 0.0,
      "resource_metrics": {
        "duration": 0.0,
        "cpu": {
          "avg": 15.1,
          "max": 15.1,
          "min": 15.1
        },
        "memory": {
          "avg_mb": 11928.25,
          "max_mb": 11928.25,
          "min_mb": 11928.25
        },
        "disk": {
          "read_total_mb": 0.0,
          "write_total_mb": 0.0
        },
        "network": {
          "sent_total_mb": 0.0,
          "recv_total_mb": 0.0
        }
      }
    },
    {
      "top_k": 5,
      "num_queries": 10,
      "avg_latency_ms": 11.710929870605469,
      "p50_latency_ms": 11.121988296508789,
      "p95_latency_ms": 16.810894012451172,
      "p99_latency_ms": 16.810894012451172,
      "min_latency_ms": 9.60993766784668,
      "max_latency_ms": 16.810894012451172,
      "queries_per_second": 85.39031580318898,
      "avg_similarity": 0.6663784032,
      "avg_top1_similarity": 0.7316954950000001,
      "min_similarity": 0.624387176,
      "recall_at_5": 0.0,
      "precision_at_5": 0.0,
      "mrr": 0.0,
      "resource_metrics": {
        "duration": 0.0,
        "cpu": {
          "avg": 13.5,
          "max": 13.5,
          "min": 13.5
        },
        "memory": {
          "avg_mb": 11855.5625,
          "max_mb": 11855.5625,
          "min_mb": 11855.5625
        },
        "disk": {
          "read_total_mb": 0.0,
          "write_total_mb": 0.0
        },
        "network": {
          "sent_total_mb": 0.0,
          "recv_total_mb": 0.0
        }
      }
    },
    {
      "top_k": 10,
      "num_queries": 10,
      "avg_latency_ms": 12.054967880249023,
      "p50_latency_ms": 11.734962463378906,
      "p95_latency_ms": 14.856815338134766,
      "p99_latency_ms": 14.856815338134766,
      "min_latency_ms": 10.977745056152344,
      "max_latency_ms": 14.856815338134766,
      "queries_per_second": 82.95335250444008,
      "avg_similarity": 0.6292959034,
      "avg_top1_similarity": 0.7316954950000001,
      "min_similarity": 0.573929708,
      "recall_at_10": 0.0,
      "precision_at_10": 0.0,
      "mrr": 0.0,
      "resource_metrics": {
        "duration": 0.0,
        "cpu": {
          "avg": 13.2,
          "max": 13.2,
          "min": 13.2
        },
        "memory": {
          "avg_mb": 11929.84375,
          "max_mb": 11929.84375,
          "min_mb": 11929.84375
        },
        "disk": {
          "read_total_mb": 0.0,
          "write_total_mb": 0.0
        },
        "network": {
          "sent_total_mb": 0.0,
          "recv_total_mb": 0.0
        }
      }
    },
    {
      "top_k": 20,
      "num_queries": 10,
      "avg_latency_ms": 11.948657035827637,
      "p50_latency_ms": 11.55996322631836,
      "p95_latency_ms": 17.90022850036621,
      "p99_latency_ms": 17.90022850036621,
      "min_latency_ms": 9.706974029541016,
      "max_latency_ms": 17.90022850036621,
      "queries_per_second": 83.69141377156734,
      "avg_similarity": 0.5740238879499999,
      "avg_top1_similarity": 0.7316954950000001,
      "min_similarity": 0.493848167,
      "recall_at_20": 0.0,
      "precision_at_20": 0.0,
      "mrr": 0.0,
      "resource_metrics": {
        "duration": 0.0,
        "cpu": {
          "avg": 20.2,
          "max": 20.2,
          "min": 20.2
        },
        "memory": {
          "avg_mb": 11933.28125,
          "max_mb": 11933.28125,
          "min_mb": 11933.28125
        },
        "disk": {
          "read_total_mb": 0.0,
          "write_total_mb": 0.0
        },
        "network": {
          "sent_total_mb": 0.0,
          "recv_total_mb": 0.0
        }
      }
    }
  ]
}