{
  "database": "faiss",
  "config": {
    "corpus_path": "Data/test_corpus/corpus_sizes/corpus_500k",
    "test_cases_path": "Data/test_corpus/test_cases.json",
    "output_dir": "results/faiss_scaling_experiment/corpus_500k",
    "faiss_config": {
      "index_path": "./vector_stores/faiss_index.index",
      "index_type": "Flat"
    },
    "embedding_model": "sentence-transformers/all-MiniLM-L6-v2",
    "embedding_type": "sentence-transformers",
    "chunk_size": 512,
    "chunk_overlap": 50,
    "chunk_strategy": "fixed",
    "top_k_values": [
      1,
      3,
      5,
      10,
      20
    ],
    "batch_size": 100
  },
  "timestamp": "2025-12-16 12:32:38",
  "ingestion": {
    "total_time_sec": 5631.610442876816,
    "num_documents": 1,
    "num_chunks": 2249072,
    "parsing_time_sec": 3.228411912918091,
    "embedding_time_sec": 5613.801679134369,
    "insertion_time_sec": 5.19244384765625
  },
  "query_results": [
    {
      "top_k": 1,
      "num_queries": 10,
      "avg_latency_ms": 381.7458391189575,
      "p50_latency_ms": 86.22002601623535,
      "p95_latency_ms": 3091.078281402588,
      "p99_latency_ms": 3091.078281402588,
      "min_latency_ms": 64.26119804382324,
      "max_latency_ms": 3091.078281402588,
      "queries_per_second": 2.6195439413509507,
      "avg_similarity": 0.6081104759530154,
      "avg_top1_similarity": 0.6081104759530154,
      "min_similarity": 0.6081104759530154,
      "recall_at_1": 0.0,
      "precision_at_1": 0.0,
      "mrr": 0.0,
      "resource_metrics": {
        "duration": 3.5505568981170654,
        "cpu": {
          "avg": 15.975000000000001,
          "max": 24.7,
          "min": 0.0
        },
        "memory": {
          "avg_mb": 9165.23828125,
          "max_mb": 10487.0625,
          "min_mb": 8241.421875
        },
        "disk": {
          "read_total_mb": 1060.73046875,
          "write_total_mb": 2.34375
        },
        "network": {
          "sent_total_mb": 0.0146484375,
          "recv_total_mb": 0.0146484375
        }
      }
    },
    {
      "top_k": 3,
      "num_queries": 10,
      "avg_latency_ms": 63.36660385131836,
      "p50_latency_ms": 62.27993965148926,
      "p95_latency_ms": 73.49896430969238,
      "p99_latency_ms": 73.49896430969238,
      "min_latency_ms": 59.693098068237305,
      "max_latency_ms": 73.49896430969238,
      "queries_per_second": 15.781183450297766,
      "avg_similarity": 0.5970919434566881,
      "avg_top1_similarity": 0.6081104759530154,
      "min_similarity": 0.5869038129129002,
      "recall_at_3": 0.0,
      "precision_at_3": 0.0,
      "mrr": 0.0,
      "resource_metrics": {
        "duration": 0.508887767791748,
        "cpu": {
          "avg": 17.55,
          "max": 18.8,
          "min": 16.3
        },
        "memory": {
          "avg_mb": 10479.8515625,
          "max_mb": 10480.140625,
          "min_mb": 10479.5625
        },
        "disk": {
          "read_total_mb": 3.58984375,
          "write_total_mb": 0.0078125
        },
        "network": {
          "sent_total_mb": 0.0009765625,
          "recv_total_mb": 0.0
        }
      }
    },
    {
      "top_k": 5,
      "num_queries": 10,
      "avg_latency_ms": 63.82560729980469,
      "p50_latency_ms": 62.20602989196777,
      "p95_latency_ms": 79.36692237854004,
      "p99_latency_ms": 79.36692237854004,
      "min_latency_ms": 59.780120849609375,
      "max_latency_ms": 79.36692237854004,
      "queries_per_second": 15.667692675492335,
      "avg_similarity": 0.589569724902797,
      "avg_top1_similarity": 0.6081104759530154,
      "min_similarity": 0.5767552424979981,
      "recall_at_5": 0.0,
      "precision_at_5": 0.0,
      "mrr": 0.0,
      "resource_metrics": {
        "duration": 0.5100369453430176,
        "cpu": {
          "avg": 16.55,
          "max": 18.7,
          "min": 14.4
        },
        "memory": {
          "avg_mb": 10471.2109375,
          "max_mb": 10473.203125,
          "min_mb": 10469.21875
        },
        "disk": {
          "read_total_mb": 1.296875,
          "write_total_mb": 0.046875
        },
        "network": {
          "sent_total_mb": 0.0029296875,
          "recv_total_mb": 0.001953125
        }
      }
    },
    {
      "top_k": 10,
      "num_queries": 10,
      "avg_latency_ms": 62.700843811035156,
      "p50_latency_ms": 60.86277961730957,
      "p95_latency_ms": 79.33497428894043,
      "p99_latency_ms": 79.33497428894043,
      "min_latency_ms": 57.17206001281738,
      "max_latency_ms": 79.33497428894043,
      "queries_per_second": 15.948748680540135,
      "avg_similarity": 0.5771787789131821,
      "avg_top1_similarity": 0.6081104759530154,
      "min_similarity": 0.5588513399533241,
      "recall_at_10": 0.0,
      "precision_at_10": 0.0,
      "mrr": 0.0,
      "resource_metrics": {
        "duration": 0.5024468898773193,
        "cpu": {
          "avg": 17.5,
          "max": 19.4,
          "min": 15.6
        },
        "memory": {
          "avg_mb": 10460.265625,
          "max_mb": 10463.0625,
          "min_mb": 10457.46875
        },
        "disk": {
          "read_total_mb": 1.19140625,
          "write_total_mb": 0.00390625
        },
        "network": {
          "sent_total_mb": 0.0009765625,
          "recv_total_mb": 0.0009765625
        }
      }
    },
    {
      "top_k": 20,
      "num_queries": 10,
      "avg_latency_ms": 69.36540603637695,
      "p50_latency_ms": 66.69998168945312,
      "p95_latency_ms": 88.31000328063965,
      "p99_latency_ms": 88.31000328063965,
      "min_latency_ms": 59.70883369445801,
      "max_latency_ms": 88.31000328063965,
      "queries_per_second": 14.416408079202693,
      "avg_similarity": 0.5616581162708834,
      "avg_top1_similarity": 0.6081104759530154,
      "min_similarity": 0.5375578751597476,
      "recall_at_20": 0.0,
      "precision_at_20": 0.0,
      "mrr": 0.0,
      "resource_metrics": {
        "duration": 0.5107667446136475,
        "cpu": {
          "avg": 18.7,
          "max": 23.5,
          "min": 13.9
        },
        "memory": {
          "avg_mb": 10438.296875,
          "max_mb": 10452.171875,
          "min_mb": 10424.421875
        },
        "disk": {
          "read_total_mb": 3.265625,
          "write_total_mb": 0.0
        },
        "network": {
          "sent_total_mb": 0.0009765625,
          "recv_total_mb": 0.0009765625
        }
      }
    }
  ]
}