{
  "database": "pgvector",
  "config": {
    "corpus_path": "Data/test_corpus/corpus_sizes/corpus_50k",
    "test_cases_path": "Data/test_corpus/test_cases.json",
    "output_dir": "results/pgvector_ivfflat_scaling_n3/corpus_50k/run_2",
    "pgvector_config": {
      "host": "localhost",
      "port": 5433,
      "database": "vectordb",
      "user": "postgres",
      "password": "postgres",
      "table_name": "benchmark_test",
      "index_type": "ivfflat"
    },
    "embedding_model": "sentence-transformers/all-MiniLM-L6-v2",
    "embedding_type": "sentence-transformers",
    "chunk_size": 512,
    "chunk_overlap": 50,
    "chunk_strategy": "fixed",
    "top_k_values": [
      1,
      3,
      5,
      10,
      20
    ],
    "batch_size": 100
  },
  "timestamp": "2026-01-05 14:08:35",
  "ingestion": {
    "total_time_sec": 1013.2590379714966,
    "num_documents": 1,
    "num_chunks": 345046,
    "parsing_time_sec": 0.5629680156707764,
    "embedding_time_sec": 839.1849431991577,
    "insertion_time_sec": 169.8883728981018
  },
  "query_results": [
    {
      "top_k": 1,
      "num_queries": 10,
      "avg_latency_ms": 128.79416942596436,
      "p50_latency_ms": 47.24717140197754,
      "p95_latency_ms": 903.7818908691406,
      "p99_latency_ms": 903.7818908691406,
      "min_latency_ms": 20.45893669128418,
      "max_latency_ms": 903.7818908691406,
      "queries_per_second": 7.764326634171409,
      "avg_similarity": 0.66091389531386,
      "avg_top1_similarity": 0.66091389531386,
      "min_similarity": 0.66091389531386,
      "recall_at_1": 0.0,
      "precision_at_1": 0.0,
      "mrr": 0.0,
      "resource_metrics": {
        "duration": 1.0096971988677979,
        "cpu": {
          "avg": 21.299999999999997,
          "max": 22.8,
          "min": 19.2
        },
        "memory": {
          "avg_mb": 9918.229166666666,
          "max_mb": 10434.53125,
          "min_mb": 9235.65625
        },
        "disk": {
          "read_total_mb": 442.84375,
          "write_total_mb": 217.64453125
        },
        "network": {
          "sent_total_mb": 0.146484375,
          "recv_total_mb": 0.025390625
        }
      }
    },
    {
      "top_k": 3,
      "num_queries": 10,
      "avg_latency_ms": 23.792481422424316,
      "p50_latency_ms": 23.070096969604492,
      "p95_latency_ms": 36.206960678100586,
      "p99_latency_ms": 36.206960678100586,
      "min_latency_ms": 16.914844512939453,
      "max_latency_ms": 36.206960678100586,
      "queries_per_second": 42.030084304594816,
      "avg_similarity": 0.6381453653753935,
      "avg_top1_similarity": 0.66091389531386,
      "min_similarity": 0.617429116898659,
      "recall_at_3": 0.0,
      "precision_at_3": 0.0,
      "mrr": 0.0,
      "resource_metrics": {
        "duration": 0.0,
        "cpu": {
          "avg": 19.7,
          "max": 19.7,
          "min": 19.7
        },
        "memory": {
          "avg_mb": 10564.234375,
          "max_mb": 10564.234375,
          "min_mb": 10564.234375
        },
        "disk": {
          "read_total_mb": 0.0,
          "write_total_mb": 0.0
        },
        "network": {
          "sent_total_mb": 0.0,
          "recv_total_mb": 0.0
        }
      }
    },
    {
      "top_k": 5,
      "num_queries": 10,
      "avg_latency_ms": 25.648188591003418,
      "p50_latency_ms": 24.607181549072266,
      "p95_latency_ms": 36.76009178161621,
      "p99_latency_ms": 36.76009178161621,
      "min_latency_ms": 21.14391326904297,
      "max_latency_ms": 36.76009178161621,
      "queries_per_second": 38.98910819576431,
      "avg_similarity": 0.6227200671583266,
      "avg_top1_similarity": 0.66091389531386,
      "min_similarity": 0.5959627332723414,
      "recall_at_5": 0.0,
      "precision_at_5": 0.0,
      "mrr": 0.0,
      "resource_metrics": {
        "duration": 0.0,
        "cpu": {
          "avg": 20.0,
          "max": 20.0,
          "min": 20.0
        },
        "memory": {
          "avg_mb": 10607.390625,
          "max_mb": 10607.390625,
          "min_mb": 10607.390625
        },
        "disk": {
          "read_total_mb": 0.0,
          "write_total_mb": 0.0
        },
        "network": {
          "sent_total_mb": 0.0,
          "recv_total_mb": 0.0
        }
      }
    },
    {
      "top_k": 10,
      "num_queries": 10,
      "avg_latency_ms": 27.244067192077637,
      "p50_latency_ms": 25.60877799987793,
      "p95_latency_ms": 42.15192794799805,
      "p99_latency_ms": 42.15192794799805,
      "min_latency_ms": 19.052982330322266,
      "max_latency_ms": 42.15192794799805,
      "queries_per_second": 36.70523908745873,
      "avg_similarity": 0.5995994767417046,
      "avg_top1_similarity": 0.66091389531386,
      "min_similarity": 0.5663065761647823,
      "recall_at_10": 0.0,
      "precision_at_10": 0.0,
      "mrr": 0.0,
      "resource_metrics": {
        "duration": 0.0,
        "cpu": {
          "avg": 20.0,
          "max": 20.0,
          "min": 20.0
        },
        "memory": {
          "avg_mb": 10648.90625,
          "max_mb": 10648.90625,
          "min_mb": 10648.90625
        },
        "disk": {
          "read_total_mb": 0.0,
          "write_total_mb": 0.0
        },
        "network": {
          "sent_total_mb": 0.0,
          "recv_total_mb": 0.0
        }
      }
    },
    {
      "top_k": 20,
      "num_queries": 10,
      "avg_latency_ms": 25.86989402770996,
      "p50_latency_ms": 25.192975997924805,
      "p95_latency_ms": 40.42196273803711,
      "p99_latency_ms": 40.42196273803711,
      "min_latency_ms": 18.024921417236328,
      "max_latency_ms": 40.42196273803711,
      "queries_per_second": 38.65497086802413,
      "avg_similarity": 0.5702864828207805,
      "avg_top1_similarity": 0.66091389531386,
      "min_similarity": 0.5274142563858014,
      "recall_at_20": 0.0,
      "precision_at_20": 0.0,
      "mrr": 0.0,
      "resource_metrics": {
        "duration": 0.0,
        "cpu": {
          "avg": 20.4,
          "max": 20.4,
          "min": 20.4
        },
        "memory": {
          "avg_mb": 10586.359375,
          "max_mb": 10586.359375,
          "min_mb": 10586.359375
        },
        "disk": {
          "read_total_mb": 0.0,
          "write_total_mb": 0.0
        },
        "network": {
          "sent_total_mb": 0.0,
          "recv_total_mb": 0.0
        }
      }
    }
  ]
}