{
  "database": "faiss",
  "config": {
    "corpus_path": "Data/test_corpus/documents_large_single",
    "test_cases_path": "Data/test_corpus/test_cases.json",
    "output_dir": "results/faiss_large_corpus_real_embeddings",
    "faiss_config": {
      "index_path": "./vector_stores/faiss_index.index",
      "index_type": "Flat"
    },
    "embedding_model": "sentence-transformers/all-MiniLM-L6-v2",
    "embedding_type": "sentence-transformers",
    "chunk_size": 512,
    "chunk_overlap": 50,
    "chunk_strategy": "fixed",
    "top_k_values": [
      1,
      3,
      5,
      10,
      20
    ],
    "batch_size": 100
  },
  "timestamp": "2025-12-15 16:39:24",
  "ingestion": {
    "total_time_sec": 5249.905298233032,
    "num_documents": 1,
    "num_chunks": 2249072,
    "parsing_time_sec": 3.1484739780426025,
    "embedding_time_sec": 5232.434001207352,
    "insertion_time_sec": 5.054634094238281
  },
  "query_results": [
    {
      "top_k": 1,
      "num_queries": 10,
      "avg_latency_ms": 387.1966600418091,
      "p50_latency_ms": 80.87491989135742,
      "p95_latency_ms": 3152.022123336792,
      "p99_latency_ms": 3152.022123336792,
      "min_latency_ms": 56.636810302734375,
      "max_latency_ms": 3152.022123336792,
      "queries_per_second": 2.582666905990411,
      "avg_similarity": 0.6081104759530154,
      "avg_top1_similarity": 0.6081104759530154,
      "min_similarity": 0.6081104759530154,
      "recall_at_1": 0.0,
      "precision_at_1": 0.0,
      "mrr": 0.0,
      "resource_metrics": {
        "duration": 3.5352091789245605,
        "cpu": {
          "avg": 15.7,
          "max": 29.4,
          "min": 0.0
        },
        "memory": {
          "avg_mb": 8675.79296875,
          "max_mb": 9959.734375,
          "min_mb": 8237.046875
        },
        "disk": {
          "read_total_mb": 1124.99609375,
          "write_total_mb": 29.7265625
        },
        "network": {
          "sent_total_mb": 0.0205078125,
          "recv_total_mb": 0.0146484375
        }
      }
    },
    {
      "top_k": 3,
      "num_queries": 10,
      "avg_latency_ms": 57.474541664123535,
      "p50_latency_ms": 57.121992111206055,
      "p95_latency_ms": 61.563968658447266,
      "p99_latency_ms": 61.563968658447266,
      "min_latency_ms": 55.93705177307129,
      "max_latency_ms": 61.563968658447266,
      "queries_per_second": 17.399007822348846,
      "avg_similarity": 0.5970919434566881,
      "avg_top1_similarity": 0.6081104759530154,
      "min_similarity": 0.5869038129129002,
      "recall_at_3": 0.0,
      "precision_at_3": 0.0,
      "mrr": 0.0,
      "resource_metrics": {
        "duration": 0.505756139755249,
        "cpu": {
          "avg": 13.2,
          "max": 14.0,
          "min": 12.4
        },
        "memory": {
          "avg_mb": 9952.5,
          "max_mb": 9956.1875,
          "min_mb": 9948.8125
        },
        "disk": {
          "read_total_mb": 1.5859375,
          "write_total_mb": 0.00390625
        },
        "network": {
          "sent_total_mb": 0.00390625,
          "recv_total_mb": 0.0029296875
        }
      }
    },
    {
      "top_k": 5,
      "num_queries": 10,
      "avg_latency_ms": 59.19194221496582,
      "p50_latency_ms": 56.948184967041016,
      "p95_latency_ms": 72.36075401306152,
      "p99_latency_ms": 72.36075401306152,
      "min_latency_ms": 55.883169174194336,
      "max_latency_ms": 72.36075401306152,
      "queries_per_second": 16.894191381122894,
      "avg_similarity": 0.589569724902797,
      "avg_top1_similarity": 0.6081104759530154,
      "min_similarity": 0.5767552424979981,
      "recall_at_5": 0.0,
      "precision_at_5": 0.0,
      "mrr": 0.0,
      "resource_metrics": {
        "duration": 0.5057682991027832,
        "cpu": {
          "avg": 12.100000000000001,
          "max": 13.4,
          "min": 10.8
        },
        "memory": {
          "avg_mb": 9935.890625,
          "max_mb": 9936.828125,
          "min_mb": 9934.953125
        },
        "disk": {
          "read_total_mb": 1.0625,
          "write_total_mb": 0.0
        },
        "network": {
          "sent_total_mb": 0.0029296875,
          "recv_total_mb": 0.0048828125
        }
      }
    },
    {
      "top_k": 10,
      "num_queries": 10,
      "avg_latency_ms": 59.77463722229004,
      "p50_latency_ms": 58.76731872558594,
      "p95_latency_ms": 72.9520320892334,
      "p99_latency_ms": 72.9520320892334,
      "min_latency_ms": 55.80902099609375,
      "max_latency_ms": 72.9520320892334,
      "queries_per_second": 16.729503456143078,
      "avg_similarity": 0.5771787789131821,
      "avg_top1_similarity": 0.6081104759530154,
      "min_similarity": 0.5588513399533241,
      "recall_at_10": 0.0,
      "precision_at_10": 0.0,
      "mrr": 0.0,
      "resource_metrics": {
        "duration": 0.5057270526885986,
        "cpu": {
          "avg": 15.75,
          "max": 16.1,
          "min": 15.4
        },
        "memory": {
          "avg_mb": 9911.5703125,
          "max_mb": 9932.421875,
          "min_mb": 9890.71875
        },
        "disk": {
          "read_total_mb": 4.328125,
          "write_total_mb": 0.0
        },
        "network": {
          "sent_total_mb": 0.005859375,
          "recv_total_mb": 0.001953125
        }
      }
    },
    {
      "top_k": 20,
      "num_queries": 10,
      "avg_latency_ms": 58.49487781524658,
      "p50_latency_ms": 56.829214096069336,
      "p95_latency_ms": 75.49214363098145,
      "p99_latency_ms": 75.49214363098145,
      "min_latency_ms": 55.204153060913086,
      "max_latency_ms": 75.49214363098145,
      "queries_per_second": 17.09551395522963,
      "avg_similarity": 0.5616581162708834,
      "avg_top1_similarity": 0.6081104759530154,
      "min_similarity": 0.5375578751597476,
      "recall_at_20": 0.0,
      "precision_at_20": 0.0,
      "mrr": 0.0,
      "resource_metrics": {
        "duration": 0.504885196685791,
        "cpu": {
          "avg": 14.5,
          "max": 16.5,
          "min": 12.5
        },
        "memory": {
          "avg_mb": 9848.484375,
          "max_mb": 9875.78125,
          "min_mb": 9821.1875
        },
        "disk": {
          "read_total_mb": 1.53125,
          "write_total_mb": 0.0
        },
        "network": {
          "sent_total_mb": 0.0029296875,
          "recv_total_mb": 0.0029296875
        }
      }
    }
  ]
}