{
  "database": "weaviate",
  "config": {
    "corpus_path": "Data/test_corpus/documents",
    "test_cases_path": "Data/test_corpus/test_cases.json",
    "output_dir": "results/weaviate_scaling_n10/corpus_baseline/run_4",
    "weaviate_config": {
      "host": "localhost",
      "port": 8082,
      "class_name": "BenchmarkTest"
    },
    "embedding_model": "sentence-transformers/all-MiniLM-L6-v2",
    "embedding_type": "sentence-transformers",
    "chunk_size": 512,
    "chunk_overlap": 50,
    "chunk_strategy": "fixed",
    "top_k_values": [
      1,
      3,
      5,
      10,
      20
    ],
    "batch_size": 100
  },
  "timestamp": "2026-01-10 05:20:58",
  "ingestion": {
    "total_time_sec": 2.0297799110412598,
    "num_documents": 20,
    "num_chunks": 175,
    "parsing_time_sec": 0.00034880638122558594,
    "embedding_time_sec": 0.3271350860595703,
    "insertion_time_sec": 1.2121739387512207
  },
  "query_results": [
    {
      "top_k": 1,
      "num_queries": 10,
      "avg_latency_ms": 25.1847505569458,
      "p50_latency_ms": 26.587247848510742,
      "p95_latency_ms": 60.59122085571289,
      "p99_latency_ms": 60.59122085571289,
      "min_latency_ms": 8.959054946899414,
      "max_latency_ms": 60.59122085571289,
      "queries_per_second": 39.706567581000165,
      "avg_similarity": 0.7316955387592315,
      "avg_top1_similarity": 0.7316955387592315,
      "min_similarity": 0.7316955387592315,
      "recall_at_1": 0.0,
      "precision_at_1": 0.0,
      "mrr": 0.0,
      "resource_metrics": {
        "duration": 0.0,
        "cpu": {
          "avg": 18.3,
          "max": 18.3,
          "min": 18.3
        },
        "memory": {
          "avg_mb": 10270.109375,
          "max_mb": 10270.109375,
          "min_mb": 10270.109375
        },
        "disk": {
          "read_total_mb": 0.0,
          "write_total_mb": 0.0
        },
        "network": {
          "sent_total_mb": 0.0,
          "recv_total_mb": 0.0
        }
      }
    },
    {
      "top_k": 3,
      "num_queries": 10,
      "avg_latency_ms": 8.790373802185059,
      "p50_latency_ms": 8.572816848754883,
      "p95_latency_ms": 10.66899299621582,
      "p99_latency_ms": 10.66899299621582,
      "min_latency_ms": 7.236003875732422,
      "max_latency_ms": 10.66899299621582,
      "queries_per_second": 113.76080500142395,
      "avg_similarity": 0.6881673514842988,
      "avg_top1_similarity": 0.7316955387592315,
      "min_similarity": 0.6527655124664307,
      "recall_at_3": 0.0,
      "precision_at_3": 0.0,
      "mrr": 0.0,
      "resource_metrics": {
        "duration": 0.0,
        "cpu": {
          "avg": 22.2,
          "max": 22.2,
          "min": 22.2
        },
        "memory": {
          "avg_mb": 10641.609375,
          "max_mb": 10641.609375,
          "min_mb": 10641.609375
        },
        "disk": {
          "read_total_mb": 0.0,
          "write_total_mb": 0.0
        },
        "network": {
          "sent_total_mb": 0.0,
          "recv_total_mb": 0.0
        }
      }
    },
    {
      "top_k": 5,
      "num_queries": 10,
      "avg_latency_ms": 10.22961139678955,
      "p50_latency_ms": 9.952068328857422,
      "p95_latency_ms": 15.844106674194336,
      "p99_latency_ms": 15.844106674194336,
      "min_latency_ms": 8.405923843383789,
      "max_latency_ms": 15.844106674194336,
      "queries_per_second": 97.7554240539224,
      "avg_similarity": 0.6663784754276275,
      "avg_top1_similarity": 0.7316955387592315,
      "min_similarity": 0.6243872761726379,
      "recall_at_5": 0.0,
      "precision_at_5": 0.0,
      "mrr": 0.0,
      "resource_metrics": {
        "duration": 0.0,
        "cpu": {
          "avg": 20.1,
          "max": 20.1,
          "min": 20.1
        },
        "memory": {
          "avg_mb": 10656.375,
          "max_mb": 10656.375,
          "min_mb": 10656.375
        },
        "disk": {
          "read_total_mb": 0.0,
          "write_total_mb": 0.0
        },
        "network": {
          "sent_total_mb": 0.0,
          "recv_total_mb": 0.0
        }
      }
    },
    {
      "top_k": 10,
      "num_queries": 10,
      "avg_latency_ms": 10.68112850189209,
      "p50_latency_ms": 10.249137878417969,
      "p95_latency_ms": 15.661239624023438,
      "p99_latency_ms": 15.661239624023438,
      "min_latency_ms": 8.72802734375,
      "max_latency_ms": 15.661239624023438,
      "queries_per_second": 93.62306612291545,
      "avg_similarity": 0.6292959743738173,
      "avg_top1_similarity": 0.7316955387592315,
      "min_similarity": 0.573929762840271,
      "recall_at_10": 0.0,
      "precision_at_10": 0.0,
      "mrr": 0.0,
      "resource_metrics": {
        "duration": 0.0,
        "cpu": {
          "avg": 19.9,
          "max": 19.9,
          "min": 19.9
        },
        "memory": {
          "avg_mb": 10661.921875,
          "max_mb": 10661.921875,
          "min_mb": 10661.921875
        },
        "disk": {
          "read_total_mb": 0.0,
          "write_total_mb": 0.0
        },
        "network": {
          "sent_total_mb": 0.0,
          "recv_total_mb": 0.0
        }
      }
    },
    {
      "top_k": 20,
      "num_queries": 10,
      "avg_latency_ms": 12.307238578796387,
      "p50_latency_ms": 11.912822723388672,
      "p95_latency_ms": 17.561912536621094,
      "p99_latency_ms": 17.561912536621094,
      "min_latency_ms": 10.867118835449219,
      "max_latency_ms": 17.561912536621094,
      "queries_per_second": 81.25299543009243,
      "avg_similarity": 0.5740239518880844,
      "avg_top1_similarity": 0.7316955387592315,
      "min_similarity": 0.49384820461273193,
      "recall_at_20": 0.0,
      "precision_at_20": 0.0,
      "mrr": 0.0,
      "resource_metrics": {
        "duration": 0.0,
        "cpu": {
          "avg": 29.5,
          "max": 29.5,
          "min": 29.5
        },
        "memory": {
          "avg_mb": 11196.4375,
          "max_mb": 11196.4375,
          "min_mb": 11196.4375
        },
        "disk": {
          "read_total_mb": 0.4375,
          "write_total_mb": 0.0
        },
        "network": {
          "sent_total_mb": 0.0,
          "recv_total_mb": 0.0
        }
      }
    }
  ]
}