{
  "database": "pgvector",
  "config": {
    "corpus_path": "Data/test_corpus/documents",
    "test_cases_path": "Data/test_corpus/test_cases.json",
    "output_dir": "results/pgvector_scaling_n10/corpus_baseline/run_9",
    "pgvector_config": {
      "host": "localhost",
      "port": 5433,
      "database": "vectordb",
      "user": "postgres",
      "password": "postgres",
      "table_name": "benchmark_test",
      "index_type": "ivfflat"
    },
    "embedding_model": "sentence-transformers/all-MiniLM-L6-v2",
    "embedding_type": "sentence-transformers",
    "chunk_size": 512,
    "chunk_overlap": 50,
    "chunk_strategy": "fixed",
    "top_k_values": [
      1,
      3,
      5,
      10,
      20
    ],
    "batch_size": 100
  },
  "timestamp": "2026-01-10 10:27:04",
  "ingestion": {
    "total_time_sec": 0.5105891227722168,
    "num_documents": 20,
    "num_chunks": 175,
    "parsing_time_sec": 0.00017309188842773438,
    "embedding_time_sec": 0.2996220588684082,
    "insertion_time_sec": 0.1043860912322998
  },
  "query_results": [
    {
      "top_k": 1,
      "num_queries": 10,
      "avg_latency_ms": 23.604917526245117,
      "p50_latency_ms": 26.729106903076172,
      "p95_latency_ms": 47.07908630371094,
      "p99_latency_ms": 47.07908630371094,
      "min_latency_ms": 6.761074066162109,
      "max_latency_ms": 47.07908630371094,
      "queries_per_second": 42.36405396833734,
      "avg_similarity": 0.7316954973735107,
      "avg_top1_similarity": 0.7316954973735107,
      "min_similarity": 0.7316954973735107,
      "recall_at_1": 0.0,
      "precision_at_1": 0.0,
      "mrr": 0.0,
      "resource_metrics": {
        "duration": 0.0,
        "cpu": {
          "avg": 15.4,
          "max": 15.4,
          "min": 15.4
        },
        "memory": {
          "avg_mb": 12148.96875,
          "max_mb": 12148.96875,
          "min_mb": 12148.96875
        },
        "disk": {
          "read_total_mb": 0.0,
          "write_total_mb": 0.0
        },
        "network": {
          "sent_total_mb": 0.0,
          "recv_total_mb": 0.0
        }
      }
    },
    {
      "top_k": 3,
      "num_queries": 10,
      "avg_latency_ms": 8.466720581054688,
      "p50_latency_ms": 7.919073104858398,
      "p95_latency_ms": 13.164997100830078,
      "p99_latency_ms": 13.164997100830078,
      "min_latency_ms": 6.7768096923828125,
      "max_latency_ms": 13.164997100830078,
      "queries_per_second": 118.1094841180446,
      "avg_similarity": 0.6881673020859458,
      "avg_top1_similarity": 0.7316954973735107,
      "min_similarity": 0.6527654300506451,
      "recall_at_3": 0.0,
      "precision_at_3": 0.0,
      "mrr": 0.0,
      "resource_metrics": {
        "duration": 0.0,
        "cpu": {
          "avg": 15.5,
          "max": 15.5,
          "min": 15.5
        },
        "memory": {
          "avg_mb": 12333.125,
          "max_mb": 12333.125,
          "min_mb": 12333.125
        },
        "disk": {
          "read_total_mb": 0.0,
          "write_total_mb": 0.0
        },
        "network": {
          "sent_total_mb": 0.0,
          "recv_total_mb": 0.0
        }
      }
    },
    {
      "top_k": 5,
      "num_queries": 10,
      "avg_latency_ms": 11.982417106628418,
      "p50_latency_ms": 11.67607307434082,
      "p95_latency_ms": 15.312910079956055,
      "p99_latency_ms": 15.312910079956055,
      "min_latency_ms": 10.418176651000977,
      "max_latency_ms": 15.312910079956055,
      "queries_per_second": 83.4556159330175,
      "avg_similarity": 0.6663784126849246,
      "avg_top1_similarity": 0.7316954973735107,
      "min_similarity": 0.6243872141840345,
      "recall_at_5": 0.0,
      "precision_at_5": 0.0,
      "mrr": 0.0,
      "resource_metrics": {
        "duration": 0.0,
        "cpu": {
          "avg": 11.6,
          "max": 11.6,
          "min": 11.6
        },
        "memory": {
          "avg_mb": 12264.984375,
          "max_mb": 12264.984375,
          "min_mb": 12264.984375
        },
        "disk": {
          "read_total_mb": 0.0,
          "write_total_mb": 0.0
        },
        "network": {
          "sent_total_mb": 0.0,
          "recv_total_mb": 0.0
        }
      }
    },
    {
      "top_k": 10,
      "num_queries": 10,
      "avg_latency_ms": 12.142610549926758,
      "p50_latency_ms": 12.15505599975586,
      "p95_latency_ms": 15.809059143066406,
      "p99_latency_ms": 15.809059143066406,
      "min_latency_ms": 9.622812271118164,
      "max_latency_ms": 15.809059143066406,
      "queries_per_second": 82.35461360539409,
      "avg_similarity": 0.6292959139944945,
      "avg_top1_similarity": 0.7316954973735107,
      "min_similarity": 0.5739297043020959,
      "recall_at_10": 0.0,
      "precision_at_10": 0.0,
      "mrr": 0.0,
      "resource_metrics": {
        "duration": 0.0,
        "cpu": {
          "avg": 11.6,
          "max": 11.6,
          "min": 11.6
        },
        "memory": {
          "avg_mb": 12130.84375,
          "max_mb": 12130.84375,
          "min_mb": 12130.84375
        },
        "disk": {
          "read_total_mb": 0.0,
          "write_total_mb": 0.0
        },
        "network": {
          "sent_total_mb": 0.0,
          "recv_total_mb": 0.0
        }
      }
    },
    {
      "top_k": 20,
      "num_queries": 10,
      "avg_latency_ms": 12.874913215637207,
      "p50_latency_ms": 14.349699020385742,
      "p95_latency_ms": 16.49188995361328,
      "p99_latency_ms": 16.49188995361328,
      "min_latency_ms": 9.890079498291016,
      "max_latency_ms": 16.49188995361328,
      "queries_per_second": 77.6704264526965,
      "avg_similarity": 0.5740238946417549,
      "avg_top1_similarity": 0.7316954973735107,
      "min_similarity": 0.4938481571494914,
      "recall_at_20": 0.0,
      "precision_at_20": 0.0,
      "mrr": 0.0,
      "resource_metrics": {
        "duration": 0.0,
        "cpu": {
          "avg": 10.7,
          "max": 10.7,
          "min": 10.7
        },
        "memory": {
          "avg_mb": 12132.09375,
          "max_mb": 12132.09375,
          "min_mb": 12132.09375
        },
        "disk": {
          "read_total_mb": 0.0,
          "write_total_mb": 0.0
        },
        "network": {
          "sent_total_mb": 0.0,
          "recv_total_mb": 0.0
        }
      }
    }
  ]
}